Country Name,Country Code,Year,GDP_Growth,Inflation,Unemployment,Region
Aruba,ABW,1990,3.96140172360629,5.83668775158165,,Other
Angola,AGO,1990,-3.45009868500235,,,Africa
Albania,ALB,1990,-9.57564016993408,,,Other
Andorra,AND,1990,3.78138754899436,,,Other
United Arab Emirates,ARE,1990,18.327722868088,,,Middle East
Argentina,ARG,1990,-2.46721377810472,,,Americas
Antigua and Barbuda,ATG,1990,3.01181316687232,,,Other
Australia,AUS,1990,3.57297569098456,7.33302368375269,,Oceania
Austria,AUT,1990,4.34564183768971,3.26187231878573,,Europe
Burundi,BDI,1990,3.49982213611253,7.00216956651122,,Other
Belgium,BEL,1990,3.13740221731629,3.44831217961808,,Europe
Benin,BEN,1990,8.9761343599898,,,Other
Burkina Faso,BFA,1990,-0.602928477580988,-0.504303388918912,,Africa
Bangladesh,BGD,1990,5.62225816160344,6.12671846981458,,Asia
Bulgaria,BGR,1990,-9.11737619878788,23.8000000000003,,Other
Bahrain,BHR,1990,4.43799717642609,0.929335437489093,,Middle East
"Bahamas, The",BHS,1990,-1.59624908755521,4.66931912018676,,Other
Belize,BLZ,1990,11.3429425965195,3.05907172995786,,Other
Bermuda,BMU,1990,0.0192122847020073,,,Other
Bolivia,BOL,1990,4.63578742813344,17.1187746048239,,Americas
Brazil,BRA,1990,-4.35000000000022,2947.732772483,,Americas
Barbados,BRB,1990,-3.30759330759331,3.07457271078019,,Other
Brunei Darussalam,BRN,1990,2.64307356617202,2.13866293163795,,Other
Bhutan,BTN,1990,10.3831179126517,10.0118383223406,,Other
Botswana,BWA,1990,6.77282195004784,11.3963461199556,,Other
Central African Republic,CAF,1990,-2.14752806574087,-0.0123304562272102,,Other
Canada,CAN,1990,0.202947848289654,4.78047693336304,,Other
Switzerland,CHE,1990,0.754674850871268,5.40395909218937,,Europe
Chile,CHL,1990,3.59872304691744,26.0364811362364,,Americas
China,CHN,1990,3.9225195692421,3.05229012075233,,Asia
Cote d'Ivoire,CIV,1990,-1.09590841238308,-0.80587969827806,,Africa
Cameroon,CMR,1990,-6.10569764600656,1.09938128383608,,Africa
"Congo, Dem. Rep.",COD,1990,-6.56831069464245,81.295404814004,,Other
"Congo, Rep.",COG,1990,1.00000356627487,2.88905374216947,,Other
Colombia,COL,1990,4.28199833053058,29.1520245976215,,Americas
Comoros,COM,1990,7.33881096130857,,,Other
Cabo Verde,CPV,1990,0.692171874476983,10.6535057862491,,Other
Costa Rica,CRI,1990,3.55306336572279,19.0397526635649,,Americas
Cuba,CUB,1990,-2.94856494503389,,,Americas
Cyprus,CYP,1990,7.40399951139527,4.5020546289584,,Other
Germany,DEU,1990,5.25500610110028,2.69646824292392,,Europe
Dominica,DMA,1990,5.41798351146888,3.19092323226821,,Other
Denmark,DNK,1990,1.66026774169177,2.64160306382001,,Europe
Dominican Republic,DOM,1990,-5.45431239511254,50.4624792378524,,Americas
Algeria,DZA,1990,0.800000580174981,16.6525343885432,,Africa
Ecuador,ECU,1990,3.67991405308877,48.5191129963729,,Americas
"Egypt, Arab Rep.",EGY,1990,5.66702915715818,16.7563747077691,,Africa
Spain,ESP,1990,3.7813935513235,6.72181952228664,,Europe
Ethiopia,ETH,1990,2.72645178272684,5.15248124174767,,Africa
Finland,FIN,1990,0.691649917806032,6.14956531179858,,Europe
Fiji,FJI,1990,5.8000027238601,8.1913713204097,,Oceania
France,FRA,1990,2.82962715326478,3.19428338029482,,Europe
"Micronesia, Fed. Sts.",FSM,1990,3.74092685650469,,,Oceania
Gabon,GAB,1990,5.19223727652398,7.72532188841208,,Other
United Kingdom,GBR,1990,0.779266119883417,8.06346090938833,,Europe
Georgia,GEO,1990,-14.788785046729,,,Other
Ghana,GHA,1990,3.32881788321653,37.2590664855671,,Africa
Guinea,GIN,1990,4.3240627548313,,,Africa
"Gambia, The",GMB,1990,3.55887936756983,12.1677841130696,,Other
Guinea-Bissau,GNB,1990,6.09999998628119,33.0019778318026,,Other
Equatorial Guinea,GNQ,1990,-1.75856408496443,0.857871551124735,,Other
Greece,GRC,1990,0.0,20.433499109463,,Europe
Grenada,GRD,1990,4.01261191599704,2.72423736530525,,Other
Greenland,GRL,1990,-11.7195329863483,,,Other
Guatemala,GTM,1990,3.10256317557587,41.2218671380973,,Americas
Guyana,GUY,1990,-3.06748466406728,,,Other
"Hong Kong SAR, China",HKG,1990,3.83055083915474,10.4265402843602,,Other
Honduras,HND,1990,21.1713674322465,23.3225664366467,,Americas
Croatia,HRV,1990,,500.0,,Other
Haiti,HTI,1990,1.03812280198248,21.2760320067832,,Other
Hungary,HUN,1990,-3.49665976104178,28.3695996532777,,Europe
Indonesia,IDN,1990,7.24213163856464,7.81919756505635,,Asia
Isle of Man,IMN,1990,4.1869768973626,,,Other
India,IND,1990,5.53345456306495,8.97123250273255,,Asia
Ireland,IRL,1990,8.46652776398362,3.31732886680118,,Other
"Iran, Islamic Rep.",IRN,1990,13.594926443584,7.62767493763934,,Middle East
Iraq,IRQ,1990,57.8178283456035,,,Middle East
Iceland,ISL,1990,1.16937035968014,15.510721994253,,Other
Israel,ISR,1990,7.3151991296676,17.2553348050036,,Middle East
Italy,ITA,1990,1.98577491758405,6.456609061464,,Europe
Jamaica,JAM,1990,4.2005351147029,21.9601751165083,,Other
Jordan,JOR,1990,-0.275903907591626,16.1921375615233,,Middle East
Japan,JPN,1990,4.89271306574565,3.0785162869516,,Asia
Kenya,KEN,1990,4.19205097155167,17.78181442992,,Africa
Kyrgyz Republic,KGZ,1990,5.70279663301396,,,Other
Cambodia,KHM,1990,1.16231184838939,,,Asia
Kiribati,KIR,1990,-6.38533433567764,,,Oceania
St. Kitts and Nevis,KNA,1990,4.87725151603959,4.01098407755617,,Other
"Korea, Rep.",KOR,1990,10.0248996213899,8.57327225728677,,Asia
Kuwait,KWT,1990,-26.2288925207873,9.83363531543402,,Middle East
Lao PDR,LAO,1990,6.70457869081514,35.642982971227,,Other
Lebanon,LBN,1990,26.5331600932491,,,Middle East
Liberia,LBR,1990,-51.0308649467486,,,Other
Libya,LBY,1990,3.72013163404128,8.4514624080388,,Other
St. Lucia,LCA,1990,9.89070151995526,4.26755662855972,,Other
Liechtenstein,LIE,1990,2.25287099550282,,,Other
Sri Lanka,LKA,1990,6.39999531084838,21.495252052759,,Asia
Lesotho,LSO,1990,6.04547332978933,11.6347569955818,,Other
Luxembourg,LUX,1990,5.31993003333675,3.25376659083644,,Other
"Macao SAR, China",MAC,1990,7.97943699762126,7.96969384363221,,Other
Morocco,MAR,1990,3.41181222630115,6.78259401511006,,Africa
Monaco,MCO,1990,2.64345417053957,,,Other
Madagascar,MDG,1990,3.12890505042525,11.7844838321357,,Africa
Maldives,MDV,1990,16.9522974545621,3.64991197717477,,Other
Mexico,MEX,1990,5.25004329944582,26.6516725646771,,Americas
Marshall Islands,MHL,1990,2.67624654001773,,,Other
Mali,MLI,1990,-5.28752137337739,0.606339703737523,,Africa
Malta,MLT,1990,6.29139095831148,2.9834058606356,,Other
Myanmar,MMR,1990,2.81693327328911,17.6267750314504,,Asia
Mongolia,MNG,1990,-3.18446017825207,,,Asia
Mozambique,MOZ,1990,0.999992834277037,,,Africa
Mauritania,MRT,1990,-1.77130453327381,6.60022564874018,,Other
Mauritius,MUS,1990,7.18673677096,13.4880887926371,,Other
Malawi,MWI,1990,5.69229463403222,11.8235380454151,,Other
Malaysia,MYS,1990,9.00852713774628,2.61780104712051,,Asia
Namibia,NAM,1990,2.04745993989432,,,Other
New Caledonia,NCL,1990,3.6000012717432,,,Other
Niger,NER,1990,-1.30847828481959,-0.775653010977504,,Africa
Nigeria,NGA,1990,11.7768859342067,7.36440030557697,,Africa
Nicaragua,NIC,1990,-0.0524997212688305,,,Americas
Netherlands,NLD,1990,4.18322289611109,2.45408985919675,,Europe
Norway,NOR,1990,1.95899042256056,4.1310334831135,,Europe
Nepal,NPL,1990,4.63503634698831,8.23970037453206,,Asia
Naoero,NRU,1990,-2.81674699951282,,,Other
New Zealand,NZL,1990,0.136887537634095,6.09844414810204,,Oceania
Oman,OMN,1990,-0.130425738129333,,,Middle East
Pakistan,PAK,1990,4.45858681510218,9.05213155279776,,Asia
Panama,PAN,1990,8.09899300573224,0.76948535495601,,Americas
Peru,PER,1990,-4.98256353646605,7481.66361124526,,Americas
Philippines,PHL,1990,3.08267252855887,12.1773522064946,,Asia
Palau,PLW,1990,5.43650669451759,,,Other
Papua New Guinea,PNG,1990,-3.01216922181256,6.9533615990307,,Oceania
Poland,POL,1990,,567.878800666191,,Europe
Puerto Rico (US),PRI,1990,-2.84054072711358,,,Other
Portugal,PRT,1990,3.95052317228428,13.6305705693074,,Europe
Paraguay,PRY,1990,4.12328287941739,37.2599561799201,,Americas
French Polynesia,PYF,1990,0.129883207294256,,,Other
Qatar,QAT,1990,3.41446208112872,3.0009680542111,,Middle East
Russian Federation,RUS,1990,-2.99999564243126,,,Other
Rwanda,RWA,1990,-2.39929109760368,4.18576372649948,,Africa
Saudi Arabia,SAU,1990,9.4260985412794,2.07715133531156,,Middle East
Sudan,SDN,1990,-5.47005377383857,65.1580979966203,,Other
Senegal,SEN,1990,-0.746282224252312,0.325098630183258,,Africa
Singapore,SGP,1990,9.82089955731777,3.46075338652824,,Other
Solomon Islands,SLB,1990,2.19999999881691,8.73759261848181,,Oceania
Sierra Leone,SLE,1990,3.34999799346166,,,Other
El Salvador,SLV,1990,4.83290057793786,23.9991651130861,,Americas
"Somalia, Fed. Rep.",SOM,1990,2.32693048576063,,,Other
Sao Tome and Principe,STP,1990,-2.1526457716534,,,Other
Suriname,SUR,1990,-4.49999999759301,21.7399443397526,,Other
Slovenia,SVN,1990,,552.083528914324,,Other
Sweden,SWE,1990,0.754674765275468,10.3665533879493,,Europe
Eswatini,SWZ,1990,21.0180005361393,13.0922899124981,,Other
Seychelles,SYC,1990,7.45476632743625,3.88888888888912,,Other
Syrian Arab Republic,SYR,1990,3.73955590233751,19.3968672229543,,Middle East
Chad,TCD,1990,-4.17847237277633,-0.738282265310918,,Other
Togo,TGO,1990,-0.243656134474705,1.01534150530809,,Other
Thailand,THA,1990,11.1671634446293,5.8639947437583,,Asia
Tajikistan,TJK,1990,-0.59999963133663,,,Asia
Turkmenistan,TKM,1990,35.3845581084463,,,Other
Tonga,TON,1990,-2.0440915137989,9.70986384562655,,Oceania
Trinidad and Tobago,TTO,1990,1.50916784295177,11.0644257703083,,Other
Tunisia,TUN,1990,7.94981943665461,6.54529307282414,,Other
Turkiye,TUR,1990,9.26614667149315,60.3038691346447,,Other
Tuvalu,TUV,1990,15.3759984812797,,,Other
Tanzania,TZA,1990,7.04507164205259,35.8267716535433,,Africa
Uganda,UGA,1990,6.47414015255596,,,Other
Ukraine,UKR,1990,-6.34523512831163,,,Europe
Uruguay,URY,1990,0.297348378681562,112.525905573023,,Americas
United States,USA,1990,1.88596557755378,5.39795643990325,,Americas
Uzbekistan,UZB,1990,1.60000000583709,,,Asia
St. Vincent and the Grenadines,VCT,1990,4.14918678513905,7.60609957743892,,Other
"Venezuela, RB",VEN,1990,6.70926517571885,,,Americas
Viet Nam,VNM,1990,5.10091813908369,,,Asia
Vanuatu,VUT,1990,11.6956997985937,4.7594412829797,,Oceania
Samoa,WSM,1990,-4.42145088411849,15.2384632724695,,Oceania
South Africa,ZAF,1990,-0.317760426540374,14.3209918914915,,Africa
Zambia,ZMB,1990,-0.481072027781664,107.023809523808,,Other
Zimbabwe,ZWE,1990,6.98855293279334,,,Other
Aruba,ABW,1991,7.96287173232642,5.55555555555579,,Other
Afghanistan,AFG,1991,,,7.972,Asia
Angola,AGO,1991,0.991359301045193,83.7837837837838,16.816,Africa
Albania,ALB,1991,-28.0021416538074,,10.304,Other
Andorra,AND,1991,2.54600353080194,,,Other
United Arab Emirates,ARE,1991,0.860104327799661,,1.629,Middle East
Argentina,ARG,1991,9.13311056738961,,5.44,Americas
Armenia,ARM,1991,-11.699998482027,,1.774,Other
Antigua and Barbuda,ATG,1991,2.17685217398964,,,Other
Australia,AUS,1991,-0.384631357046658,3.17666872277308,9.586,Oceania
Austria,AUT,1991,3.44162748808654,3.33742703474792,3.42,Europe
Azerbaijan,AZE,1991,-0.700000175699572,,0.9,Other
Burundi,BDI,1991,4.99683644792125,8.99693873494331,3.147,Other
Belgium,BEL,1991,1.83307441343001,3.2153106926081,6.984,Europe
Benin,BEN,1991,4.22579942071668,,1.637,Other
Burkina Faso,BFA,1991,9.06998445877436,2.16260052713423,2.467,Africa
Bangladesh,BGD,1991,3.48522781598027,6.35736412278234,2.2,Asia
Bulgaria,BGR,1991,-8.44535563764769,338.449111470112,11.1,Other
Bahrain,BHR,1991,11.2299982766857,0.764419735927609,1.047,Middle East
"Bahamas, The",BHS,1991,-4.18178502345002,7.11468120203628,12.17,Other
Bosnia and Herzegovina,BIH,1991,-9.34802540730465,,17.55,Other
Belarus,BLR,1991,-1.1999957451749,,0.6,Other
Belize,BLZ,1991,11.7787032699319,0.76195150080688,9.647,Other
Bermuda,BMU,1991,-3.53438209429358,,,Other
Bolivia,BOL,1991,5.26652663501228,21.4470698171141,2.935,Americas
Brazil,BRA,1991,1.03218958549303,432.786661926461,6.887,Americas
Barbados,BRB,1991,-3.89990721506513,6.25752663270023,22.41,Other
Brunei Darussalam,BRN,1991,2.91065603669382,1.6,4.7,Other
Bhutan,BTN,1991,-0.407875722553669,12.2751729438893,1.381,Other
Botswana,BWA,1991,7.45870921940397,11.7650160839535,13.82,Other
Central African Republic,CAF,1991,-0.552543005101867,-2.76236280675762,5.697,Other
Canada,CAN,1991,-2.09105516498515,5.62586408593005,10.316,Other
Switzerland,CHE,1991,-1.14597481735849,5.85959663468677,1.818,Europe
Channel Islands,CHI,1991,,,5.679,Other
Chile,CHL,1991,7.75620189312957,21.7844124277757,5.23,Americas
China,CHN,1991,9.37563237902144,3.55668565220452,2.37,Asia
Cote d'Ivoire,CIV,1991,0.0409251717252914,1.6833484986348,6.595,Africa
Cameroon,CMR,1991,-3.80859937279318,0.0600513305003455,8.986,Africa
"Congo, Dem. Rep.",COD,1991,-8.42105149945634,2154.43682711341,3.272,Other
"Congo, Rep.",COG,1991,2.39536745255616,-1.67834968956537,19.911,Other
Colombia,COL,1991,2.00160759559029,30.3878204854436,10.12,Americas
Comoros,COM,1991,-6.16697445150861,,4.795,Other
Cabo Verde,CPV,1991,1.40414698106899,9.55090741310361,13.527,Other
Costa Rica,CRI,1991,2.26565496296189,28.7092913706618,5.37,Americas
Cuba,CUB,1991,-10.6926971084884,,8.306,Americas
Cyprus,CYP,1991,0.739501434263062,5.03527438848104,3.0,Other
Czechia,CZE,1991,-11.6149423646776,,2.27,Europe
Germany,DEU,1991,5.10826150190911,4.04703259753466,5.316,Europe
Djibouti,DJI,1991,,,26.118,Other
Dominica,DMA,1991,1.3477691598669,5.55706153429132,,Other
Denmark,DNK,1991,1.45818005306188,2.39515331724416,9.099,Europe
Dominican Republic,DOM,1991,0.944138889056532,47.079157410536,6.863,Americas
Algeria,DZA,1991,-1.2000005864423,25.8863869348514,20.6,Africa
Ecuador,ECU,1991,4.29134246404705,48.718080675219,4.371,Americas
"Egypt, Arab Rep.",EGY,1991,1.12540459520747,19.7485448195578,9.38,Africa
Eritrea,ERI,1991,,,5.129,Other
Spain,ESP,1991,2.54600049647455,5.9342134433593,15.929,Europe
Estonia,EST,1991,-7.99984543758373,,1.468,Other
Ethiopia,ETH,1991,-7.13747971659305,35.7225982298715,3.284,Africa
Finland,FIN,1991,-5.88059618513641,4.31021289843461,6.503,Europe
Fiji,FJI,1991,-2.70000339719263,6.49734555984547,4.618,Oceania
France,FRA,1991,1.23666248297356,3.21340732409677,9.134,Europe
"Micronesia, Fed. Sts.",FSM,1991,7.42731893786137,,,Oceania
Gabon,GAB,1991,6.11250348301178,-11.6861126920888,17.224,Other
United Kingdom,GBR,1991,-1.29243974751705,7.46178295746934,8.55,Europe
Georgia,GEO,1991,-21.0998508379398,,2.7,Other
Ghana,GHA,1991,5.28182639834429,18.0314390089849,3.489,Africa
Guinea,GIN,1991,2.61342300409642,,4.56,Africa
"Gambia, The",GMB,1991,3.10703922385581,8.64234325973438,9.778,Other
Guinea-Bissau,GNB,1991,5.10000003451967,57.5952847505664,3.009,Other
Equatorial Guinea,GNQ,1991,-1.02223887710288,-3.42528735632201,6.677,Other
Greece,GRC,1991,3.09999970633838,19.4558456445745,7.572,Europe
Grenada,GRD,1991,1.38554578702994,2.64460367880678,,Other
Greenland,GRL,1991,-0.113464594236802,,,Other
Guatemala,GTM,1991,3.65824875006811,33.1664219167535,2.197,Americas
Guam,GUM,1991,,,3.509,Other
Guyana,GUY,1991,6.05786618530573,,12.092,Other
"Hong Kong SAR, China",HKG,1991,5.70193577048867,11.1587982832617,1.8,Other
Honduras,HND,1991,26.0469005554795,33.9722602535864,4.58,Americas
Croatia,HRV,1991,-21.0886706590035,122.222222222222,11.14,Other
Haiti,HTI,1991,1.88054472396281,15.4199073669492,7.329,Other
Hungary,HUN,1991,-11.8920408609388,34.8175429072704,8.5,Europe
Indonesia,IDN,1991,6.91198283591309,9.41906784347004,2.617,Asia
Isle of Man,IMN,1991,1.60499284257345,,,Other
India,IND,1991,1.05683143296179,13.8702461773683,7.641,Asia
Ireland,IRL,1991,1.9296401741083,3.21081037142378,15.771,Other
"Iran, Islamic Rep.",IRN,1991,12.7161484424098,17.1285679434012,11.1,Middle East
Iraq,IRQ,1991,-64.047106973488,180.952380952381,8.639,Middle East
Iceland,ISL,1991,-0.223525498840075,6.80877887943631,2.548,Other
Israel,ISR,1991,7.72611507495277,19.1088798242862,13.387,Middle East
Italy,ITA,1991,1.53844759206665,6.24999929790291,10.097,Europe
Jamaica,JAM,1991,4.83823875455573,51.0710977304313,6.233,Other
Jordan,JOR,1991,1.60853107260195,8.15549597855212,21.439,Middle East
Japan,JPN,1991,3.41749676183089,3.25143848753308,2.059,Asia
Kazakhstan,KAZ,1991,-11.0000000016926,,0.9,Asia
Kenya,KEN,1991,1.43834679171559,20.0844955754632,2.78,Africa
Kyrgyz Republic,KGZ,1991,-7.94392523772915,,1.0,Other
Cambodia,KHM,1991,7.59129793854025,,0.768,Asia
Kiribati,KIR,1991,-5.64868397369625,,,Oceania
St. Kitts and Nevis,KNA,1991,-1.86468912891613,4.3237394435542,,Other
"Korea, Rep.",KOR,1991,10.8749739277708,9.33279048161495,2.407,Asia
Kuwait,KWT,1991,-41.007790668086,9.05818836232758,0.884,Middle East
Lao PDR,LAO,1991,4.29656364110154,13.4415584415586,2.497,Other
Lebanon,LBN,1991,49.4473791849141,,8.594,Middle East
Liberia,LBR,1991,-14.2252140499536,,2.735,Other
Libya,LBY,1991,15.6551316776498,11.8960953011251,18.601,Other
St. Lucia,LCA,1991,0.375678035079076,6.14955053119049,16.521,Other
Liechtenstein,LIE,1991,1.80117005853981,,,Other
Sri Lanka,LKA,1991,4.59998724404535,12.1856307214389,14.661,Asia
Lesotho,LSO,1991,6.96660729603671,17.6781002638523,15.495,Other
Lithuania,LTU,1991,-5.6756642731925,,1.1,Other
Luxembourg,LUX,1991,8.64419104734844,3.11835659874854,1.482,Other
Latvia,LVA,1991,-12.5952222309891,,2.7,Other
"Macao SAR, China",MAC,1991,3.65938964930415,9.5688776593484,3.01,Other
Morocco,MAR,1991,7.21608815359085,7.98616600790512,13.502,Africa
Monaco,MCO,1991,1.01512911296157,,,Other
Moldova,MDA,1991,-16.0000002715149,,1.9,Other
Madagascar,MDG,1991,-6.30635159237733,8.59264760490192,6.169,Africa
Maldives,MDV,1991,1.44269605394094,14.7136770282735,0.788,Other
Mexico,MEX,1991,3.97590497138043,22.662359455061,3.145,Americas
Marshall Islands,MHL,1991,0.0877993120756031,,,Other
North Macedonia,MKD,1991,-6.17076764806545,,24.5,Other
Mali,MLI,1991,12.6572078863462,1.80042722001858,1.399,Africa
Malta,MLT,1991,6.25649385366269,2.54219284786975,6.335,Other
Myanmar,MMR,1991,-0.650616908622624,32.2720382866416,0.828,Asia
Montenegro,MNE,1991,,,30.118,Other
Mongolia,MNG,1991,-8.69354473126558,,5.665,Asia
Mozambique,MOZ,1991,4.92545125368862,,2.838,Africa
Mauritania,MRT,1991,1.78808726312202,5.62866666666699,9.971,Other
Mauritius,MUS,1991,4.43544626177224,7.00101377541879,9.493,Other
Malawi,MWI,1991,8.73023176233838,12.6153153828849,4.9,Other
Malaysia,MYS,1991,9.54546741443052,4.358333333333,3.7,Asia
Namibia,NAM,1991,8.16561250262779,,19.14,Other
New Caledonia,NCL,1991,4.90002814384245,,18.124,Other
Niger,NER,1991,-0.43948910045782,-7.79664179104467,1.588,Africa
Nigeria,NGA,1991,0.358352601622002,13.0069731037427,3.831,Africa
Nicaragua,NIC,1991,-0.189281493926757,,7.909,Americas
Netherlands,NLD,1991,2.4391343395225,3.15819751859096,7.285,Europe
Norway,NOR,1991,2.85865596855008,3.43819599109134,5.407,Europe
Nepal,NPL,1991,6.3681503973968,15.5574529276949,10.465,Asia
Naoero,NRU,1991,-18.9938039627089,,,Other
New Zealand,NZL,1991,-1.07586748814022,2.60239285999773,10.614,Oceania
Oman,OMN,1991,6.07407790816865,,4.056,Middle East
Pakistan,PAK,1991,5.06156775897861,11.7912703351416,0.596,Asia
Panama,PAN,1991,9.41900604873607,1.25626077674687,6.443,Americas
Peru,PER,1991,2.2192591027909,409.530166622023,4.926,Americas
Philippines,PHL,1991,-0.436390080533428,19.2614585266282,3.727,Asia
Palau,PLW,1991,4.90523480875686,,,Other
Papua New Guinea,PNG,1991,9.54689771039914,6.96568127760753,2.793,Oceania
Poland,POL,1991,-7.01557879301123,76.7694992087347,13.621,Europe
Puerto Rico (US),PRI,1991,2.30439118770069,,16.18,Other
"Korea, Dem. People's Rep.",PRK,1991,,,2.845,Other
Portugal,PRT,1991,4.36820616663232,11.8494841773674,3.919,Europe
Paraguay,PRY,1991,3.49365015491472,24.2253521126763,5.1,Americas
West Bank and Gaza,PSE,1991,,,10.666,Other
French Polynesia,PYF,1991,3.65552681908341,,11.591,Other
Qatar,QAT,1991,-1.66223257584981,4.41729323308255,0.87,Middle East
Romania,ROU,1991,-12.9182107298211,230.622494900178,8.23,Europe
Russian Federation,RUS,1991,-5.04693945142462,,5.11,Other
Rwanda,RWA,1991,-2.51437965434005,19.6371658148373,12.335,Africa
Saudi Arabia,SAU,1991,8.22077074524385,4.86111111111137,7.316,Middle East
Sudan,SDN,1991,7.51091035393294,123.578126902936,15.619,Other
Senegal,SEN,1991,2.65996265739379,-1.75355690199309,2.861,Africa
Singapore,SGP,1991,6.68839753958379,3.42570173078643,2.18,Other
Solomon Islands,SLB,1991,6.00000238324935,15.050130775937,1.967,Oceania
Sierra Leone,SLE,1991,2.35196132919053,,4.135,Other
El Salvador,SLV,1991,1.49408756791307,14.4026748806266,7.53,Americas
"Somalia, Fed. Rep.",SOM,1991,2.95057084433306,,19.003,Other
Serbia,SRB,1991,,,13.371,Other
South Sudan,SSD,1991,,,12.334,Other
Sao Tome and Principe,STP,1991,1.2010046399312,,14.493,Other
Suriname,SUR,1991,2.69999913539954,25.9674625060223,17.189,Other
Slovak Republic,SVK,1991,-14.5738026728363,,12.1,Other
Slovenia,SVN,1991,-8.90010739121053,114.832935589747,7.08,Other
Sweden,SWE,1991,-1.14597485051154,9.44462732944189,3.243,Europe
Eswatini,SWZ,1991,1.76037682932704,8.93430656934288,20.521,Other
Seychelles,SYC,1991,2.76042625999888,1.98675496688734,,Other
Syrian Arab Republic,SYR,1991,7.66646818712442,9.00000000000003,6.75,Middle East
Chad,TCD,1991,8.53513716635477,3.19387473029496,0.668,Other
Togo,TGO,1991,-0.699967495023117,0.387081797870757,4.057,Other
Thailand,THA,1991,8.5582603212423,5.70985259891396,2.63,Asia
Tajikistan,TJK,1991,-7.09999909622525,,1.823,Asia
Turkmenistan,TKM,1991,-4.60526320431288,,1.4,Other
Timor-Leste,TLS,1991,10.7142805140818,,3.453,Other
Tonga,TON,1991,6.4149535652702,10.5954493994793,1.348,Oceania
Trinidad and Tobago,TTO,1991,3.11240786575588,3.78310214375795,18.52,Other
Tunisia,TUN,1991,3.90454530313198,8.19371509544085,15.935,Other
Turkiye,TUR,1991,0.720279039109613,65.978567991895,8.21,Other
Tuvalu,TUV,1991,3.60918285728256,,,Other
Tanzania,TZA,1991,2.07198821361914,28.695652173913,3.6,Africa
Uganda,UGA,1991,5.55409549507921,,3.448,Other
Ukraine,UKR,1991,-8.6999999997216,,1.9,Europe
Uruguay,URY,1991,3.53880850451309,101.971683202507,8.95,Americas
United States,USA,1991,-0.108312873733027,4.23496396453849,6.8,Americas
Uzbekistan,UZB,1991,-0.492000005163135,,1.9,Asia
St. Vincent and the Grenadines,VCT,1991,1.13557520041245,5.49200387001333,19.77,Other
"Venezuela, RB",VEN,1991,9.5808383233533,,9.45,Americas
Virgin Islands (U.S.),VIR,1991,,,10.917,Other
Viet Nam,VNM,1991,5.96084393218912,,2.14,Asia
Vanuatu,VUT,1991,3.1476384802759,6.46913580246914,7.976,Oceania
Samoa,WSM,1991,-2.30001238645001,-1.81919798798399,2.1,Oceania
"Yemen, Rep.",YEM,1991,6.29349385992927,36.0,8.428,Middle East
South Africa,ZAF,1991,-1.0182449675445,15.3347785733672,23.137,Africa
Zambia,ZMB,1991,-0.0361333838823299,97.6423231742383,18.9,Other
Zimbabwe,ZWE,1991,5.53179037448064,,4.793,Other
Aruba,ABW,1992,5.88235395341866,3.87337536996479,,Other
Afghanistan,AFG,1992,,,7.958,Asia
Angola,AGO,1992,-5.83828073148828,299.509803921569,16.959,Africa
Albania,ALB,1992,-7.18711090964234,226.005421253526,30.007,Other
Andorra,AND,1992,0.929214040125956,,,Other
United Arab Emirates,ARE,1992,3.34528166209122,,1.715,Middle East
Argentina,ARG,1992,7.93729155643076,,6.36,Americas
Armenia,ARM,1992,-41.8000027457562,,1.8,Other
Antigua and Barbuda,ATG,1992,1.15855077710827,,,Other
Australia,AUS,1992,0.433065864126704,1.01222824105977,10.733,Oceania
Austria,AUT,1992,2.0935244262602,4.02084780038554,3.59,Europe
Azerbaijan,AZE,1992,-22.6000003264444,-10.6300971576201,1.8,Other
Burundi,BDI,1992,1.00999837099629,1.82333333333308,3.131,Other
Belgium,BEL,1992,1.53065475142162,2.42795567164615,6.702,Europe
Benin,BEN,1992,2.95771082720395,,1.51,Other
Burkina Faso,BFA,1992,0.232710761845951,-1.99113580736894,2.505,Africa
Bangladesh,BGD,1992,5.44268554966725,3.63407691798491,2.233,Asia
Bulgaria,BGR,1992,-7.27238740564677,91.2979327269304,15.3,Other
Bahrain,BHR,1992,6.68999812735618,-0.172413793103312,0.968,Middle East
"Bahamas, The",BHS,1992,-3.82558229706301,5.73819886173447,14.81,Other
Bosnia and Herzegovina,BIH,1992,-6.43690762214798,,18.477,Other
Belarus,BLR,1992,-9.60000108728426,,3.1,Other
Belize,BLZ,1992,12.7362233602929,2.39670073025188,9.654,Other
Bermuda,BMU,1992,-0.0597382143839553,,,Other
Bolivia,BOL,1992,1.64649821845634,12.060323601829,3.03,Americas
Brazil,BRA,1992,-0.54407204977727,951.962053052818,7.086,Americas
Barbados,BRB,1992,-5.69252080356588,6.09389302994638,22.94,Other
Brunei Darussalam,BRN,1992,-3.12061882634288,1.27952755905515,4.791,Other
Bhutan,BTN,1992,4.60089124887257,15.975217361539,1.391,Other
Botswana,BWA,1992,2.91707018751026,16.1676123963339,16.33,Other
Central African Republic,CAF,1992,-6.42407819946331,-1.03360811667777,5.825,Other
Canada,CAN,1992,0.890466243956382,1.49013290374545,11.197,Other
Switzerland,CHE,1992,-1.15859267203984,4.0370302077874,2.344,Europe
Channel Islands,CHI,1992,,,6.121,Other
Chile,CHL,1992,11.5019314370192,15.4258064688928,4.35,Americas
China,CHN,1992,14.2976226152779,6.35398134024869,2.37,Asia
Cote d'Ivoire,CIV,1992,-0.244560610691636,4.23138382869968,6.7,Africa
Cameroon,CMR,1992,-3.10000321081914,-0.0160550458717418,9.055,Africa
"Congo, Dem. Rep.",COD,1992,-10.5000085643684,4129.16985661558,3.372,Other
"Congo, Rep.",COG,1992,2.61194805533871,-3.93546810070881,19.916,Other
Colombia,COL,1992,4.04492943933556,27.0106266231361,9.44,Americas
Comoros,COM,1992,7.35801529393501,,4.528,Other
Cabo Verde,CPV,1992,10.9376469895221,3.11666432682861,13.428,Other
Costa Rica,CRI,1992,9.20110358278828,21.791168790061,3.93,Americas
Cuba,CUB,1992,-11.5806030812698,,8.779,Americas
Cyprus,CYP,1992,9.39999830664647,6.51021953065819,2.09,Other
Czechia,CZE,1992,-0.506542343116848,11.086500072223,2.6,Europe
Germany,DEU,1992,2.01361340926105,5.05697796731731,6.323,Europe
Djibouti,DJI,1992,,,26.457,Other
Dominica,DMA,1992,2.02941338180298,5.47182559344178,,Other
Denmark,DNK,1992,2.0228112415746,2.09604442933214,9.027,Europe
Dominican Republic,DOM,1992,11.2374641300752,4.25902638893392,6.669,Americas
Algeria,DZA,1992,1.80000230253509,31.6696619117149,24.38,Africa
Ecuador,ECU,1992,2.11431064978969,54.6078215093597,4.333,Americas
"Egypt, Arab Rep.",EGY,1992,4.47285918408184,13.6374241717218,8.92,Africa
Eritrea,ERI,1992,,,5.297,Other
Spain,ESP,1992,0.929215482921151,5.92453126228488,17.697,Europe
Estonia,EST,1992,-21.1686553650031,,3.681,Other
Ethiopia,ETH,1992,-8.6724801143672,10.5274440119592,3.416,Africa
Finland,FIN,1992,-3.31137361706595,2.91932319285019,11.595,Europe
Fiji,FJI,1992,6.10000158039144,4.88302271568615,4.64,Oceania
France,FRA,1992,1.5160611169627,2.36376046269356,10.203,Europe
"Micronesia, Fed. Sts.",FSM,1992,4.00806037298169,,,Oceania
Gabon,GAB,1992,-3.09014565154393,-9.54291330336575,17.716,Other
United Kingdom,GBR,1992,1.29472849604493,4.59154929577461,9.772,Europe
Georgia,GEO,1992,-44.899774806083,,5.4,Other
Ghana,GHA,1992,3.87941908037517,10.0561167448841,4.7,Africa
Guinea,GIN,1992,3.2709473025656,,4.58,Africa
"Gambia, The",GMB,1992,3.37868879121812,9.48654250617163,9.888,Other
Guinea-Bissau,GNB,1992,1.09999996776526,69.5836363993793,3.083,Other
Equatorial Guinea,GNQ,1992,34.7453200290652,-4.27874315639129,6.878,Other
Greece,GRC,1992,0.700000337119789,15.8770737923919,8.927,Europe
Grenada,GRD,1992,-0.851148756391396,3.77833753148618,,Other
Greenland,GRL,1992,-5.1117000323197,,,Other
Guatemala,GTM,1992,4.83833884688683,10.0459179984088,2.163,Americas
Guam,GUM,1992,,,3.837,Other
Guyana,GUY,1992,7.75788577607526,,11.9,Other
"Hong Kong SAR, China",HKG,1992,6.23502387210803,9.65250965250966,1.96,Other
Honduras,HND,1992,9.03523510162955,8.75988625255482,3.06,Americas
Croatia,HRV,1992,-11.7132905102592,625.000000000001,10.974,Other
Haiti,HTI,1992,-5.30993292251178,19.358494654122,7.387,Other
Hungary,HUN,1992,-3.06418034558638,23.6557207806552,9.942,Europe
Indonesia,IDN,1992,6.49750651682714,7.52351006242677,2.734,Asia
Isle of Man,IMN,1992,0.800002489771529,,,Other
India,IND,1992,5.48239602167003,11.7878170418134,7.649,Asia
Ireland,IRL,1992,3.34327412603812,3.06999853835904,15.021,Other
"Iran, Islamic Rep.",IRN,1992,3.29798191958058,25.8077226162332,10.653,Middle East
Iraq,IRQ,1992,32.5922111964051,83.6158192090389,8.346,Middle East
Iceland,ISL,1992,-3.37389416853765,3.94771176824033,4.305,Other
Israel,ISR,1992,7.75926624282712,12.0653319283457,14.08,Middle East
Italy,ITA,1992,0.834275417393798,5.2705899859293,9.321,Europe
Jamaica,JAM,1992,1.95554250017773,77.2965929559651,6.383,Other
Jordan,JOR,1992,14.3497760596895,3.9958356055719,19.947,Middle East
Japan,JPN,1992,0.848069581218368,1.7602830605927,2.158,Asia
Kazakhstan,KAZ,1992,-5.29999999893468,,1.0,Asia
Kenya,KEN,1992,-0.799493958641349,27.3323644475784,2.894,Africa
Kyrgyz Republic,KGZ,1992,-13.8378377984379,,1.1,Other
Cambodia,KHM,1992,7.01753837770227,,0.748,Asia
Kiribati,KIR,1992,23.9592331951046,,,Oceania
St. Kitts and Nevis,KNA,1992,4.26897382542985,2.85844672514458,,Other
"Korea, Rep.",KOR,1992,6.35159199606441,6.21328146355184,2.513,Asia
Kuwait,KWT,1992,82.8093290262528,-0.54547121378821,0.878,Middle East
Lao PDR,LAO,1992,5.55985776817542,9.86452966991032,2.71,Other
Lebanon,LBN,1992,16.4383457045728,,8.225,Middle East
Liberia,LBR,1992,-35.0856779208949,,2.724,Other
Libya,LBY,1992,-2.71227407954309,9.35975158953134,18.828,Other
St. Lucia,LCA,1992,7.9530753604442,5.13889779944828,16.549,Other
Liechtenstein,LIE,1992,3.60829384387156,,,Other
Sri Lanka,LKA,1992,4.39999125181939,11.3834370512206,14.22,Asia
Lesotho,LSO,1992,6.95636495400254,17.2085201793721,15.448,Other
Lithuania,LTU,1992,-21.2589694228032,1020.62056524354,1.2,Other
Luxembourg,LUX,1992,1.81965480509376,3.15417375961789,2.029,Other
Latvia,LVA,1992,-32.1185703106863,951.696194870801,6.6,Other
"Macao SAR, China",MAC,1992,13.2989545353826,7.71392168356611,2.196,Other
Morocco,MAR,1992,-2.097738754022,5.7402466286874,13.781,Africa
Monaco,MCO,1992,1.36663952678862,,,Other
Moldova,MDA,1992,-29.0999999176414,1026.82626424702,3.7,Other
Madagascar,MDG,1992,1.18088494825233,14.5123786075771,6.275,Africa
Maldives,MDV,1992,6.67082544437399,16.8559977535548,0.789,Other
Mexico,MEX,1992,3.56861354412243,15.5078962533573,3.235,Americas
Marshall Islands,MHL,1992,7.14088119818035,,,Other
North Macedonia,MKD,1992,-6.56519867685854,,26.3,Other
Mali,MLI,1992,-5.05918121761043,-6.24250599520425,1.483,Africa
Malta,MLT,1992,4.69093194898397,1.63321209889045,6.333,Other
Myanmar,MMR,1992,9.66094245346783,21.9132104007913,0.796,Asia
Montenegro,MNE,1992,,,30.181,Other
Mongolia,MNG,1992,-9.25646570382904,,5.857,Asia
Mozambique,MOZ,1992,-7.57664724880097,,3.028,Africa
Mauritania,MRT,1992,1.87412573649613,10.141817562151,10.052,Other
Mauritius,MUS,1992,6.51269858283476,4.64351929883709,9.428,Other
Malawi,MWI,1992,-7.33297833747964,23.7513530230399,5.064,Other
Malaysia,MYS,1992,8.88511797832156,4.76722829992821,3.71,Asia
Namibia,NAM,1992,7.18934252280525,,18.896,Other
New Caledonia,NCL,1992,0.519994838392222,,18.61,Other
Niger,NER,1992,2.00075236142851,-4.47561790247176,1.569,Africa
Nigeria,NGA,1992,4.63119294610988,44.588842715023,3.79,Africa
Nicaragua,NIC,1992,0.386346578416166,,7.809,Americas
Netherlands,NLD,1992,1.70607100505794,3.18358569499581,5.555,Europe
Norway,NOR,1992,3.56422602983729,2.32808504911848,5.91,Europe
Nepal,NPL,1992,4.10640661731669,17.1495236243439,10.473,Asia
Naoero,NRU,1992,-16.2602646077898,,,Other
New Zealand,NZL,1992,1.10092234546755,1.01456027171236,10.667,Oceania
Oman,OMN,1992,8.41388425937097,,4.16,Middle East
Pakistan,PAK,1992,7.70589781716029,9.5090414619015,0.587,Asia
Panama,PAN,1992,8.20167952936097,1.82452156989959,6.317,Americas
Peru,PER,1992,-0.540509124723926,73.5282942442641,5.068,Americas
Philippines,PHL,1992,0.417629066097945,8.65100357865265,3.849,Asia
Palau,PLW,1992,-6.40003724259944,,,Other
Papua New Guinea,PNG,1992,13.8490852689481,4.30961457009748,2.608,Oceania
Poland,POL,1992,2.51497861350261,46.0985621037431,13.645,Europe
Puerto Rico (US),PRI,1992,4.56405181441349,,16.93,Other
"Korea, Dem. People's Rep.",PRK,1992,,,2.875,Other
Portugal,PRT,1992,1.08947689832507,9.55926033177516,3.985,Europe
Paraguay,PRY,1992,1.69642801124701,15.192743764172,4.98,Americas
West Bank and Gaza,PSE,1992,,,10.692,Other
French Polynesia,PYF,1992,-1.45738829064787,,11.724,Other
Qatar,QAT,1992,11.3305277401187,3.06030603060311,0.87,Middle East
Romania,ROU,1992,-8.7672284522824,211.205587610082,8.26,Europe
Russian Federation,RUS,1992,-14.5310737729264,,5.181,Other
Rwanda,RWA,1992,5.87272524167311,9.56041187600816,12.114,Africa
Saudi Arabia,SAU,1992,4.58058206179402,-0.0770060064690921,7.2,Middle East
Sudan,SDN,1992,6.57786138499603,117.624468896394,15.668,Other
Senegal,SEN,1992,1.32023303661357,-0.109942967085665,2.928,Africa
Singapore,SGP,1992,6.63980556949564,2.26307118702851,3.09,Other
Solomon Islands,SLB,1992,12.6999978113729,10.7511603675285,1.851,Oceania
Sierra Leone,SLE,1992,-19.012909778472,,4.376,Other
El Salvador,SLV,1992,7.02196331575217,11.2144813801987,7.88,Americas
"Somalia, Fed. Rep.",SOM,1992,-8.4883234813083,,19.377,Other
Serbia,SRB,1992,,,13.397,Other
South Sudan,SSD,1992,,,12.374,Other
Sao Tome and Principe,STP,1992,0.699996987364386,,14.65,Other
Suriname,SUR,1992,0.400000008536168,43.6661783854171,17.28,Other
Slovak Republic,SVK,1992,-6.72148858941303,9.89350519771172,12.185,Other
Slovenia,SVN,1992,-5.46369702570964,209.933731186822,7.83,Other
Sweden,SWE,1992,-1.15859275987265,2.37436725111881,5.722,Europe
Eswatini,SWZ,1992,3.22620638317446,7.55829536317337,20.947,Other
Seychelles,SYC,1992,7.17304395387974,3.24675324675323,,Other
Syrian Arab Republic,SYR,1992,12.972790068566,11.0091743119265,6.949,Middle East
Chad,TCD,1992,8.00144334899822,-3.11303067214949,0.658,Other
Togo,TGO,1992,-3.98068681380465,1.39378663675938,4.209,Other
Thailand,THA,1992,8.08338802345332,4.13914575077053,1.35,Asia
Tajikistan,TJK,1992,-29.0000010554471,,1.85,Asia
Turkmenistan,TKM,1992,-14.9659866561153,,1.5,Other
Timor-Leste,TLS,1992,10.4595196012455,,3.36,Other
Tonga,TON,1992,0.251973395838817,7.93698012192874,1.349,Oceania
Trinidad and Tobago,TTO,1992,10.092979512969,6.43985419198061,19.66,Other
Tunisia,TUN,1992,7.80572887722397,5.82434514637906,15.598,Other
Turkiye,TUR,1992,5.03563493261181,70.0761038690374,8.509,Other
Tuvalu,TUV,1992,2.7887888821527,,,Other
Tanzania,TZA,1992,0.584322131924068,21.8468468468473,3.683,Africa
Uganda,UGA,1992,3.41835689468401,,3.553,Other
Ukraine,UKR,1992,-9.90000000204168,,1.9,Europe
Uruguay,URY,1992,7.93158841395443,68.4591938395374,8.96,Americas
United States,USA,1992,3.52249717254271,3.02881967814969,7.5,Americas
Uzbekistan,UZB,1992,-11.1999999973161,,2.9,Asia
St. Vincent and the Grenadines,VCT,1992,6.37794062708292,3.46353042727654,19.558,Other
"Venezuela, RB",VEN,1992,6.01092896174865,,7.69,Americas
Virgin Islands (U.S.),VIR,1992,,,11.088,Other
Viet Nam,VNM,1992,8.64604745934572,,2.109,Asia
Vanuatu,VUT,1992,2.58541372753479,4.0584415584416,7.945,Oceania
Samoa,WSM,1992,-0.199987145070338,9.03113792907172,2.439,Oceania
"Yemen, Rep.",YEM,1992,8.20759813722687,29.4117647058824,8.351,Middle East
South Africa,ZAF,1992,-2.13703284500521,13.874703748615,23.463,Africa
Zambia,ZMB,1992,-1.73092217352566,165.70652700999,19.568,Other
Zimbabwe,ZWE,1992,-9.01556538665926,,4.933,Other
Aruba,ABW,1993,7.30769324531406,5.2155599603571,,Other
Afghanistan,AFG,1993,,,7.908,Asia
Angola,AGO,1993,-23.9834174429163,1378.52760736196,17.44,Africa
Albania,ALB,1993,9.55941167111243,85.0047512387157,25.251,Other
Andorra,AND,1993,-1.03148438999895,,,Other
United Arab Emirates,ARE,1993,1.26109792945728,,1.901,Middle East
Argentina,ARG,1993,8.20697907221228,,10.1,Americas
Armenia,ARM,1993,-8.7999987932935,,5.3,Other
Antigua and Barbuda,ATG,1993,5.27988683522082,,,Other
Australia,AUS,1993,4.04583374101011,1.75365751770527,10.879,Oceania
Austria,AUT,1993,0.526809769496765,3.6317852494318,4.25,Europe
Azerbaijan,AZE,1993,-23.0999987188387,1128.00002429404,4.5,Other
Burundi,BDI,1993,-6.24000000139047,9.67934658067928,3.094,Other
Belgium,BEL,1993,-0.961873076923027,2.75442643473462,8.078,Europe
Benin,BEN,1993,5.83617208501383,0.440599214931794,1.494,Other
Burkina Faso,BFA,1993,3.46138493945818,0.553455723541917,2.426,Africa
Bangladesh,BGD,1993,4.71156172453999,3.01481859989799,2.31,Asia
Bulgaria,BGR,1993,-1.48021466527921,72.8787913866333,16.4,Other
Bahrain,BHR,1993,12.8700067450998,2.53886010362695,0.882,Middle East
"Bahamas, The",BHS,1993,0.307806596011844,2.72289766970591,12.72,Other
Bosnia and Herzegovina,BIH,1993,-2.18134734859012,,19.408,Other
Belarus,BLR,1993,-7.60000201957324,1190.22923349187,8.5,Other
Belize,BLZ,1993,6.13788542592131,1.4725969469368,9.78,Other
Bermuda,BMU,1993,3.00856712357907,,,Other
Bolivia,BOL,1993,4.26929615211904,8.52787695688003,3.05,Americas
Brazil,BRA,1993,4.9246900037071,1927.38079016026,6.03,Americas
Barbados,BRB,1993,0.793068842655458,1.11343933604483,24.54,Other
Brunei Darussalam,BRN,1993,-0.633649658776775,4.25170068027212,4.903,Other
Bhutan,BTN,1993,1.98636656014881,11.1980165874679,1.418,Other
Botswana,BWA,1993,1.9161070518754,14.3308033365888,18.761,Other
Central African Republic,CAF,1993,0.335275684646064,-2.91535849298335,5.897,Other
Canada,CAN,1993,2.65770683842972,1.86507936507939,11.377,Other
Switzerland,CHE,1993,-2.06561631523785,3.29262180313607,3.551,Europe
Channel Islands,CHI,1993,,,7.082,Other
Chile,CHL,1993,6.6855844008042,12.7277669490964,4.49,Americas
China,CHN,1993,13.9261028311995,14.6100786356602,2.69,Asia
Cote d'Ivoire,CIV,1993,-0.192485098607804,2.16471453976754,5.869,Africa
Cameroon,CMR,1993,-7.93206657447536,-3.20655456915868,9.154,Africa
"Congo, Dem. Rep.",COD,1993,-13.4690505375185,1986.90476190476,3.45,Other
"Congo, Rep.",COG,1993,-0.979683208744774,4.92366412213743,19.99,Other
Colombia,COL,1993,5.38540993901029,22.4424828533275,7.8,Americas
Comoros,COM,1993,2.5473458344995,,4.571,Other
Cabo Verde,CPV,1993,8.70831156568961,5.78839590443697,13.276,Other
Costa Rica,CRI,1993,7.09719089594824,9.77860078293777,3.95,Americas
Cuba,CUB,1993,-14.8781806947595,,9.27,Americas
Cyprus,CYP,1993,0.700000765065823,4.85416666666694,2.7,Other
Czechia,CZE,1993,0.0619042423607254,20.8130295438428,4.349,Europe
Germany,DEU,1993,-0.973033082340891,4.47457650752808,7.675,Europe
Djibouti,DJI,1993,,,27.253,Other
Dominica,DMA,1993,2.16142138921818,1.56902604224498,,Other
Denmark,DNK,1993,-0.078900412805325,1.2578566795326,10.719,Europe
Dominican Republic,DOM,1993,7.36669526975602,5.25033880690971,6.322,Americas
Algeria,DZA,1993,-2.10000075697259,20.5403261235827,26.23,Africa
Ecuador,ECU,1993,1.97321813678619,44.9550537592163,4.403,Americas
"Egypt, Arab Rep.",EGY,1993,2.90079079959442,12.0897922868977,10.92,Africa
Eritrea,ERI,1993,13.4547625007102,,5.387,Other
Spain,ESP,1993,-1.03149183695307,4.56907173681805,22.156,Europe
Estonia,EST,1993,-5.74049004899702,89.8119490277275,6.544,Other
Ethiopia,ETH,1993,13.1428339363255,3.54306596166032,3.252,Africa
Finland,FIN,1993,-0.779815061561479,2.19065319556431,16.201,Europe
Fiji,FJI,1993,2.13003299416839,5.20658925195765,4.694,Oceania
France,FRA,1993,-0.35899781051468,2.10446277124642,11.32,Europe
"Micronesia, Fed. Sts.",FSM,1993,8.14064577107322,,,Oceania
Gabon,GAB,1993,3.94655500790242,0.533746556474191,17.78,Other
United Kingdom,GBR,1993,3.49048744653493,2.55857796929705,10.346,Europe
Georgia,GEO,1993,-29.3001665068873,,5.4,Other
Ghana,GHA,1993,4.85000055379412,24.9598424742497,5.231,Africa
Guinea,GIN,1993,5.04414454071403,,4.561,Africa
"Gambia, The",GMB,1993,3.01210137437499,6.46380422753847,9.917,Other
Guinea-Bissau,GNB,1993,2.09999998911347,48.1081660687067,3.143,Other
Equatorial Guinea,GNQ,1993,11.0332130375277,5.4522847373328,7.024,Other
Greece,GRC,1993,-1.60000002186294,14.4112644439348,10.177,Europe
Grenada,GRD,1993,-1.95881558143746,2.80859916782245,,Other
Greenland,GRL,1993,-5.02793262942515,,,Other
Guatemala,GTM,1993,3.92713194504024,11.8196901746257,2.133,Americas
Guam,GUM,1993,,,5.527,Other
Guyana,GUY,1993,8.17510549304023,,11.617,Other
"Hong Kong SAR, China",HKG,1993,6.20118510679872,8.80281690140857,1.96,Other
Honduras,HND,1993,13.6371743358989,10.7486467163721,3.098,Americas
Croatia,HRV,1993,-8.02558188400313,1500.0,10.779,Other
Haiti,HTI,1993,-5.42629599215383,29.7059715065172,7.534,Other
Hungary,HUN,1993,-0.576108518425613,22.4642346133809,12.098,Europe
Indonesia,IDN,1993,6.49640812045304,9.6719108926401,2.782,Asia
Isle of Man,IMN,1993,2.59999570835525,,,Other
India,IND,1993,4.7507762195799,6.32689048779867,7.662,Asia
Ireland,IRL,1993,2.69260841466448,1.46941522411422,15.571,Other
"Iran, Islamic Rep.",IRN,1993,-1.47101148218381,21.2026307547761,10.573,Middle East
Iraq,IRQ,1993,30.289829491298,207.692307692309,8.36,Middle East
Iceland,ISL,1993,1.31344949985998,4.04285291076951,5.257,Other
Israel,ISR,1993,4.11675642426739,10.8838740009403,12.741,Middle East
Italy,ITA,1993,-0.852805731913904,4.62673468331298,10.212,Europe
Jamaica,JAM,1993,9.41710256580915,22.0699494185292,6.235,Other
Jordan,JOR,1993,4.48698977985747,3.31666666666706,19.7,Middle East
Japan,JPN,1993,-0.517919847117952,1.24304589707924,2.539,Asia
Kazakhstan,KAZ,1993,-9.20000000203308,,1.11,Asia
Kenya,KEN,1993,0.353197256227247,45.9788813036218,2.979,Africa
Kyrgyz Republic,KGZ,1993,-15.4593282242512,,1.258,Other
Cambodia,KHM,1993,4.09837080453724,,0.733,Asia
Kiribati,KIR,1993,-0.103994679118841,,,Oceania
St. Kitts and Nevis,KNA,1993,6.80194941601546,1.79486146433782,,Other
"Korea, Rep.",KOR,1993,6.99471791742556,4.80099660215354,2.878,Asia
Kuwait,KWT,1993,33.9904675559008,0.382541365165916,0.8,Middle East
Lao PDR,LAO,1993,5.91255655432118,6.26722241519029,2.732,Other
Lebanon,LBN,1993,10.7656697971889,,8.226,Middle East
Liberia,LBR,1993,-32.9753952616656,,2.706,Other
Libya,LBY,1993,-3.76319264327812,11.0735532720389,19.006,Other
St. Lucia,LCA,1993,0.583199758222051,0.848181596289603,16.8,Other
Liechtenstein,LIE,1993,4.33210120561074,,,Other
Sri Lanka,LKA,1993,6.90006325149474,11.7467370174946,13.82,Asia
Lesotho,LSO,1993,3.50976615760111,13.1356607683724,15.568,Other
Lithuania,LTU,1993,-16.2268623098899,410.451858561316,13.8,Other
Luxembourg,LUX,1993,4.20064571003755,3.58809818535169,2.33,Other
Latvia,LVA,1993,-4.98297870115201,108.989540624323,16.7,Other
"Macao SAR, China",MAC,1993,5.18623877678014,6.70588552770043,2.057,Other
Morocco,MAR,1993,-0.740591700332374,5.18311396030801,14.026,Africa
Monaco,MCO,1993,-0.913919721547302,,,Other
Moldova,MDA,1993,-1.1999999330268,1613.60398876194,3.7,Other
Madagascar,MDG,1993,2.09992318110865,10.008361204014,6.317,Africa
Maldives,MDV,1993,5.55676907924001,20.1273593149248,0.796,Other
Mexico,MEX,1993,2.86699945461075,9.75146045357553,3.365,Americas
Marshall Islands,MHL,1993,6.00624977598774,,,Other
North Macedonia,MKD,1993,-7.46927131858557,,27.7,Other
Mali,MLI,1993,4.34822770038828,-0.263767884261804,1.419,Africa
Malta,MLT,1993,4.48074837088026,4.14481954180488,6.332,Other
Myanmar,MMR,1993,6.03941022663199,31.83160687276,0.779,Asia
Montenegro,MNE,1993,,,30.238,Other
Mongolia,MNG,1993,-3.16879155027824,268.150488882784,5.859,Asia
Mozambique,MOZ,1993,10.940435029728,,2.896,Africa
Mauritania,MRT,1993,5.87363742064294,9.37034415971461,9.85,Other
Mauritius,MUS,1993,5.08206295574259,10.5178384472896,9.5,Other
Malawi,MWI,1993,9.69184059512781,22.7727102336625,4.988,Other
Malaysia,MYS,1993,9.89494333377064,3.53658536585389,4.11,Asia
Namibia,NAM,1993,-1.57953915916903,,19.078,Other
New Caledonia,NCL,1993,0.529794654537113,,18.762,Other
Niger,NER,1993,0.321655474432788,-1.21503496503496,1.541,Africa
Nigeria,NGA,1993,-2.03511877399539,57.1652528349217,4.023,Africa
Nicaragua,NIC,1993,-0.392936046663081,,7.833,Americas
Netherlands,NLD,1993,1.25755214528137,2.58418115634715,6.287,Europe
Norway,NOR,1993,2.87306009185421,2.28826933193061,5.965,Europe
Nepal,NPL,1993,3.84985002629573,7.50539419087105,10.492,Asia
Naoero,NRU,1993,-16.1173644889416,,,Other
New Zealand,NZL,1993,6.3836309435096,1.28820776574386,9.804,Oceania
Oman,OMN,1993,6.04296067461487,,4.009,Middle East
Pakistan,PAK,1993,1.7577476978468,9.97366476029209,0.596,Asia
Panama,PAN,1993,5.45574476975436,0.45393007884036,6.374,Americas
Peru,PER,1993,5.24357700773291,48.5799864468885,4.795,Americas
Philippines,PHL,1993,2.181889985613,6.71631104109973,3.869,Asia
Palau,PLW,1993,-12.3000412627885,,,Other
Papua New Guinea,PNG,1993,18.2022859527298,4.97411430311646,2.382,Oceania
Poland,POL,1993,3.73831029461471,36.9641666120718,14.393,Europe
Puerto Rico (US),PRI,1993,4.64452705678092,,16.91,Other
"Korea, Dem. People's Rep.",PRK,1993,,,2.98,Other
Portugal,PRT,1993,-2.04327729359404,6.78377994665408,5.301,Europe
Paraguay,PRY,1993,4.93635941475281,18.2086614173228,5.06,Americas
West Bank and Gaza,PSE,1993,,,10.705,Other
French Polynesia,PYF,1993,-1.29768260234859,,11.778,Other
Qatar,QAT,1993,-1.32513607105912,-0.8733624454148,0.87,Middle East
Romania,ROU,1993,1.52883449664077,255.166861826698,8.251,Europe
Russian Federation,RUS,1993,-8.66854034260423,874.245720380188,5.883,Other
Rwanda,RWA,1993,-8.10869188180605,12.3543887630448,12.155,Africa
Saudi Arabia,SAU,1993,0.379835927354492,1.05579531442695,7.002,Middle East
Sudan,SDN,1993,4.56874918954713,101.380423763812,15.51,Other
Senegal,SEN,1993,1.36021300651346,-0.586434615120184,2.878,Africa
Singapore,SGP,1993,11.459650875246,2.28929964388641,3.07,Other
Solomon Islands,SLB,1993,3.99999961237647,9.16866233321985,1.829,Oceania
Sierra Leone,SLE,1993,1.37454997423123,,4.401,Other
El Salvador,SLV,1993,5.81831555719015,18.5066883302714,9.94,Americas
"Somalia, Fed. Rep.",SOM,1993,3.99059641901943,,19.331,Other
Serbia,SRB,1993,,,13.416,Other
South Sudan,SSD,1993,,,12.233,Other
Sao Tome and Principe,STP,1993,1.09999859547847,,14.46,Other
Suriname,SUR,1993,-6.6999981497152,143.51155848349,15.64,Other
Slovak Republic,SVK,1993,1.90132875267943,23.287027664545,12.2,Other
Slovenia,SVN,1993,2.84342005538596,31.7621306305932,8.51,Other
Sweden,SWE,1993,-2.06561636908388,4.72817304626049,9.33,Europe
Eswatini,SWZ,1993,3.10611397305176,12.0234238724148,21.76,Other
Seychelles,SYC,1993,7.3033707678707,1.38364779874215,,Other
Syrian Arab Republic,SYR,1993,6.15089557310075,13.2231404958679,7.4,Middle East
Chad,TCD,1993,-15.7098370447417,-8.427933486518,0.7,Other
Togo,TGO,1993,-15.0958274819575,-1.00688168855034,4.507,Other
Thailand,THA,1993,8.25191591524627,3.31219168428468,1.49,Asia
Tajikistan,TJK,1993,-16.3999998448822,,2.65,Asia
Turkmenistan,TKM,1993,1.50000032726246,,1.5,Other
Timor-Leste,TLS,1993,10.2047655200409,,3.273,Other
Tonga,TON,1993,3.73805810585928,0.960904460459173,1.3,Oceania
Trinidad and Tobago,TTO,1993,-0.66911476645933,10.835235920852,19.81,Other
Tunisia,TUN,1993,2.18982886145824,3.9749563191613,15.948,Other
Turkiye,TUR,1993,7.65126520761324,66.0938429820004,8.962,Other
Tuvalu,TUV,1993,4.11082376782662,,,Other
Tanzania,TZA,1993,1.20580080875436,25.277264325323,3.892,Africa
Uganda,UGA,1993,8.32629251939072,,3.487,Other
Ukraine,UKR,1993,-14.1999999993643,4734.91434744585,2.0,Europe
Uruguay,URY,1993,2.65754610698545,54.1007924425194,8.35,Americas
United States,USA,1993,2.75179586314481,2.95165696638559,6.9,Americas
Uzbekistan,UZB,1993,-2.30000000438953,,4.9,Asia
St. Vincent and the Grenadines,VCT,1993,4.25073077397103,4.29137553446651,19.681,Other
"Venezuela, RB",VEN,1993,0.257731958762889,,6.6,Americas
Virgin Islands (U.S.),VIR,1993,,,11.187,Other
Viet Nam,VNM,1993,8.07273065739605,,2.037,Asia
Vanuatu,VUT,1993,0.735447995455729,3.56585691999116,8.262,Oceania
Samoa,WSM,1993,4.09999101013889,1.71509123658868,2.689,Oceania
"Yemen, Rep.",YEM,1993,4.00196638126631,35.7522980164491,8.343,Middle East
South Africa,ZAF,1993,1.23355793864741,9.71742729803028,23.361,Africa
Zambia,ZMB,1993,6.79727404907118,183.312041464393,19.7,Other
Zimbabwe,ZWE,1993,1.05137020092701,,4.993,Other
Aruba,ABW,1994,8.20390129312089,6.31107971270439,,Other
Afghanistan,AFG,1994,,,7.883,Asia
Angola,AGO,1994,1.33936343644582,949.792531120332,17.444,Africa
Albania,ALB,1994,8.30286659699082,22.5650526933696,20.835,Other
Andorra,AND,1994,2.3831822482118,,,Other
United Arab Emirates,ARE,1994,6.89607573397633,,1.834,Middle East
Argentina,ARG,1994,5.83620070368526,,11.76,Americas
Armenia,ARM,1994,5.40000277917656,3373.75944336293,6.6,Other
Antigua and Barbuda,ATG,1994,6.67640654973411,,,Other
Australia,AUS,1994,3.97884434177331,1.96963507094102,9.724,Oceania
Austria,AUT,1994,2.40211843259056,2.95340936761081,3.535,Europe
Azerbaijan,AZE,1994,-19.7000012399238,1662.21594875899,6.3,Other
Burundi,BDI,1994,-3.82999999619828,14.8528149833969,3.106,Other
Belgium,BEL,1994,3.22697145426247,2.377540844764,9.645,Europe
Benin,BEN,1994,2.02040044761662,38.5308661668538,1.453,Other
Burkina Faso,BFA,1994,1.31500727210265,25.1778762249963,2.58,Africa
Bangladesh,BGD,1994,3.89012644116818,5.31374007936498,2.37,Asia
Bulgaria,BGR,1994,1.81801189464269,96.0573382686505,12.8,Other
Bahrain,BHR,1994,-0.250001381199439,0.816910897759778,1.007,Middle East
"Bahamas, The",BHS,1994,3.14891597200189,1.39933423745548,13.83,Other
Bosnia and Herzegovina,BIH,1994,11.1319640352363,,20.17,Other
Belarus,BLR,1994,-11.7000038612152,2221.01656992039,12.8,Other
Belize,BLZ,1994,-0.0199863391166843,2.56934304644295,11.1,Other
Bermuda,BMU,1994,0.599613366698804,,,Other
Bolivia,BOL,1994,4.66726507417057,7.87404421467434,3.08,Americas
Brazil,BRA,1994,5.85287036219013,2075.88839757325,6.579,Americas
Barbados,BRB,1994,2.01078208266563,0.0772043884602322,22.98,Other
Brunei Darussalam,BRN,1994,0.992734958938726,2.4625184494679,5.007,Other
Bhutan,BTN,1994,4.95150372472288,7.00995355009951,1.405,Other
Botswana,BWA,1994,3.62791615172975,10.5429209938218,21.2,Other
Central African Republic,CAF,1994,4.89994941000114,24.5710137275605,5.924,Other
Canada,CAN,1994,4.49404933882288,0.165562913907291,10.395,Other
Switzerland,CHE,1994,4.01576592867781,0.852116995120664,3.58,Europe
Channel Islands,CHI,1994,,,7.235,Other
Chile,CHL,1994,5.07680374667352,11.4431196444973,5.87,Americas
China,CHN,1994,13.0827122987906,24.2569897243361,2.9,Asia
Cote d'Ivoire,CIV,1994,0.811206679935481,26.0815719947162,5.046,Africa
Cameroon,CMR,1994,1.87680922580404,35.0944618459464,8.878,Africa
"Congo, Dem. Rep.",COD,1994,-3.89999680329032,23773.1317741016,3.403,Other
"Congo, Rep.",COG,1994,-5.49307574541402,42.4396750333452,20.269,Other
Colombia,COL,1994,5.81466190724336,22.8462417553045,8.25,Americas
Comoros,COM,1994,-3.98651752857747,,4.566,Other
Cabo Verde,CPV,1994,19.1826416318144,3.45205833010708,12.936,Other
Costa Rica,CRI,1994,4.51902842051615,13.5344687273427,4.05,Americas
Cuba,CUB,1994,0.716930310416799,,8.806,Americas
Cyprus,CYP,1994,5.89999928523103,4.6985893105498,2.7,Other
Czechia,CZE,1994,2.90930948412982,10.039429835143,4.284,Europe
Germany,DEU,1994,2.59685569693275,2.69305639854954,8.727,Europe
Djibouti,DJI,1994,,,27.118,Other
Dominica,DMA,1994,0.034477526872962,0.0151367351744227,,Other
Denmark,DNK,1994,5.29469615156448,1.99201463809517,8.036,Europe
Dominican Republic,DOM,1994,2.59378305986246,8.26076798575834,6.285,Americas
Algeria,DZA,1994,-0.899996552970833,29.0476561173071,27.74,Africa
Ecuador,ECU,1994,4.25825042741626,27.3108817940495,4.409,Americas
"Egypt, Arab Rep.",EGY,1994,3.97317218034541,8.15423128587096,10.93,Africa
Eritrea,ERI,1994,21.2214111876814,,5.446,Other
Spain,ESP,1994,2.38319537908909,4.71841373967333,24.209,Europe
Estonia,EST,1994,-1.6424292041964,47.6546906187628,7.561,Other
Ethiopia,ETH,1994,3.18996458331273,7.59387600185337,3.1,Africa
Finland,FIN,1994,3.96437283726799,1.08855677589402,16.426,Europe
Fiji,FJI,1994,5.09999825114068,0.816666666667011,4.598,Oceania
France,FRA,1994,2.38366086110145,1.65551532926999,12.593,Europe
"Micronesia, Fed. Sts.",FSM,1994,-0.534513415833118,,,Oceania
Gabon,GAB,1994,3.71275484108966,36.1162456962985,17.804,Other
United Kingdom,GBR,1994,4.95341092800692,2.21901260504205,9.648,Europe
Georgia,GEO,1994,-10.3982300884956,,8.4,Other
Ghana,GHA,1994,3.29999973947747,24.8702554369576,5.9,Africa
Guinea,GIN,1994,3.97009910590064,,4.527,Africa
"Gambia, The",GMB,1994,0.154345959845131,1.71020632305637,10.044,Other
Guinea-Bissau,GNB,1994,3.20000001913081,15.1763474313441,3.173,Other
Equatorial Guinea,GNQ,1994,16.6688355418416,31.8410168416385,7.123,Other
Greece,GRC,1994,1.99999984724822,10.8740756809132,9.808,Europe
Grenada,GRD,1994,1.69355604419043,3.77065767284965,,Other
Greenland,GRL,1994,5.92436980149209,,,Other
Guatemala,GTM,1994,4.03374149641458,10.8553211494391,2.12,Americas
Guam,GUM,1994,,,7.6,Other
Guyana,GUY,1994,8.53242316667276,,11.534,Other
"Hong Kong SAR, China",HKG,1994,6.03603037436426,8.73786407766985,1.9,Other
Honduras,HND,1994,29.0190203167888,21.729346883819,3.138,Americas
Croatia,HRV,1994,5.87047464864034,107.327586206896,10.364,Other
Haiti,HTI,1994,-11.9506292939561,39.3316195372753,7.858,Other
Hungary,HUN,1994,2.94715455541068,18.8680749869283,10.847,Europe
Indonesia,IDN,1994,7.53997109551439,8.53199829189143,4.366,Asia
Isle of Man,IMN,1994,4.00000120370929,,,Other
India,IND,1994,6.65892406747307,10.2479355556119,7.593,Asia
Ireland,IRL,1994,5.75582797061618,2.30920192610951,14.544,Other
"Iran, Islamic Rep.",IRN,1994,-1.69828611909162,31.4470284237728,10.458,Middle East
Iraq,IRQ,1994,3.85453244895318,448.499999999999,8.221,Middle East
Iceland,ISL,1994,3.60885792911003,1.55265627495772,5.326,Other
Israel,ISR,1994,7.42784534825054,12.253550985796,9.934,Middle East
Italy,ITA,1994,2.15102367074849,4.05184218065716,11.086,Europe
Jamaica,JAM,1994,1.38338980682033,35.0633942484772,6.335,Other
Jordan,JOR,1994,4.9714766996471,3.51669624132886,16.894,Middle East
Japan,JPN,1994,0.99306636322622,0.695458057869004,2.89,Asia
Kazakhstan,KAZ,1994,-12.5999999983168,1877.37239517572,7.54,Asia
Kenya,KEN,1994,2.632784517837,28.8143894306731,2.955,Africa
Kyrgyz Republic,KGZ,1994,-20.0851588393243,,1.41,Other
Cambodia,KHM,1994,-34.808638773859,,0.996,Asia
Kiribati,KIR,1994,2.04525656211744,,,Oceania
St. Kitts and Nevis,KNA,1994,5.30171905117815,1.44226958804943,,Other
"Korea, Rep.",KOR,1994,9.3718357757101,6.26585950039679,2.476,Asia
Kuwait,KWT,1994,8.43616564472201,2.53443526170792,0.7,Middle East
Lao PDR,LAO,1994,8.15901853271809,6.7844807862023,2.634,Other
Lebanon,LBN,1994,8.10524197734502,,8.321,Middle East
Liberia,LBR,1994,-21.7623463097001,,2.652,Other
Libya,LBY,1994,1.93478674200678,5.11259890444314,19.328,Other
St. Lucia,LCA,1994,1.59856016206341,2.81591665153968,17.0,Other
Liechtenstein,LIE,1994,6.86614413219762,,,Other
Sri Lanka,LKA,1994,5.59991872510166,8.44871248698348,13.03,Asia
Lesotho,LSO,1994,5.97987353536386,8.21473862195302,15.62,Other
Lithuania,LTU,1994,-9.76605322187085,72.2546816164428,13.8,Other
Luxembourg,LUX,1994,3.82092143373001,2.19476468689066,3.479,Other
Latvia,LVA,1994,2.18990858235335,35.9247053929643,18.7,Other
"Macao SAR, China",MAC,1994,4.25357492985363,6.25206890210272,2.48,Other
Morocco,MAR,1994,10.5880004161286,5.14167152953361,13.858,Africa
Monaco,MCO,1994,2.21562422660615,,,Other
Moldova,MDA,1994,-30.9000002261447,486.425623795891,5.8,Other
Madagascar,MDG,1994,-0.042101302622072,38.9417908989239,6.106,Africa
Maldives,MDV,1994,7.74948623307952,3.38610098291493,0.793,Other
Mexico,MEX,1994,4.39412788764169,6.96581237191123,4.436,Americas
Marshall Islands,MHL,1994,5.87769745883959,,,Other
North Macedonia,MKD,1994,-1.75816618126913,126.583368336245,30.0,Other
Mali,MLI,1994,5.5916880903075,23.1767911524285,1.512,Africa
Malta,MLT,1994,5.6511051827337,4.12992181638259,6.331,Other
Myanmar,MMR,1994,7.47795835834528,24.0987860757019,0.739,Asia
Montenegro,MNE,1994,,,30.226,Other
Mongolia,MNG,1994,2.13438269473237,87.580009329808,5.709,Asia
Mozambique,MOZ,1994,6.44018369521994,,2.879,Africa
Mauritania,MRT,1994,-3.06073216744802,4.12825861295442,9.979,Other
Mauritius,MUS,1994,4.1361428614553,7.32347154412294,9.513,Other
Malawi,MWI,1994,-10.2401817116217,34.6496361508324,5.368,Other
Malaysia,MYS,1994,9.21204179334867,3.72497055359284,3.64,Asia
Namibia,NAM,1994,1.72987948847074,,19.4,Other
New Caledonia,NCL,1994,2.59018690563668,,18.878,Other
Niger,NER,1994,1.85477879101168,36.0410583134241,1.502,Africa
Nigeria,NGA,1994,-1.81492448517923,57.031708911966,4.064,Africa
Nicaragua,NIC,1994,3.33772611282539,,7.668,Americas
Netherlands,NLD,1994,2.96109252246121,2.80152693672192,7.159,Europe
Norway,NOR,1994,5.03933284247313,1.37567498071478,5.349,Europe
Nepal,NPL,1994,8.21600269296587,8.34928672883384,10.458,Asia
Naoero,NRU,1994,-3.86611853923542,,,Other
New Zealand,NZL,1994,5.11167356780264,1.74537790773743,8.354,Oceania
Oman,OMN,1994,3.87577416657888,,4.073,Middle East
Pakistan,PAK,1994,3.73741555767747,12.3681943936948,0.601,Asia
Panama,PAN,1994,2.85014717061981,1.26843190106196,6.428,Americas
Peru,PER,1994,12.3083661848445,23.7369050565046,4.491,Americas
Philippines,PHL,1994,4.37366591819077,10.3864734299517,3.767,Asia
Palau,PLW,1994,7.3000416413082,,,Other
Papua New Guinea,PNG,1994,5.94210905967769,2.85272217387134,2.418,Oceania
Poland,POL,1994,5.292802066626,32.9912766093523,14.825,Europe
Puerto Rico (US),PRI,1994,4.18595858478139,,14.6,Other
"Korea, Dem. People's Rep.",PRK,1994,,,3.092,Other
Portugal,PRT,1994,0.964838285067799,5.42044019241626,6.709,Europe
Paraguay,PRY,1994,5.31791766023942,20.5661948376355,4.41,Americas
West Bank and Gaza,PSE,1994,,,10.778,Other
French Polynesia,PYF,1994,-1.66632516413321,,11.98,Other
Qatar,QAT,1994,1.41870838953481,1.32158590308376,0.87,Middle East
Romania,ROU,1994,3.93194272962506,136.759392815441,8.17,Europe
Russian Federation,RUS,1994,-12.5697559802151,307.722635553193,8.131,Other
Rwanda,RWA,1994,-50.2480671035291,,12.236,Africa
Saudi Arabia,SAU,1994,0.952965973086691,0.564325478533149,6.733,Middle East
Sudan,SDN,1994,1.00622924788334,115.398144292738,15.617,Other
Senegal,SEN,1994,-0.0475209486617416,32.2936668569552,2.947,Africa
Singapore,SGP,1994,11.0956893100227,3.10013262599502,3.03,Other
Solomon Islands,SLB,1994,8.10000120573282,13.2560325916638,1.804,Oceania
Sierra Leone,SLE,1994,-1.9473850336049,,4.457,Other
El Salvador,SLV,1994,4.6920617266787,10.5858066526451,7.68,Americas
"Somalia, Fed. Rep.",SOM,1994,-17.8469894884494,,19.971,Other
Serbia,SRB,1994,,,13.405,Other
South Sudan,SSD,1994,,,12.326,Other
Sao Tome and Principe,STP,1994,2.20000158236296,,14.41,Other
Suriname,SUR,1994,3.39999889736058,368.478068706267,12.7,Other
Slovak Republic,SVK,1994,6.20553051900119,13.4155203422246,13.654,Other
Slovenia,SVN,1994,5.32748694375739,20.9918180471498,8.24,Other
Sweden,SWE,1994,4.01576585901515,2.15813800724629,9.58,Europe
Eswatini,SWZ,1994,2.40069167481312,13.7693248804359,21.726,Other
Seychelles,SYC,1994,-2.43656881060774,1.73697270471464,,Other
Syrian Arab Republic,SYR,1994,7.21302920527431,15.3284671532846,7.5,Middle East
Chad,TCD,1994,10.1368876324308,41.7248972364414,0.709,Other
Togo,TGO,1994,14.9824143442687,39.1627673796795,4.201,Other
Thailand,THA,1994,7.99702466720433,5.04774897680755,1.347,Asia
Tajikistan,TJK,1994,-21.2999980130949,,3.15,Asia
Turkmenistan,TKM,1994,-17.2998605116336,,4.7,Other
Timor-Leste,TLS,1994,7.12283832241383,,3.309,Other
Tonga,TON,1994,4.95252124359504,1.01295206694856,1.688,Oceania
Trinidad and Tobago,TTO,1994,3.56718060581952,8.81469401768106,18.44,Other
Tunisia,TUN,1994,3.17841132209441,4.73323063996595,16.006,Other
Turkiye,TUR,1994,-4.66814736735584,105.214986469202,8.577,Other
Tuvalu,TUV,1994,10.2833768150468,,,Other
Tanzania,TZA,1994,1.56766176421846,34.0833640722984,3.861,Africa
Uganda,UGA,1994,6.40363574007452,10.0367598792175,3.458,Other
Ukraine,UKR,1994,-22.8999999992283,891.187748133705,2.0,Europe
Uruguay,URY,1994,7.28134264410127,44.7360421521933,9.04,Americas
United States,USA,1994,4.02902272637739,2.60744159215453,6.119,Americas
Uzbekistan,UZB,1994,-5.19999999306724,,7.3,Asia
St. Vincent and the Grenadines,VCT,1994,-1.24762336447148,1.0089495525225,19.974,Other
"Venezuela, RB",VEN,1994,-2.31362467866325,,8.56,Americas
Virgin Islands (U.S.),VIR,1994,,,10.959,Other
Viet Nam,VNM,1994,8.83898095245374,,1.972,Asia
Vanuatu,VUT,1994,9.08146609289209,2.30256079190869,8.083,Oceania
Samoa,WSM,1994,-2.54210048090948,12.0803818909762,2.999,Oceania
"Yemen, Rep.",YEM,1994,6.72194912231696,49.3941553813254,8.34,Middle East
South Africa,ZAF,1994,3.20000000297172,8.938563723594,23.067,Africa
Zambia,ZMB,1994,-8.62544195231277,54.6013218413016,18.689,Other
Zimbabwe,ZWE,1994,9.23523568054674,,4.96,Other
Aruba,ABW,1995,2.54714368704694,3.36139107320898,,Other
Afghanistan,AFG,1995,,,7.868,Asia
Angola,AGO,1995,15.0000000283302,2666.45059288538,16.978,Africa
Albania,ALB,1995,13.3223333268813,7.79321853789215,14.607,Other
Andorra,AND,1995,2.75750161326249,,,Other
United Arab Emirates,ARE,1995,6.68766930139498,,1.8,Middle East
Argentina,ARG,1995,-2.84520961057079,,18.8,Americas
Armenia,ARM,1995,6.89999841973659,175.951325534583,6.7,Other
Antigua and Barbuda,ATG,1995,-4.35978466639605,,,Other
Australia,AUS,1995,3.89017188961647,4.62776445368168,8.473,Oceania
Austria,AUT,1995,2.66798388882503,2.24336631500898,4.345,Europe
Azerbaijan,AZE,1995,-11.7999991076818,411.759641777268,7.2,Other
Burundi,BDI,1995,-7.92000000374772,19.2632536382538,3.095,Other
Belgium,BEL,1995,2.38475724870135,1.46796699090272,9.337,Europe
Benin,BEN,1995,6.04519865041564,14.4625482180894,1.305,Other
Burkina Faso,BFA,1995,5.71637386269622,7.45884497828324,2.532,Africa
Bangladesh,BGD,1995,5.12127789724337,10.2978117947206,2.441,Asia
Bulgaria,BGR,1995,2.90231544397766,62.0548336837992,11.1,Other
Bahrain,BHR,1995,3.92999239295094,2.70403475064704,1.044,Middle East
"Bahamas, The",BHS,1995,4.37875203482501,2.06699495410042,10.83,Other
Bosnia and Herzegovina,BIH,1995,15.9683009303506,,20.944,Other
Belarus,BLR,1995,-10.4000003781854,709.346032118606,17.7,Other
Belize,BLZ,1995,0.731558011871286,2.88961584372151,12.48,Other
Bermuda,BMU,1995,4.39914832996426,,,Other
Bolivia,BOL,1995,4.67827659737812,10.1932067630745,2.664,Americas
Brazil,BRA,1995,4.22379363350413,66.0070335542481,7.092,Americas
Barbados,BRB,1995,2.0139983230294,1.87886279357232,19.66,Other
Brunei Darussalam,BRN,1995,1.34729376385607,5.96664139499613,5.066,Other
Bhutan,BTN,1995,7.07411745757784,9.48754836789369,1.4,Other
Botswana,BWA,1995,7.03041024834083,10.512546081579,21.394,Other
Central African Republic,CAF,1995,7.20004555751903,19.1894039735098,5.871,Other
Canada,CAN,1995,2.68232826962129,2.14876033057849,9.489,Other
Switzerland,CHE,1995,4.09438994746239,1.7998277686715,3.094,Europe
Channel Islands,CHI,1995,,,6.974,Other
Chile,CHL,1995,9.25542757753573,8.23263034116114,4.7,Americas
China,CHN,1995,11.0154136659719,16.7912268492666,3.0,Asia
Cote d'Ivoire,CIV,1995,7.12574472834217,14.2950690851945,4.1,Africa
Cameroon,CMR,1995,2.89400137739698,9.06969071921509,8.598,Africa
"Congo, Dem. Rep.",COD,1995,0.699998829765505,541.908883239027,3.285,Other
"Congo, Rep.",COG,1995,3.9853243781107,9.41800743452228,20.226,Other
Colombia,COL,1995,5.20243759278655,20.8917930194849,8.72,Americas
Comoros,COM,1995,5.63727928670581,,4.675,Other
Cabo Verde,CPV,1995,14.2116362469634,8.35152497972927,12.883,Other
Costa Rica,CRI,1995,4.15395329584814,23.1864981102567,5.18,Americas
Cuba,CUB,1995,2.45720117243687,,8.27,Americas
Cyprus,CYP,1995,8.36246885710111,2.61581787956336,2.6,Other
Czechia,CZE,1995,6.22140598863832,8.99052361478449,4.082,Europe
Germany,DEU,1995,1.50499384201356,1.70616041317076,8.158,Europe
Djibouti,DJI,1995,,,27.303,Other
Dominica,DMA,1995,3.0308658627128,1.3175374577497,,Other
Denmark,DNK,1995,3.03802150461165,2.08360842382855,6.992,Europe
Dominican Republic,DOM,1995,5.69998859173715,12.5359594558963,6.439,Americas
Algeria,DZA,1995,3.79999479063817,29.7796264864999,31.84,Africa
Ecuador,ECU,1995,2.25254865225104,22.9341344145802,4.408,Americas
"Egypt, Arab Rep.",EGY,1995,4.64245877240639,15.7422305021596,11.04,Africa
Eritrea,ERI,1995,2.8583790589487,,5.349,Other
Spain,ESP,1995,2.75749400293542,4.67380337624701,22.675,Europe
Estonia,EST,1995,4.52668338927012,28.7766137208514,9.659,Other
Ethiopia,ETH,1995,6.12751141587474,10.0221733553239,3.005,Africa
Finland,FIN,1995,4.23436710187066,0.79123940693846,17.005,Europe
Fiji,FJI,1995,2.49999899666315,2.16564721441537,4.651,Oceania
France,FRA,1995,2.30479278392259,1.79648142095589,11.834,Europe
"Micronesia, Fed. Sts.",FSM,1995,7.01446304315432,,,Oceania
Gabon,GAB,1995,4.97384776335103,9.64653104079616,17.388,Other
United Kingdom,GBR,1995,3.53339096338078,2.69749518304432,8.694,Europe
Georgia,GEO,1995,2.59657506969336,162.717152150377,7.6,Other
Ghana,GHA,1995,4.11241897162861,59.4615536991446,6.484,Africa
Guinea,GIN,1995,4.60767320245354,,4.494,Africa
"Gambia, The",GMB,1995,0.881848240754678,6.98097441830556,10.153,Other
Guinea-Bissau,GNB,1995,4.4000000061065,45.3653083621856,3.126,Other
Equatorial Guinea,GNQ,1995,17.4862637323938,19.8724349483472,7.16,Other
Greece,GRC,1995,2.09971953235275,8.93451415961517,10.116,Europe
Grenada,GRD,1995,2.12947514959858,1.86882475298978,,Other
Greenland,GRL,1995,3.72867748911121,,,Other
Guatemala,GTM,1995,4.94854750210382,8.41141312270566,2.117,Americas
Guam,GUM,1995,,,7.9,Other
Guyana,GUY,1995,5.03144655812085,12.2105263157895,11.566,Other
"Hong Kong SAR, China",HKG,1995,2.37382875928816,9.07738095238091,3.22,Other
Honduras,HND,1995,24.6744628782887,29.4645292281585,3.24,Americas
Croatia,HRV,1995,6.74972166914642,3.95010395010406,10.007,Other
Haiti,HTI,1995,9.89770748815705,27.6081851727601,7.51,Other
Hungary,HUN,1995,1.48952547593046,28.3054683706654,10.168,Europe
Indonesia,IDN,1995,8.22000739903493,9.42030300572996,4.611,Asia
Isle of Man,IMN,1995,4.29999820601022,,,Other
India,IND,1995,7.57449184027195,10.2248861637545,7.57,Asia
Ireland,IRL,1995,9.63442136559036,2.52486446780802,11.97,Other
"Iran, Islamic Rep.",IRN,1995,2.40104455220023,49.6559858462746,9.904,Middle East
Iraq,IRQ,1995,2.12002149763362,387.310847766639,8.431,Middle East
Iceland,ISL,1995,0.116583656161382,1.65123150116656,5.196,Other
Israel,ISR,1995,6.60292461082722,9.93389990557126,8.782,Middle East
Italy,ITA,1995,2.88683671925843,5.23542258044301,11.661,Europe
Jamaica,JAM,1995,2.34995703773234,19.9087488364168,6.325,Other
Jordan,JOR,1995,6.20087444373824,2.35312451301273,14.6,Middle East
Japan,JPN,1995,2.34205546196849,-0.127899045020446,3.15,Asia
Kazakhstan,KAZ,1995,-8.2000000011824,176.15529894237,10.98,Asia
Kenya,KEN,1995,4.40621652482287,1.55432816055009,2.848,Africa
Kyrgyz Republic,KGZ,1995,-5.4238219222602,,1.539,Other
Cambodia,KHM,1995,9.90346890117173,-0.798944337811878,0.973,Asia
Kiribati,KIR,1995,2.75220829710202,,,Oceania
St. Kitts and Nevis,KNA,1995,5.38314265701612,2.9568002509262,,Other
"Korea, Rep.",KOR,1995,9.7358937505409,4.48074108557248,2.063,Asia
Kuwait,KWT,1995,4.85829125202741,2.68672756582484,0.694,Middle East
Lao PDR,LAO,1995,7.03125432419004,19.5939189878584,2.6,Other
Lebanon,LBN,1995,6.44886256985258,,8.421,Middle East
Liberia,LBR,1995,-4.26620499022189,,2.588,Other
Libya,LBY,1995,-2.2204069560875,7.23798494499129,19.331,Other
St. Lucia,LCA,1995,1.74822586503767,5.62965921512378,15.83,Other
Liechtenstein,LIE,1995,5.8755504001748,,,Other
Sri Lanka,LKA,1995,5.5000852341585,7.67484873449805,12.27,Asia
Lesotho,LSO,1995,3.29093812272822,9.27083333333323,15.797,Other
Lithuania,LTU,1995,3.29008262426858,39.6476290328289,17.54,Other
Luxembourg,LUX,1995,1.43220024272964,1.86769424969108,2.918,Other
Latvia,LVA,1995,-0.944762865564712,24.9759355316749,19.0,Other
"Macao SAR, China",MAC,1995,3.29612425723712,8.55866604308447,3.581,Other
Morocco,MAR,1995,-5.40544787197402,6.12358164775523,14.054,Africa
Monaco,MCO,1995,2.11715302190068,,,Other
Moldova,MDA,1995,-1.39999905491376,29.8656104095718,5.3,Other
Madagascar,MDG,1995,1.67859232120303,49.0802100590784,6.092,Africa
Maldives,MDV,1995,12.9857843069314,5.48886133171504,0.79,Other
Mexico,MEX,1995,-5.91029962358286,34.9992712889592,7.095,Americas
Marshall Islands,MHL,1995,8.21329431843584,,,Other
North Macedonia,MKD,1995,-1.11472769414412,16.3735889723569,35.6,Other
Mali,MLI,1995,0.728693728467363,13.4417696811974,1.464,Africa
Malta,MLT,1995,6.34249103035094,4.42664550286654,6.33,Other
Myanmar,MMR,1995,6.94805143702995,25.1947123972847,0.754,Asia
Montenegro,MNE,1995,,,30.196,Other
Mongolia,MNG,1995,6.3764268864666,0.0435161009571923,5.5,Asia
Mozambique,MOZ,1995,2.12289380592357,,2.758,Africa
Mauritania,MRT,1995,9.81980039567445,6.54379068524171,9.766,Other
Mauritius,MUS,1995,4.28773657145267,6.02933188484532,9.59,Other
Malawi,MWI,1995,16.7288173003423,83.3257747543458,4.895,Other
Malaysia,MYS,1995,9.82908519730812,3.45057509584895,3.15,Asia
Namibia,NAM,1995,3.8990142211043,,21.34,Other
New Caledonia,NCL,1995,5.9400311023842,,18.629,Other
Niger,NER,1995,2.4572441223155,10.5632886691814,1.494,Africa
Nigeria,NGA,1995,-0.0726647640626794,72.8355022972636,4.152,Africa
Nicaragua,NIC,1995,5.91190793658714,,7.414,Americas
Netherlands,NLD,1995,3.11603593857495,1.92322457166359,7.157,Europe
Norway,NOR,1995,4.15289526465317,2.46036778693729,6.307,Europe
Nepal,NPL,1995,3.46845189309603,7.62296950698163,10.473,Asia
Naoero,NRU,1995,-7.92344939744908,,,Other
New Zealand,NZL,1995,4.73676080285628,3.75494413677554,6.461,Oceania
Oman,OMN,1995,4.99681952030654,,4.167,Middle East
Pakistan,PAK,1995,4.96260914623281,12.3435785170513,0.611,Asia
Panama,PAN,1995,1.75167890389389,0.99420698293387,6.512,Americas
Peru,PER,1995,7.41139504735119,11.1287029707089,4.708,Americas
Philippines,PHL,1995,4.62522511739661,6.83199610989534,3.68,Asia
Palau,PLW,1995,10.8999901144086,,,Other
Papua New Guinea,PNG,1995,-3.31244877829666,17.280932681459,2.603,Oceania
Poland,POL,1995,7.92965956313934,27.951388563304,13.695,Europe
Puerto Rico (US),PRI,1995,4.54898802663489,,13.93,Other
"Korea, Dem. People's Rep.",PRK,1995,,,3.114,Other
Portugal,PRT,1995,4.28278017236022,4.22281614099488,7.064,Europe
Paraguay,PRY,1995,6.82281030358578,13.4254143646407,3.4,Americas
West Bank and Gaza,PSE,1995,7.11785989679103,,10.714,Other
French Polynesia,PYF,1995,-0.388969416903137,,11.941,Other
Qatar,QAT,1995,2.3992362961452,2.9565217391303,0.87,Middle East
Romania,ROU,1995,6.23351148371351,32.2424847257597,8.01,Europe
Russian Federation,RUS,1995,-4.1435284052602,197.414268084251,9.449,Other
Rwanda,RWA,1995,35.224078310176,,11.938,Africa
Saudi Arabia,SAU,1995,0.311708028499027,4.86843103056033,6.365,Middle East
Sudan,SDN,1995,5.99709226051246,68.3751929485422,15.627,Other
Senegal,SEN,1995,5.46858485819628,7.8640078457011,2.846,Africa
Singapore,SGP,1995,7.17540112091071,1.72053384788524,3.3,Other
Solomon Islands,SLB,1995,10.08861564659,9.62921970116226,1.841,Oceania
Sierra Leone,SLE,1995,-7.99975272721831,,4.317,Other
El Salvador,SLV,1995,4.73408140229732,10.0296564501018,7.65,Americas
"Somalia, Fed. Rep.",SOM,1995,3.99059641877655,,19.585,Other
Serbia,SRB,1995,,82.6605151864663,13.4,Other
South Sudan,SSD,1995,,,12.334,Other
Sao Tome and Principe,STP,1995,2.00000170678776,,14.342,Other
Suriname,SUR,1995,0.0,235.558815073605,8.39,Other
Slovak Republic,SVK,1995,5.8434942995335,9.84109579837761,13.109,Other
Slovenia,SVN,1995,4.1071588268846,13.4637296178669,7.15,Other
Sweden,SWE,1995,4.09438992772475,2.455148578184,8.897,Europe
Eswatini,SWZ,1995,4.82565106458388,12.2885912601426,21.65,Other
Seychelles,SYC,1995,0.485036699253456,-0.243902439024459,,Other
Syrian Arab Republic,SYR,1995,7.02658954303115,7.97995780590686,7.2,Middle East
Chad,TCD,1995,1.23654931570509,9.23032599768656,0.755,Other
Togo,TGO,1995,7.84583232329818,16.4335034524163,3.99,Other
Thailand,THA,1995,8.12031534625378,5.81818181818192,1.1,Asia
Tajikistan,TJK,1995,-12.416322231899,,3.45,Asia
Turkmenistan,TKM,1995,-7.20004092656342,,8.3,Other
Timor-Leste,TLS,1995,6.68126470624202,,3.348,Other
Tonga,TON,1995,6.22816022763234,1.46000630350972,1.987,Oceania
Trinidad and Tobago,TTO,1995,3.80991314364765,5.18220539517274,17.22,Other
Tunisia,TUN,1995,2.35166985086541,6.24415028747146,16.348,Other
Turkiye,TUR,1995,7.878266878218,89.1133172248499,7.644,Other
Tuvalu,TUV,1995,-5.00445203133808,,,Other
Tanzania,TZA,1995,3.56991186849247,27.4277854195323,3.672,Africa
Uganda,UGA,1995,11.5232438119529,6.55014018970371,3.193,Other
Ukraine,UKR,1995,-12.2000000007385,376.746174768209,5.62,Europe
Uruguay,URY,1995,-1.44759896894408,42.2483197983755,10.02,Americas
United States,USA,1995,2.68443073970295,2.80541968853662,5.65,Americas
Uzbekistan,UZB,1995,-0.90000000546128,,7.8,Asia
St. Vincent and the Grenadines,VCT,1995,7.76665024455248,1.73837289880567,20.005,Other
"Venezuela, RB",VEN,1995,3.94736842105263,,10.24,Americas
Virgin Islands (U.S.),VIR,1995,,,10.611,Other
Viet Nam,VNM,1995,9.54048017491264,,1.955,Asia
Vanuatu,VUT,1995,1.00394504149104,2.22970130416487,8.134,Oceania
Samoa,WSM,1995,6.6736431464967,-2.90352865746142,3.244,Oceania
"Yemen, Rep.",YEM,1995,5.66937132228433,55.0811068702292,8.988,Middle East
South Africa,ZAF,1995,3.10000000054411,8.68042421392631,22.705,Africa
Zambia,ZMB,1995,2.89766889341698,34.9295874166667,16.834,Other
Zimbabwe,ZWE,1995,0.158034828064515,,5.566,Other
Aruba,ABW,1996,1.18578851134656,3.22528797213979,,Other
Afghanistan,AFG,1996,,,7.878,Asia
Angola,AGO,1996,13.544369755809,4145.10598220638,16.177,Africa
Albania,ALB,1996,7.33632894771891,12.7254778087102,13.928,Other
Andorra,AND,1996,4.64973866754707,,,Other
United Arab Emirates,ARE,1996,5.79855087420329,,1.836,Middle East
Argentina,ARG,1996,5.52668982715234,,17.11,Americas
Armenia,ARM,1996,5.86540074943565,18.681185640036,9.3,Other
Antigua and Barbuda,ATG,1996,6.6049448827643,,,Other
Australia,AUS,1996,3.86567479160071,2.61537902431631,8.509,Oceania
Austria,AUT,1996,2.21576713087359,1.86097115760437,5.282,Europe
Azerbaijan,AZE,1996,1.29999940463827,19.7948028061899,8.1,Other
Burundi,BDI,1996,-7.99999999794093,26.4367816091951,3.095,Other
Belgium,BEL,1996,1.32143214432601,2.07702107350675,9.483,Europe
Benin,BEN,1996,4.32428403131786,4.91423972637201,1.246,Other
Burkina Faso,BFA,1996,11.014743869558,6.09780439121741,2.446,Africa
Bangladesh,BGD,1996,4.52291921684423,2.37712902953223,2.51,Asia
Bulgaria,BGR,1996,5.20547920578709,121.60754244925,12.5,Other
Bahrain,BHR,1996,4.11000631738246,-0.452227382530348,1.177,Middle East
"Bahamas, The",BHS,1996,4.22353036224139,1.37913741223666,11.46,Other
Bosnia and Herzegovina,BIH,1996,54.199300436288,,21.682,Other
Belarus,BLR,1996,2.80000456599095,52.7120767531954,24.4,Other
Belize,BLZ,1996,1.10530578663676,5.96502097537242,13.82,Other
Bermuda,BMU,1996,2.60047542898441,,,Other
Bolivia,BOL,1996,4.36134197138718,12.4254866180049,2.375,Americas
Brazil,BRA,1996,2.20886405039022,15.7576656002606,8.035,Americas
Barbados,BRB,1996,3.97647593869304,2.38615222842325,14.71,Other
Brunei Darussalam,BRN,1996,-0.027315465853718,1.99613650998078,5.153,Other
Bhutan,BTN,1996,5.56517288179062,8.79001381935162,1.392,Other
Botswana,BWA,1996,5.82980001379714,10.0828580652108,21.593,Other
Central African Republic,CAF,1996,-4.00009296364789,3.72494110325802,5.84,Other
Canada,CAN,1996,1.68896122145787,1.57053112507138,9.62,Other
Switzerland,CHE,1996,0.560166924751584,0.811634064628187,3.684,Europe
Channel Islands,CHI,1996,,,6.897,Other
Chile,CHL,1996,7.1148626270751,7.35911781788767,7.414,Americas
China,CHN,1996,9.97328781228394,8.3131587270211,3.12,Asia
Cote d'Ivoire,CIV,1996,7.72932741916973,2.48080669187551,4.039,Africa
Cameroon,CMR,1996,4.21507214953058,3.92406372749798,8.06,Africa
"Congo, Dem. Rep.",COD,1996,-1.02317264257401,492.441850235414,3.156,Other
"Congo, Rep.",COG,1996,4.29048155870402,10.0311203319503,20.049,Other
Colombia,COL,1996,2.05585471287195,20.7975755127402,11.81,Americas
Comoros,COM,1996,-0.510368828932258,,4.774,Other
Cabo Verde,CPV,1996,11.3465247642174,5.96361961777576,12.844,Other
Costa Rica,CRI,1996,1.35045951266757,17.5114524814591,6.16,Americas
Cuba,CUB,1996,7.83874965899149,,7.61,Americas
Cyprus,CYP,1996,1.24854147527125,2.97892486481266,3.1,Other
Czechia,CZE,1996,4.16858426915319,8.75877472878111,3.852,Europe
Germany,DEU,1996,1.0378755674358,1.44972701963239,8.822,Europe
Djibouti,DJI,1996,,,27.172,Other
Dominica,DMA,1996,3.10419572470771,1.67716450485913,,Other
Denmark,DNK,1996,2.89575069230459,2.12629802275577,6.844,Europe
Dominican Republic,DOM,1996,5.96119319380874,5.39929385038922,6.485,Americas
Algeria,DZA,1996,4.09999847167964,18.6790758601749,28.268,Africa
Ecuador,ECU,1996,1.73174762607862,24.4114592150674,4.422,Americas
"Egypt, Arab Rep.",EGY,1996,4.98873056512208,7.18710369719992,9.0,Africa
Eritrea,ERI,1996,9.25883856340832,,5.31,Other
Spain,ESP,1996,2.60741117110229,3.55884559338561,22.142,Europe
Estonia,EST,1996,4.94301226131752,23.050343349517,9.915,Other
Ethiopia,ETH,1996,12.4261737814951,-8.48424868948825,3.121,Africa
Finland,FIN,1996,3.66265716987186,0.629194238121054,15.572,Europe
Fiji,FJI,1996,4.80000119270963,3.05016181229798,4.623,Oceania
France,FRA,1996,1.39707987198881,1.98288365089739,12.367,Europe
"Micronesia, Fed. Sts.",FSM,1996,-3.33905355928999,,,Oceania
Gabon,GAB,1996,3.62504902027987,0.689693377281638,17.325,Other
United Kingdom,GBR,1996,2.61491606949487,2.85178236397749,8.189,Europe
Georgia,GEO,1996,11.2025463861501,39.3574999987146,11.5,Other
Ghana,GHA,1996,4.60246115564627,46.5610196762282,7.091,Africa
Guinea,GIN,1996,4.46157508517599,,4.509,Africa
"Gambia, The",GMB,1996,2.22354563838627,1.09948870771018,10.192,Other
Guinea-Bissau,GNB,1996,11.6000000043869,50.7340549612119,2.994,Other
Equatorial Guinea,GNQ,1996,66.5799972215897,4.54072771540235,7.215,Other
Greece,GRC,1996,1.38247057325857,8.19455217632728,10.402,Europe
Grenada,GRD,1996,4.43823471603358,2.03235172127782,,Other
Greenland,GRL,1996,1.52963736132679,,,Other
Guatemala,GTM,1996,2.95777988740716,11.0569165321987,2.156,Americas
Guam,GUM,1996,,,8.283,Other
Guyana,GUY,1996,7.95551754125103,7.09471197276044,11.542,Other
"Hong Kong SAR, China",HKG,1996,4.25847572892732,6.27557980900412,2.83,Other
Honduras,HND,1996,22.957391093437,23.8378353073358,4.37,Americas
Croatia,HRV,1996,6.11143125777198,4.29999999999993,9.68,Other
Haiti,HTI,1996,4.14077332856783,20.5835962145112,7.304,Other
Hungary,HUN,1996,0.101234227633242,23.4690301919185,10.022,Europe
Indonesia,IDN,1996,7.81818707670867,7.97328096513346,4.861,Asia
Isle of Man,IMN,1996,7.70000620736124,,,Other
India,IND,1996,7.54952224888829,8.97715233826453,7.537,Asia
Ireland,IRL,1996,7.37962465765875,1.75574469607419,11.692,Other
"Iran, Islamic Rep.",IRN,1996,6.35052601873645,28.9373440168137,9.1,Middle East
Iraq,IRQ,1996,11.0207856442117,-16.1173257510572,8.516,Middle East
Iceland,ISL,1996,4.49765336794034,2.26041898267295,3.6,Other
Israel,ISR,1996,5.83892253875895,11.4585122831129,8.455,Middle East
Italy,ITA,1996,1.34558477192847,4.0069766898104,11.864,Europe
Jamaica,JAM,1996,-0.113731205844019,26.4066566074043,6.611,Other
Jordan,JOR,1996,2.08702078168048,6.50121802679586,13.7,Middle East
Japan,JPN,1996,3.07546731409349,0.136600358575909,3.383,Asia
Kazakhstan,KAZ,1996,0.500000002073506,39.1825423654111,12.96,Asia
Kenya,KEN,1996,4.14683926876013,8.86408741577522,2.773,Africa
Kyrgyz Republic,KGZ,1996,7.08450239536558,31.9473377218567,1.647,Other
Cambodia,KHM,1996,5.89750560694478,7.15086140872796,0.963,Asia
Kiribati,KIR,1996,-0.052046772241269,,,Oceania
St. Kitts and Nevis,KNA,1996,5.84283802585985,2.08657385169121,,Other
"Korea, Rep.",KOR,1996,7.99042982526839,4.92454354292754,2.048,Asia
Kuwait,KWT,1996,0.605127158807079,3.55398569684287,0.7,Middle East
Lao PDR,LAO,1996,6.9283237283322,13.0244156963462,2.45,Other
Lebanon,LBN,1996,11.2859357161668,,8.413,Middle East
Liberia,LBR,1996,12.1212036605122,,2.397,Other
Libya,LBY,1996,2.13412320029278,4.02807775377965,19.212,Other
St. Lucia,LCA,1996,2.92258795742219,0.924842609615973,16.33,Other
Liechtenstein,LIE,1996,6.90530179973636,,,Other
Sri Lanka,LKA,1996,3.79996720568178,15.9358310447214,11.35,Asia
Lesotho,LSO,1996,5.59703605867827,9.33031458531928,15.709,Other
Lithuania,LTU,1996,5.02694376847307,24.62519538645,16.4,Other
Luxembourg,LUX,1996,1.39807630241253,1.18385968843573,3.286,Other
Latvia,LVA,1996,2.29996103802466,17.6104698431033,20.7,Other
"Macao SAR, China",MAC,1996,-0.419861406496466,4.82248676783487,4.261,Other
Morocco,MAR,1996,12.3728762700496,2.98680922773017,13.362,Africa
Monaco,MCO,1996,1.11073179729593,,,Other
Moldova,MDA,1996,-5.87706028626823,23.5056772963368,7.9,Other
Madagascar,MDG,1996,2.15420447175147,19.7563545439776,6.092,Africa
Maldives,MDV,1996,7.85864699857959,6.24124591476026,1.019,Other
Mexico,MEX,1996,6.21829715869302,34.3783832235168,5.465,Americas
Marshall Islands,MHL,1996,-10.3029571066249,,,Other
North Macedonia,MKD,1996,1.18510388873231,2.46660008582917,38.8,Other
Mali,MLI,1996,6.36569576896082,6.80545996788233,1.421,Africa
Malta,MLT,1996,3.77733599690488,2.05400000000009,6.329,Other
Myanmar,MMR,1996,6.44271534713997,16.2753966377374,0.753,Asia
Montenegro,MNE,1996,,,30.173,Other
Mongolia,MNG,1996,2.23509384338665,46.8899521531102,5.53,Asia
Mozambique,MOZ,1996,10.6959109797718,,2.763,Africa
Mauritania,MRT,1996,5.81882663043594,4.68130623916413,9.764,Other
Mauritius,MUS,1996,5.5878439266625,6.55097336065573,9.503,Other
Malawi,MWI,1996,7.3166817822397,37.6020450235016,4.94,Other
Malaysia,MYS,1996,10.0027006861844,3.48855945858916,2.52,Asia
Namibia,NAM,1996,3.19132430111469,,22.844,Other
New Caledonia,NCL,1996,0.449879083505621,,18.64,Other
Niger,NER,1996,0.100530504281409,5.28885751264882,1.498,Africa
Nigeria,NGA,1996,4.19592404666709,29.2682926829272,4.043,Africa
Nicaragua,NIC,1996,6.3442683605154,,7.12,Americas
Netherlands,NLD,1996,3.42063535269868,2.11378787066774,6.421,Europe
Norway,NOR,1996,4.96949434701779,1.26253249164501,5.036,Europe
Nepal,NPL,1996,5.32828417508708,9.22046662376986,10.446,Asia
Naoero,NRU,1996,-11.8595716961284,,,Other
New Zealand,NZL,1996,3.59083953715972,2.28571305402195,6.29,Oceania
Oman,OMN,1996,3.04593990978547,,4.254,Middle East
Pakistan,PAK,1996,4.84658128681654,10.3738085885002,0.6,Asia
Panama,PAN,1996,4.0797027065703,1.25571661111546,6.728,Americas
Peru,PER,1996,2.79897307912609,11.5379424115177,4.929,Americas
Philippines,PHL,1996,5.8603478716379,7.4761037778791,3.607,Asia
Palau,PLW,1996,10.3999989409142,,,Other
Papua New Guinea,PNG,1996,7.73369579796399,11.6241782908448,2.728,Oceania
Poland,POL,1996,6.09387747385628,19.7949669196707,12.684,Europe
Puerto Rico (US),PRI,1996,2.31370752929453,,13.64,Other
"Korea, Dem. People's Rep.",PRK,1996,,,3.153,Other
Portugal,PRT,1996,3.50424653058748,3.06897732509786,7.298,Europe
Paraguay,PRY,1996,1.57378513175006,9.79968339016083,8.15,Americas
West Bank and Gaza,PSE,1996,1.21453753437805,,10.726,Other
French Polynesia,PYF,1996,-0.668536562658289,,11.92,Other
Qatar,QAT,1996,4.3739105695453,4.90453460620532,0.87,Middle East
Romania,ROU,1996,3.90770208816159,38.8293013382852,6.74,Europe
Russian Federation,RUS,1996,-3.7550694383594,47.7520122009939,9.665,Other
Rwanda,RWA,1996,12.7456957642204,7.41137173526642,11.507,Africa
Saudi Arabia,SAU,1996,3.30468254228352,1.22206054877756,5.804,Middle East
Sudan,SDN,1996,5.9191237633176,132.823777374139,15.605,Other
Senegal,SEN,1996,2.01997720854131,2.75430663482407,2.831,Africa
Singapore,SGP,1996,7.47139086002002,1.38318052481876,3.57,Other
Solomon Islands,SLB,1996,1.60990760846707,11.7743563856637,1.875,Oceania
Sierra Leone,SLE,1996,1.75382062624389,,4.313,Other
El Salvador,SLV,1996,0.811461899328009,9.78892040179966,7.68,Americas
"Somalia, Fed. Rep.",SOM,1996,8.04601505009022,,19.463,Other
Serbia,SRB,1996,6.16496253825672,95.6009261208171,13.2,Other
South Sudan,SSD,1996,,,12.314,Other
Sao Tome and Principe,STP,1996,1.50000107570656,,14.33,Other
Suriname,SUR,1996,1.00000122281456,-0.701887251452818,10.88,Other
Slovak Republic,SVK,1996,6.11957878556568,5.7758278615594,11.341,Other
Slovenia,SVN,1996,2.91361775262531,9.86445061546854,6.879,Other
Sweden,SWE,1996,1.70471985374236,0.533131978766238,9.547,Europe
Eswatini,SWZ,1996,3.84205383650107,6.42521330315218,22.074,Other
Seychelles,SYC,1996,9.99794595219808,-1.10024449877743,,Other
Syrian Arab Republic,SYR,1996,9.82556940470964,8.2498900991551,7.221,Middle East
Chad,TCD,1996,2.21447303497622,11.3308789057282,0.7,Other
Togo,TGO,1996,8.83621162979911,4.68749999999996,3.606,Other
Thailand,THA,1996,5.65194446499471,5.80510554737349,1.071,Asia
Tajikistan,TJK,1996,-16.6999984353389,,4.05,Asia
Turkmenistan,TKM,1996,6.69999198681985,,10.3,Other
Timor-Leste,TLS,1996,7.9821850008766,,3.372,Other
Tonga,TON,1996,0.0929181768768501,2.99528023991141,2.404,Oceania
Trinidad and Tobago,TTO,1996,7.13447746480871,3.40457442819624,16.25,Other
Tunisia,TUN,1996,7.14608096782061,3.72514472690715,16.061,Other
Turkiye,TUR,1996,7.15779847930847,80.4121511388042,6.629,Other
Tuvalu,TUV,1996,-5.96137047461905,,,Other
Tanzania,TZA,1996,4.54436680394173,20.9772596430629,3.475,Africa
Uganda,UGA,1996,9.07211457909349,7.19164660433344,3.169,Other
Ukraine,UKR,1996,-10.0,80.3255014551742,7.65,Europe
Uruguay,URY,1996,5.57795776385868,28.3420486004309,11.93,Americas
United States,USA,1996,3.77277269047364,2.93120419993441,5.451,Americas
Uzbekistan,UZB,1996,1.700000003062,,10.7,Asia
St. Vincent and the Grenadines,VCT,1996,1.28791200314089,4.40790113846454,20.343,Other
"Venezuela, RB",VEN,1996,-0.25316455696202,,11.77,Americas
Virgin Islands (U.S.),VIR,1996,,,10.647,Other
Viet Nam,VNM,1996,9.34001749939179,5.67499999999992,1.93,Asia
Vanuatu,VUT,1996,2.32733541644214,0.906344410876219,8.091,Oceania
Samoa,WSM,1996,7.17896881783187,5.37461972030278,3.515,Oceania
"Yemen, Rep.",YEM,1996,4.63496731668951,30.7337332718043,9.585,Middle East
South Africa,ZAF,1996,4.29999999726792,7.35411972085333,22.5,Africa
Zambia,ZMB,1996,6.21854648894293,43.0730979982882,15.3,Other
Zimbabwe,ZWE,1996,10.3607384594087,,6.151,Other
Aruba,ABW,1997,7.04687499241221,2.99994809778412,,Other
Afghanistan,AFG,1997,,,7.863,Asia
Angola,AGO,1997,7.27427735417383,219.176721172974,16.064,Africa
Albania,ALB,1997,-11.7115732812278,33.1802743753956,16.872,Other
Andorra,AND,1997,9.06767205144135,,,Other
United Arab Emirates,ARE,1997,8.19026264308846,,1.906,Middle East
Argentina,ARG,1997,8.1110467707457,,14.82,Americas
Armenia,ARM,1997,3.32107970046953,13.960764121791,10.8,Other
Antigua and Barbuda,ATG,1997,5.47125581395349,,,Other
Australia,AUS,1997,3.91795814771731,0.224895027032537,8.367,Oceania
Austria,AUT,1997,2.1458350552646,1.30597857227691,5.15,Europe
Azerbaijan,AZE,1997,5.80000014795783,3.67434809684727,9.1,Other
Burundi,BDI,1997,-1.58999999685828,31.1115898319695,3.124,Other
Belgium,BEL,1997,3.79367165541437,1.62816049512954,8.95,Europe
Benin,BEN,1997,5.73468837521307,3.46629590564776,1.1,Other
Burkina Faso,BFA,1997,6.31683473483768,2.31869062176683,2.412,Africa
Bangladesh,BGD,1997,4.4898964976265,5.30560105668802,2.698,Asia
Bulgaria,BGR,1997,-14.1153771596692,1058.37355921973,13.7,Other
Bahrain,BHR,1997,3.09299923370425,2.43155133955926,1.125,Middle East
"Bahamas, The",BHS,1997,1.28775320549799,0.544150383378688,9.76,Other
Bosnia and Herzegovina,BIH,1997,36.6411285333574,,22.586,Other
Belarus,BLR,1997,11.4000054007553,63.937366335748,17.1,Other
Belize,BLZ,1997,4.2346158780441,1.1490375676054,12.68,Other
Bermuda,BMU,1997,4.60000084263363,,,Other
Bolivia,BOL,1997,4.95420873383996,4.70844436028193,2.08,Americas
Brazil,BRA,1997,3.39484598630671,6.92671251629154,9.003,Americas
Barbados,BRB,1997,4.74010359217981,7.71053878969883,14.61,Other
Brunei Darussalam,BRN,1997,6.34394499326551,1.71156004489335,5.204,Other
Bhutan,BTN,1997,5.37383854585261,6.50548718269086,1.393,Other
Botswana,BWA,1997,8.32589088396591,8.71993127147747,21.031,Other
Central African Republic,CAF,1997,5.29993601826074,1.61131347760911,5.797,Other
Canada,CAN,1997,4.28016680422402,1.62121638084531,9.1,Other
Switzerland,CHE,1997,2.09761680316545,0.52022542273664,4.127,Europe
Channel Islands,CHI,1997,,,6.685,Other
Chile,CHL,1997,7.3917392684331,6.13386464357927,7.136,Americas
China,CHN,1997,9.29759460595947,2.78646505531882,3.23,Asia
Cote d'Ivoire,CIV,1997,9.6488400474633,4.02083333333306,3.964,Africa
Cameroon,CMR,1997,4.52731376625037,4.78623881860376,7.859,Africa
"Congo, Dem. Rep.",COD,1997,-5.61704659890269,198.516707416463,3.171,Other
"Congo, Rep.",COG,1997,-0.624812152260716,,19.886,Other
Colombia,COL,1997,3.43029367788374,18.4700217119089,12.14,Americas
Comoros,COM,1997,4.41042562590719,,4.561,Other
Cabo Verde,CPV,1997,11.1184260583756,8.55606258148634,13.01,Other
Costa Rica,CRI,1997,5.47616597492105,13.2480440791191,5.68,Americas
Cuba,CUB,1997,2.78342504174314,,7.1,Americas
Cyprus,CYP,1997,2.64093066351474,3.6053444436463,3.4,Other
Czechia,CZE,1997,-0.595838414214853,8.59615666715564,4.674,Europe
Germany,DEU,1997,1.85432238398302,1.93936968221574,9.861,Europe
Djibouti,DJI,1997,,,27.176,Other
Dominica,DMA,1997,2.18562742404438,2.43629715479674,,Other
Denmark,DNK,1997,3.16848143784479,2.1821667790712,5.4,Europe
Dominican Republic,DOM,1997,8.89955230035797,8.29656754792046,6.323,Americas
Algeria,DZA,1997,1.09999993684249,5.73352275357187,25.43,Africa
Ecuador,ECU,1997,4.32786475767577,30.6575675722173,4.424,Americas
"Egypt, Arab Rep.",EGY,1997,5.49235474302942,4.62560578826438,8.37,Africa
Eritrea,ERI,1997,7.90868457794079,,5.4,Other
Spain,ESP,1997,3.58729972356299,1.97107395582926,20.698,Europe
Estonia,EST,1997,13.0500207047869,10.5818789322146,10.369,Other
Ethiopia,ETH,1997,3.1339068517801,2.39520958083829,3.227,Africa
Finland,FIN,1997,6.39770068404337,1.19255883425843,14.967,Europe
Fiji,FJI,1997,-2.19999958040422,3.36814006437944,4.725,Oceania
France,FRA,1997,2.5270616339357,1.20394294026964,12.566,Europe
"Micronesia, Fed. Sts.",FSM,1997,-6.21109742847426,,,Oceania
Gabon,GAB,1997,5.73836739483843,3.973450075453,17.166,Other
United Kingdom,GBR,1997,4.8799853038024,2.20114313510882,7.072,Europe
Georgia,GEO,1997,10.5208042446244,7.08761762948726,11.5,Other
Ghana,GHA,1997,4.19635744019571,27.8852086407527,7.639,Africa
Guinea,GIN,1997,5.18160345773762,,4.477,Africa
"Gambia, The",GMB,1997,4.89999910999681,2.78122790023229,9.999,Other
Guinea-Bissau,GNB,1997,6.49999999321456,49.1009235769531,2.951,Other
Equatorial Guinea,GNQ,1997,149.972963487965,3.01650540694366,7.263,Other
Greece,GRC,1997,3.60288326516122,5.5360026677348,10.472,Europe
Grenada,GRD,1997,5.01549460936745,1.24452782989343,,Other
Greenland,GRL,1997,1.46892638096972,,,Other
Guatemala,GTM,1997,4.36408994678341,9.23290294884935,2.145,Americas
Guam,GUM,1997,,,9.67,Other
Guyana,GUY,1997,6.18066561019938,3.55567090578808,11.565,Other
"Hong Kong SAR, China",HKG,1997,5.09969994681332,5.77663671373521,2.22,Other
Honduras,HND,1997,22.4277452884418,20.1998667554962,3.32,Americas
Croatia,HRV,1997,6.16532327216601,4.17066155321186,9.71,Other
Haiti,HTI,1997,2.70471393077787,20.5590073395833,7.003,Other
Hungary,HUN,1997,2.97787906543104,18.3050744143799,8.991,Europe
Indonesia,IDN,1997,4.69987885390397,6.22615154887214,4.684,Asia
Isle of Man,IMN,1997,8.5999943330298,,,Other
India,IND,1997,4.04982084902483,7.16425211462721,7.574,Asia
Ireland,IRL,1997,11.0217650823433,1.5418020226137,10.191,Other
"Iran, Islamic Rep.",IRN,1997,1.3503992743003,17.3492257538708,9.68,Middle East
Iraq,IRQ,1997,21.2379361287918,23.0631996788727,8.269,Middle East
Iceland,ISL,1997,4.14087045329792,1.81543080282254,3.72,Other
Israel,ISR,1997,3.61026597240067,8.95499383477184,9.751,Middle East
Italy,ITA,1997,1.92572122608527,2.04310779750136,11.985,Europe
Jamaica,JAM,1997,-1.14045987350366,9.65755261268595,6.693,Other
Jordan,JOR,1997,3.30847538304697,3.0378842030025,13.74,Middle East
Japan,JPN,1997,1.36297109407448,1.74780458692133,3.374,Asia
Kazakhstan,KAZ,1997,1.69999999949513,17.4080410607357,13.01,Asia
Kenya,KEN,1997,0.474901921293579,11.3618450505783,2.818,Africa
Kyrgyz Republic,KGZ,1997,9.91525389550945,23.4354278497005,1.739,Other
Cambodia,KHM,1997,4.00662107873787,7.96021397777456,0.638,Asia
Kiribati,KIR,1997,1.17713309543956,,,Oceania
St. Kitts and Nevis,KNA,1997,6.82396677607342,8.90518339116016,,Other
"Korea, Rep.",KOR,1997,6.2821926537929,4.4389318457463,2.608,Asia
Kuwait,KWT,1997,2.47332525804084,0.682191434707604,0.7,Middle East
Lao PDR,LAO,1997,6.87209127120695,27.5088624491449,2.354,Other
Lebanon,LBN,1997,1.05496666740667,,8.62,Middle East
Liberia,LBR,1997,106.279814466616,,2.195,Other
Libya,LBY,1997,5.21267102136972,3.55029585798822,19.151,Other
St. Lucia,LCA,1997,-0.694130142059308,-0.0055202870547238,20.47,Other
Liechtenstein,LIE,1997,7.22513485456875,,,Other
Sri Lanka,LKA,1997,6.40539969571286,9.57369626405162,10.6,Asia
Lesotho,LSO,1997,3.70360343607432,,15.822,Other
Lithuania,LTU,1997,8.30063037348748,8.88104848465892,14.13,Other
Luxembourg,LUX,1997,5.41972646151088,1.36751261207932,2.527,Other
Latvia,LVA,1997,9.17147634072084,8.44738342092961,14.9,Other
"Macao SAR, China",MAC,1997,-0.278986192547762,3.49093715138855,3.225,Other
Morocco,MAR,1997,-1.56070234550782,1.03819895051614,14.025,Africa
Monaco,MCO,1997,2.23724927742614,,,Other
Moldova,MDA,1997,1.64706456037401,11.7728324494467,7.9,Other
Madagascar,MDG,1997,3.69349261691789,4.48638261737399,5.971,Africa
Maldives,MDV,1997,8.39794100450224,7.57283467072592,1.25,Other
Mexico,MEX,1997,7.19887615284711,20.6256287259247,4.235,Americas
Marshall Islands,MHL,1997,-6.4456755576108,,,Other
North Macedonia,MKD,1997,1.43998133659125,1.29436487155047,36.0,Other
Mali,MLI,1997,4.12133954313308,-0.362999795946695,1.411,Africa
Malta,MLT,1997,5.25698063086301,3.11207791953272,6.328,Other
Myanmar,MMR,1997,5.65158296304853,29.6972325791529,0.764,Asia
Montenegro,MNE,1997,,,30.219,Other
Mongolia,MNG,1997,3.89671358377919,36.5561148948773,5.608,Asia
Mozambique,MOZ,1997,11.8149459447588,,2.7,Africa
Mauritania,MRT,1997,-4.04469654678218,4.62534695318394,9.788,Other
Mauritius,MUS,1997,5.68747741886639,6.83334334996102,9.381,Other
Malawi,MWI,1997,3.79241909354917,9.13735243003495,4.69,Other
Malaysia,MYS,1997,7.32274185035924,2.66251459711946,2.45,Asia
Namibia,NAM,1997,4.22010030384476,,24.45,Other
New Caledonia,NCL,1997,2.00715233042861,,18.382,Other
Niger,NER,1997,1.52747571050666,2.93345253394422,1.503,Africa
Nigeria,NGA,1997,2.93709941923106,8.52987421383633,3.964,Africa
Nicaragua,NIC,1997,3.96665092760821,,7.1,Americas
Netherlands,NLD,1997,4.24847396941847,2.10924562739483,5.511,Europe
Norway,NOR,1997,5.09208924000464,2.56692335900252,4.687,Europe
Nepal,NPL,1997,5.04861254517328,4.00998860523181,10.512,Asia
Naoero,NRU,1997,-8.95358291302432,,,Other
New Zealand,NZL,1997,2.07551582422867,1.18714833105632,6.857,Oceania
Oman,OMN,1997,6.03351250709945,,4.196,Middle East
Pakistan,PAK,1997,1.01439601077892,11.3754928865122,0.611,Asia
Panama,PAN,1997,7.70904000189154,1.32435122100608,6.588,Americas
Peru,PER,1997,6.47682442079709,8.56218948953653,4.762,Americas
Philippines,PHL,1997,5.18641167406165,5.59025939650601,3.592,Asia
Palau,PLW,1997,2.30000147894631,,,Other
Papua New Guinea,PNG,1997,-3.90438965639359,3.96437805228409,2.854,Oceania
Poland,POL,1997,6.35890635030509,14.91315861496,10.964,Europe
Puerto Rico (US),PRI,1997,4.88008720859467,,13.8,Other
"Korea, Dem. People's Rep.",PRK,1997,,,3.253,Other
Portugal,PRT,1997,4.40086766458026,2.33686298314114,6.571,Europe
Paraguay,PRY,1997,4.24251610269859,6.94956608534118,5.36,Americas
West Bank and Gaza,PSE,1997,14.6676392814808,7.08700591205709,10.522,Other
French Polynesia,PYF,1997,-0.122814651501315,,11.866,Other
Qatar,QAT,1997,30.0120397093796,4.83448981913322,0.87,Middle East
Romania,ROU,1997,-4.8490627379703,154.763480436309,5.515,Europe
Russian Federation,RUS,1997,1.3999158052963,14.761329268806,11.813,Other
Rwanda,RWA,1997,13.8497524852284,12.0154225195686,11.087,Africa
Saudi Arabia,SAU,1997,2.64731939948642,0.0571506050626489,5.283,Middle East
Sudan,SDN,1997,18.3126571850273,47.1685369647197,15.324,Other
Senegal,SEN,1997,3.04560103485423,1.75316478097236,2.759,Africa
Singapore,SGP,1997,8.31620911124497,2.00358618538962,2.5,Other
Solomon Islands,SLB,1997,-0.91407746990609,8.08400135486043,2.009,Oceania
Sierra Leone,SLE,1997,-5.87708084575527,,4.363,Other
El Salvador,SLV,1997,3.13797006665828,4.49013627855204,7.98,Americas
"Somalia, Fed. Rep.",SOM,1997,1.18049184621003,,18.899,Other
Serbia,SRB,1997,8.93321347004755,23.307866135801,13.8,Other
South Sudan,SSD,1997,,,12.068,Other
Sao Tome and Principe,STP,1997,0.996320930540918,35.81717824448,14.414,Other
Suriname,SUR,1997,5.6999976832949,7.14511160883929,10.56,Other
Slovak Republic,SVK,1997,5.48584018546269,6.14198999595657,11.894,Other
Slovenia,SVN,1997,5.17133827310541,8.35967990704302,6.648,Other
Sweden,SWE,1997,3.06499186399252,0.658410256243526,10.359,Europe
Eswatini,SWZ,1997,3.10280518683581,7.12532722513057,22.5,Other
Seychelles,SYC,1997,12.193641751411,0.618046971569891,,Other
Syrian Arab Republic,SYR,1997,5.0238045081104,1.88611136179086,7.31,Middle East
Chad,TCD,1997,5.65339232904813,5.5722571112533,0.732,Other
Togo,TGO,1997,14.3773775724317,8.25082508250802,3.618,Other
Thailand,THA,1997,-2.75357515314082,5.62579747129106,0.873,Asia
Tajikistan,TJK,1997,1.68067413588066,,4.15,Asia
Turkmenistan,TKM,1997,-11.4000001301061,,11.0,Other
Timor-Leste,TLS,1997,3.99999400523568,,3.406,Other
Tonga,TON,1997,-0.600537843483892,2.12473132408038,2.877,Oceania
Trinidad and Tobago,TTO,1997,7.52285462627518,3.62607875843081,15.01,Other
Tunisia,TUN,1997,5.44094350107467,3.65202620723071,15.94,Other
Turkiye,TUR,1997,7.3578623747848,85.6693616499779,6.841,Other
Tuvalu,TUV,1997,10.0033027825943,,,Other
Tanzania,TZA,1997,3.52527818941036,16.0906549283201,3.342,Africa
Uganda,UGA,1997,5.10000186476283,8.16902144106963,3.209,Other
Ukraine,UKR,1997,-2.99999999842365,15.940599414943,8.93,Europe
Uruguay,URY,1997,8.54768320111596,19.8188093183779,11.44,Americas
United States,USA,1997,4.44712793442667,2.33768993730735,5.0,Americas
Uzbekistan,UZB,1997,5.19999999656406,,10.9,Asia
St. Vincent and the Grenadines,VCT,1997,3.50515087270627,0.443616029823348,20.133,Other
"Venezuela, RB",VEN,1997,6.34517766497463,,11.16,Americas
Virgin Islands (U.S.),VIR,1997,,,10.547,Other
Viet Nam,VNM,1997,8.1520841433542,3.20952606261375,2.87,Asia
Vanuatu,VUT,1997,4.90681267768771,2.83070223189979,8.221,Oceania
Samoa,WSM,1997,0.643425004323134,6.86182355310877,3.78,Oceania
"Yemen, Rep.",YEM,1997,5.23111204040379,2.17672667372646,10.223,Middle East
South Africa,ZAF,1997,2.60000000146347,8.59777611252274,22.549,Africa
Zambia,ZMB,1997,3.81400749718355,24.4187215689412,13.273,Other
Zimbabwe,ZWE,1997,2.68054632259202,,6.93,Other
Aruba,ABW,1998,1.99198444906199,1.8694885361554,,Other
Afghanistan,AFG,1998,,,7.869,Asia
Angola,AGO,1998,4.69114645217414,107.284821528298,16.29,Africa
Albania,ALB,1998,8.3100252038309,20.6428588670596,20.042,Other
Andorra,AND,1998,3.19479339289236,,,Other
United Arab Emirates,ARE,1998,0.292226494694063,,2.068,Middle East
Argentina,ARG,1998,3.85017885156228,,12.65,Americas
Armenia,ARM,1998,7.29999998770998,8.67248632385158,9.4,Other
Antigua and Barbuda,ATG,1998,4.73127914935051,,,Other
Australia,AUS,1998,4.67681373479508,0.860129922016289,7.684,Oceania
Austria,AUT,1998,3.49288002962309,0.922467196680849,5.483,Europe
Azerbaijan,AZE,1998,9.99999961153691,-0.772697886033166,10.0,Other
Burundi,BDI,1998,4.74999999509613,12.5004107653378,3.156,Other
Belgium,BEL,1998,1.96183240455609,0.94925028835061,9.322,Europe
Benin,BEN,1998,3.96101213832645,5.75331458417064,1.048,Other
Burkina Faso,BFA,1998,7.30771963496896,5.08433344145324,2.44,Africa
Bangladesh,BGD,1998,5.1770268731498,8.40223795613228,2.893,Asia
Bulgaria,BGR,1998,3.7891144939896,18.6722044420641,12.2,Other
Bahrain,BHR,1998,4.79000359326143,-0.366533864541774,1.114,Middle East
"Bahamas, The",BHS,1998,4.71679855496301,1.33661336613371,7.65,Other
Bosnia and Herzegovina,BIH,1998,16.6163750921985,,23.494,Other
Belarus,BLR,1998,8.3999913697987,72.8697170535353,14.0,Other
Belize,BLZ,1998,3.89301999542513,2.1952625003759,14.31,Other
Bermuda,BMU,1998,3.90000009423035,,,Other
Bolivia,BOL,1998,5.02935475584462,7.67322895675083,2.121,Americas
Brazil,BRA,1998,0.338097901207306,3.19507629280052,10.15,Americas
Barbados,BRB,1998,3.72846419786779,-1.26888660701213,12.4,Other
Brunei Darussalam,BRN,1998,-6.65715931266875,-0.4413793103449,5.356,Other
Bhutan,BTN,1998,5.91403093576604,10.5855899892463,1.4,Other
Botswana,BWA,1998,0.443663586075374,6.66139865665752,20.86,Other
Central African Republic,CAF,1998,4.70014237879329,-1.8852009615791,5.773,Other
Canada,CAN,1998,3.89288658501088,0.99594245665802,8.278,Other
Switzerland,CHE,1998,2.77611373648112,0.0179384378439321,3.568,Europe
Channel Islands,CHI,1998,,,6.278,Other
Chile,CHL,1998,4.18088662700669,5.11024954517559,7.307,Americas
China,CHN,1998,7.92354535108497,-0.773186011549318,3.24,Asia
Cote d'Ivoire,CIV,1998,4.26390594437231,4.61144759515372,4.1,Africa
Cameroon,CMR,1998,4.72553484802563,3.17075185386907,7.695,Africa
"Congo, Dem. Rep.",COD,1998,-1.62415404433756,29.1488069236652,3.195,Other
"Congo, Rep.",COG,1998,3.73755276980884,,19.898,Other
Colombia,COL,1998,0.569784088434517,18.6769799276672,15.0,Americas
Comoros,COM,1998,0.0250407992332242,,4.614,Other
Cabo Verde,CPV,1998,12.5172857879884,4.39423509983477,13.055,Other
Costa Rica,CRI,1998,7.08853729218445,11.6592997742233,5.33,Americas
Cuba,CUB,1998,0.159146052326719,,6.23,Americas
Cyprus,CYP,1998,6.11088294947106,2.22770732654316,3.3,Other
Czechia,CZE,1998,-0.393150193750415,10.6983655274888,6.455,Europe
Germany,DEU,1998,2.09561231172233,0.911184687196224,9.787,Europe
Djibouti,DJI,1998,,,27.027,Other
Dominica,DMA,1998,3.77423043853915,0.999147457910748,,Other
Denmark,DNK,1998,2.32630274538961,1.84565122007883,5.039,Europe
Dominican Republic,DOM,1998,6.70585570778992,4.83166558591895,6.304,Americas
Algeria,DZA,1998,5.10000361107312,4.95016163793114,26.85,Africa
Ecuador,ECU,1998,3.26652934570988,36.0984331623886,4.389,Americas
"Egypt, Arab Rep.",EGY,1998,5.575497460986,3.8725754642749,8.03,Africa
Eritrea,ERI,1998,1.77258309100318,,5.501,Other
Spain,ESP,1998,4.30197745333581,1.83432999908414,18.673,Europe
Estonia,EST,1998,4.33982761193587,8.20833333333298,9.51,Other
Ethiopia,ETH,1998,-3.4581391346848,0.894801693964107,3.481,Africa
Finland,FIN,1998,5.45427021765444,1.39947378579837,13.214,Europe
Fiji,FJI,1998,1.29999962239084,5.71168160413118,4.746,Oceania
France,FRA,1998,3.45259434279616,0.651126867833073,12.074,Europe
"Micronesia, Fed. Sts.",FSM,1998,2.83681803499502,,,Oceania
Gabon,GAB,1998,3.47783358718901,1.44873854294598,17.152,Other
United Kingdom,GBR,1998,3.24631482881618,1.82056163731557,6.198,Europe
Georgia,GEO,1998,3.10150969616576,3.56680781278783,14.53,Other
Ghana,GHA,1998,4.70039078427911,14.6241666666675,8.2,Africa
Guinea,GIN,1998,3.64412124205991,,4.501,Africa
"Gambia, The",GMB,1998,3.49999870205306,1.11418841174713,9.898,Other
Guinea-Bissau,GNB,1998,-22.4457270657526,8.01375518965603,3.349,Other
Equatorial Guinea,GNQ,1998,23.7744823299607,7.93571069814148,7.332,Other
Greece,GRC,1998,3.43693579661333,4.76622572397641,12.227,Europe
Grenada,GRD,1998,11.7535029919192,1.37769330389496,,Other
Greenland,GRL,1998,7.75798174482551,,,Other
Guatemala,GTM,1998,4.99352780305848,6.61346070518058,2.145,Americas
Guam,GUM,1998,,,7.74,Other
Guyana,GUY,1998,-1.67910449189729,4.58646616541351,11.687,Other
"Hong Kong SAR, China",HKG,1998,-5.88263751764842,2.91262135922399,4.58,Other
Honduras,HND,1998,11.5761659693973,13.6681077485868,4.02,Americas
Croatia,HRV,1998,2.25345287133511,6.39668660837555,11.392,Other
Haiti,HTI,1998,2.18184032957123,5.26903547042201,7.165,Other
Hungary,HUN,1998,3.84810814449837,14.153789654534,8.925,Europe
Indonesia,IDN,1998,-13.1267254923818,58.4510413515526,5.459,Asia
Isle of Man,IMN,1998,13.5000059594272,,,Other
India,IND,1998,6.18441582080355,13.2308389767977,7.596,Asia
Ireland,IRL,1998,8.7661226571214,2.40768094534715,7.699,Other
"Iran, Islamic Rep.",IRN,1998,2.08001178027133,17.8661342130398,10.358,Middle East
Iraq,IRQ,1998,35.0009676191703,14.7687735575529,8.064,Middle East
Iceland,ISL,1998,7.01048323038307,1.65924170953419,3.069,Other
Israel,ISR,1998,4.1019344139424,5.48875371339656,10.749,Middle East
Italy,ITA,1998,1.8043732818638,1.95508557719381,12.117,Europe
Jamaica,JAM,1998,-2.33455353946911,8.63189613012144,6.846,Other
Jordan,JOR,1998,3.0121726904659,3.09166666666703,13.841,Middle East
Japan,JPN,1998,-1.77264091037956,0.661974191385911,4.078,Asia
Kazakhstan,KAZ,1998,-1.89999999942479,7.14632665452334,13.13,Asia
Kenya,KEN,1998,3.29021372249065,6.72243650753928,2.843,Africa
Kyrgyz Republic,KGZ,1998,2.12183528473682,10.4573825846721,1.861,Other
Cambodia,KHM,1998,4.68163210426384,14.8065035437763,0.712,Asia
Kiribati,KIR,1998,4.44227399222601,,,Oceania
St. Kitts and Nevis,KNA,1998,-0.486745779185156,3.44635865955273,,Other
"Korea, Rep.",KOR,1998,-4.9389297463141,7.51358008079307,6.963,Asia
Kuwait,KWT,1998,3.66205472795443,0.129658287674027,0.7,Middle East
Lao PDR,LAO,1998,3.96760809197698,90.9807345622878,2.293,Other
Lebanon,LBN,1998,3.66572378505683,,8.571,Middle East
Liberia,LBR,1998,30.2081273744464,,2.061,Other
Libya,LBY,1998,-3.55224474739784,3.70927318295734,19.192,Other
St. Lucia,LCA,1998,6.28647121511862,3.20194341679091,21.6,Other
Liechtenstein,LIE,1998,7.76126283694691,,,Other
Sri Lanka,LKA,1998,4.69842304772052,9.36424300683229,9.17,Asia
Lesotho,LSO,1998,1.53765589433743,,15.913,Other
Lithuania,LTU,1998,7.46293714937232,5.06755385841968,13.711,Other
Luxembourg,LUX,1998,6.67419503775402,0.958570110494753,2.763,Other
Latvia,LVA,1998,6.55000264756266,4.64421422660783,14.454,Other
"Macao SAR, China",MAC,1998,-4.57110341884395,0.172630384568516,4.607,Other
Morocco,MAR,1998,7.23855267691987,2.75311330764477,13.359,Africa
Monaco,MCO,1998,3.50326599643141,,,Other
Moldova,MDA,1998,-6.54219207711182,7.69576517517204,10.0,Other
Madagascar,MDG,1998,3.91707460516817,6.2080160866332,5.901,Africa
Maldives,MDV,1998,7.4946829140504,-1.40425233816792,1.489,Other
Mexico,MEX,1998,6.18507893082885,15.9283950119353,3.733,Americas
Marshall Islands,MHL,1998,-0.674095984599532,,,Other
North Macedonia,MKD,1998,3.37873564718296,0.544199652523073,34.5,Other
Mali,MLI,1998,6.65326037352882,4.03658945954986,1.342,Africa
Malta,MLT,1998,5.12560250721334,2.38525135417661,6.326,Other
Myanmar,MMR,1998,5.86621315328905,51.4875497504079,0.772,Asia
Montenegro,MNE,1998,4.90000432852622,,30.21,Other
Mongolia,MNG,1998,3.33993659935817,9.35704217716548,5.752,Asia
Mozambique,MOZ,1998,10.3692324974977,,2.64,Africa
Mauritania,MRT,1998,2.77780479737015,8.03166665498858,9.975,Other
Mauritius,MUS,1998,6.07194017756207,6.81079323797193,9.253,Other
Malawi,MWI,1998,3.89525350328424,29.7486512828264,4.921,Other
Malaysia,MYS,1998,-7.35941518817556,5.27034200348766,3.2,Asia
Namibia,NAM,1998,3.29158562064818,,23.083,Other
New Caledonia,NCL,1998,-3.20027552726621,,18.519,Other
Niger,NER,1998,9.97261495642444,4.5480157771872,1.381,Africa
Nigeria,NGA,1998,2.58125410190809,9.99637812386806,3.922,Africa
Nicaragua,NIC,1998,3.71168146396694,,7.203,Americas
Netherlands,NLD,1998,4.64770326997895,1.95913632274257,4.394,Europe
Norway,NOR,1998,2.72590814782492,2.25241329996429,3.737,Europe
Nepal,NPL,1998,3.01638947539399,11.2444677818614,10.526,Asia
Naoero,NRU,1998,-11.7879956363066,,,Other
New Zealand,NZL,1998,0.855188594957326,1.26524409915406,7.718,Oceania
Oman,OMN,1998,-0.0678740925781511,,4.346,Middle East
Pakistan,PAK,1998,2.55023429817393,6.22800415424543,0.62,Asia
Panama,PAN,1998,8.38747212468969,0.559081293442494,6.397,Americas
Peru,PER,1998,-0.391537555833821,7.24782175213469,5.099,Americas
Philippines,PHL,1998,-0.514090599541888,9.23493432267121,3.697,Asia
Palau,PLW,1998,1.99998280794706,,,Other
Papua New Guinea,PNG,1998,-3.76911321783457,13.5741917656809,2.86,Oceania
Poland,POL,1998,4.62161133761769,11.5978554257236,9.935,Europe
Puerto Rico (US),PRI,1998,5.53072563643605,,13.46,Other
"Korea, Dem. People's Rep.",PRK,1998,,,3.461,Other
Portugal,PRT,1998,4.80796318953165,2.57275225909131,4.64,Europe
Paraguay,PRY,1998,0.0680377558080636,11.5532684355839,4.417,Americas
West Bank and Gaza,PSE,1998,14.3341073189351,5.57964505838268,10.451,Other
French Polynesia,PYF,1998,1.73337439996173,,11.791,Other
Qatar,QAT,1998,11.2186524616371,2.9513888888889,0.87,Middle East
Romania,ROU,1998,-2.02981290571721,59.0965827541167,5.63,Europe
Russian Federation,RUS,1998,-5.2999616266239,27.6856798076742,13.261,Other
Rwanda,RWA,1998,8.85866949472509,6.2100670945581,11.255,Africa
Saudi Arabia,SAU,1998,2.80381183998992,-0.37126675171199,4.752,Middle East
Sudan,SDN,1998,4.30850425525036,24.6218785461586,15.352,Other
Senegal,SEN,1998,5.89847931769205,1.15678070391341,2.751,Africa
Singapore,SGP,1998,-2.19101500611274,-0.267502292876153,3.41,Other
Solomon Islands,SLB,1998,1.29151109576075,12.3995038128069,2.155,Oceania
Sierra Leone,SLE,1998,1.78501237019348,,4.242,Other
El Salvador,SLV,1998,2.65227730016461,2.54705977554151,7.1,Americas
San Marino,SMR,1998,7.4656188605108,,,Other
"Somalia, Fed. Rep.",SOM,1998,6.58649325372474,,18.825,Other
Serbia,SRB,1998,5.34263970320437,30.1596997992844,13.7,Other
South Sudan,SSD,1998,,,12.095,Other
Sao Tome and Principe,STP,1998,2.49998790327494,50.4931357486254,14.398,Other
Suriname,SUR,1998,2.30000165105389,18.9753691994478,10.63,Other
Slovak Republic,SVK,1998,3.82610773560614,6.66565123195822,12.421,Other
Slovenia,SVN,1998,3.06382595802013,7.89116682856682,7.39,Other
Sweden,SWE,1998,4.24583179417877,-0.267132668354971,8.941,Europe
Eswatini,SWZ,1998,2.60403956171793,8.10996563573863,23.214,Other
Seychelles,SYC,1998,2.4674409352512,2.57985257985242,,Other
Syrian Arab Republic,SYR,1998,6.78530452433867,-0.797165633303916,7.376,Middle East
Chad,TCD,1998,6.95157991370925,4.2588511022514,0.725,Other
Togo,TGO,1998,-2.29987657013699,0.975338381088674,3.78,Other
Thailand,THA,1998,-7.63403528600102,7.99472875027457,3.404,Asia
Tajikistan,TJK,1998,5.31286765940042,,4.65,Asia
Turkmenistan,TKM,1998,7.1000003383482,,12.2,Other
Timor-Leste,TLS,1998,-1.99999615720213,,3.5,Other
Tonga,TON,1998,2.2925765040134,3.27444554260469,3.348,Oceania
Trinidad and Tobago,TTO,1998,8.1245639965458,5.61270907691201,14.21,Other
Tunisia,TUN,1998,4.78376247825665,3.12536579655862,15.473,Other
Turkiye,TUR,1998,1.90857064345151,84.6413434846314,6.888,Other
Tuvalu,TUV,1998,15.5011661260488,,,Other
Tanzania,TZA,1998,3.70851159859504,12.7997540479609,3.283,Africa
Uganda,UGA,1998,4.90526548451564,0.0688041719983172,3.424,Other
Ukraine,UKR,1998,-1.90000000214164,10.5771611482514,11.32,Europe
Uruguay,URY,1998,4.51889009679091,10.8110703055616,9.362,Americas
United States,USA,1998,4.48313335499124,1.55227909874364,4.511,Americas
Uzbekistan,UZB,1998,4.30000000106274,,13.3,Asia
St. Vincent and the Grenadines,VCT,1998,4.0901949332585,2.1424064726839,20.521,Other
"Venezuela, RB",VEN,1998,0.477326968973756,,11.15,Americas
Virgin Islands (U.S.),VIR,1998,,,10.446,Other
Viet Nam,VNM,1998,5.76445545848843,7.26619804400963,2.29,Asia
Vanuatu,VUT,1998,1.17685436113624,3.28215987294863,8.223,Oceania
Samoa,WSM,1998,2.19488971786478,2.21883468834654,4.127,Oceania
"Yemen, Rep.",YEM,1998,6.00669459871877,5.9765085214186,10.828,Middle East
South Africa,ZAF,1998,0.50000000034143,6.88054521037351,22.739,Africa
Zambia,ZMB,1998,-0.38574614579035,24.4584563516656,12.0,Other
Zimbabwe,ZWE,1998,2.88529516415583,,6.381,Other
Aruba,ABW,1999,1.2380418420716,2.28037198258753,,Other
Afghanistan,AFG,1999,,,7.877,Asia
Angola,AGO,1999,2.18148971731765,248.195902412868,16.543,Africa
Albania,ALB,1999,12.2507281968475,0.389437653561628,20.835,Other
Andorra,AND,1999,4.0990789217793,,,Other
United Arab Emirates,ARE,1999,2.90205341564509,,2.195,Middle East
Argentina,ARG,1999,-3.38545704063269,,14.05,Americas
Armenia,ARM,1999,3.30000000058166,0.648245760470385,11.2,Other
Antigua and Barbuda,ATG,1999,3.70774594512658,1.12128789571146,,Other
Australia,AUS,1999,5.02822035850596,1.48313946657267,6.876,Oceania
Austria,AUT,1999,3.76192435190464,0.568993765885531,4.699,Europe
Azerbaijan,AZE,1999,7.40000129958564,-8.52517000536063,10.9,Other
Burundi,BDI,1999,-1.00999999649815,3.38542427340455,3.133,Other
Belgium,BEL,1999,3.54271798823922,1.12084823417847,8.649,Europe
Benin,BEN,1999,5.34144937204417,0.326722893396866,0.949,Other
Burkina Faso,BFA,1999,7.39523780111931,-1.07261362759534,2.552,Africa
Bangladesh,BGD,1999,4.67015636882111,6.10669589841958,3.088,Asia
Bulgaria,BGR,1999,-8.39608774026568,2.57304281890212,14.1,Other
Bahrain,BHR,1999,4.29999824426375,-1.2875879718491,1.112,Middle East
"Bahamas, The",BHS,1999,7.14410390677141,1.2542482602363,7.45,Other
Bosnia and Herzegovina,BIH,1999,9.52156995576404,,24.441,Other
Belarus,BLR,1999,3.3999992040046,293.678750889773,12.8,Other
Belize,BLZ,1999,9.42319471476534,2.62139524582746,12.84,Other
Bermuda,BMU,1999,3.38264701972184,,,Other
Bolivia,BOL,1999,0.426885378297442,2.15951626835598,2.299,Americas
Brazil,BRA,1999,0.467937566477133,4.85844749902667,11.125,Americas
Barbados,BRB,1999,0.33465616730885,1.56006240249605,10.61,Other
Brunei Darussalam,BRN,1999,4.26072216266995,-0.415627597672454,5.415,Other
Bhutan,BTN,1999,7.98397179406629,6.77699393553632,1.4,Other
Botswana,BWA,1999,9.66724070276106,7.74929619202848,18.224,Other
Central African Republic,CAF,1999,3.59997490432274,-1.41420220082551,5.767,Other
Canada,CAN,1999,5.14100348449622,1.73484295105918,7.583,Other
Switzerland,CHE,1999,1.68007571116809,0.806444380959459,3.053,Europe
Channel Islands,CHI,1999,,,5.91,Other
Chile,CHL,1999,-0.2736313981937,3.33687917526023,11.158,Americas
China,CHN,1999,7.74123827728161,-1.40147268276465,3.25,Asia
Cote d'Ivoire,CIV,1999,1.16685998202273,0.702375805955961,4.421,Africa
Cameroon,CMR,1999,4.51130422140731,1.87174500672008,7.595,Africa
"Congo, Dem. Rep.",COD,1999,-4.27014083054951,284.894975914087,3.23,Other
"Congo, Rep.",COG,1999,-2.58219935813743,4.14267137284048,20.141,Other
Colombia,COL,1999,-4.20401524244947,10.8736870857471,20.06,Americas
Comoros,COM,1999,2.69768646408839,,4.544,Other
Cabo Verde,CPV,1999,11.2226484455351,4.35643374510453,13.071,Other
Costa Rica,CRI,1999,4.147800457203,10.0452817292494,5.9,Americas
Cuba,CUB,1999,6.18875530352257,,6.26,Americas
Cyprus,CYP,1999,4.99795469482918,1.62999999999997,5.532,Other
Czechia,CZE,1999,1.37836060943835,2.1354484441733,8.702,Europe
Germany,DEU,1999,2.12957016297766,0.585434192138622,8.854,Europe
Djibouti,DJI,1999,,,26.742,Other
Dominica,DMA,1999,0.354077659205259,1.17947787394175,,Other
Denmark,DNK,1999,2.96730536257029,2.49779544404529,5.141,Europe
Dominican Republic,DOM,1999,5.95651024999543,6.47054186846928,6.312,Americas
Algeria,DZA,1999,3.20000155319546,2.64551113392799,28.575,Africa
Ecuador,ECU,1999,-4.73938585363382,52.2420051858225,4.656,Americas
"Egypt, Arab Rep.",EGY,1999,6.05343878467555,3.07949912638332,7.95,Africa
Eritrea,ERI,1999,0.0134800959108077,,5.604,Other
Spain,ESP,1999,4.40886545305924,2.31034813987063,15.475,Europe
Estonia,EST,1999,-0.425025372086623,3.29611089718909,11.573,Other
Ethiopia,ETH,1999,5.16214582255112,7.94144864137325,3.714,Africa
Finland,FIN,1999,4.38928070374669,1.16223155669441,11.693,Europe
Fiji,FJI,1999,8.79999882804397,1.96867366000919,4.698,Oceania
France,FRA,1999,3.39930808809441,0.537141639134596,11.981,Europe
"Micronesia, Fed. Sts.",FSM,1999,1.12881559676377,,,Oceania
Gabon,GAB,1999,-8.93262280230105,-1.93660397603626,17.599,Other
United Kingdom,GBR,1999,2.94445869854798,1.7529508005142,6.042,Europe
Georgia,GEO,1999,2.86729567454968,19.1926758218895,13.8,Other
Ghana,GHA,1999,4.39999682545296,4.86539785077528,10.1,Africa
Guinea,GIN,1999,3.81200403347202,,4.517,Africa
"Gambia, The",GMB,1999,6.39999905009302,3.8123720536602,9.737,Other
Guinea-Bissau,GNB,1999,16.8150212692905,-2.08630513223527,3.269,Other
Equatorial Guinea,GNQ,1999,25.6640154410418,0.372266170311928,7.417,Other
Greece,GRC,1999,2.65878562321184,2.6366330602198,12.138,Europe
Grenada,GRD,1999,6.89836243368677,0.577427638677119,,Other
Greenland,GRL,1999,1.37788444524006,,,Other
Guatemala,GTM,1999,3.8470621889051,5.21361058601122,2.113,Americas
Guam,GUM,1999,,,13.95,Other
Guyana,GUY,1999,2.96015180311224,7.53821939851392,11.771,Other
"Hong Kong SAR, China",HKG,1999,2.50671604844752,-4.00943396226445,6.25,Other
Honduras,HND,1999,11.5758601448677,11.66374097913,3.85,Americas
Croatia,HRV,1999,-0.850447604002099,4.01913875598084,13.559,Other
Haiti,HTI,1999,2.71024801048499,3.00439421550734,7.2,Other
Hungary,HUN,1999,3.08605811588221,9.99774409303368,6.929,Europe
Indonesia,IDN,1999,0.79112608199847,20.4778324428892,6.358,Asia
Isle of Man,IMN,1999,13.6999970168254,,,Other
India,IND,1999,8.84575556114116,4.6698203803759,7.583,Asia
Ireland,IRL,1999,10.5298856427062,1.62988605221407,5.804,Other
"Iran, Islamic Rep.",IRN,1999,2.00269623253435,20.0707078146866,11.176,Middle East
Iraq,IRQ,1999,17.5801703743879,12.5777623393436,7.979,Middle East
Iceland,ISL,1999,3.89798762511016,3.23183260906471,2.178,Other
Israel,ISR,1999,3.28835789304527,5.18975459299983,11.183,Middle East
Italy,ITA,1999,1.67799157943422,1.66345995007714,11.681,Europe
Jamaica,JAM,1999,1.04767386709968,5.95423949113006,6.813,Other
Jordan,JOR,1999,3.38953079405096,0.606256567779427,13.763,Middle East
Japan,JPN,1999,-0.347600398675738,-0.341296928327554,4.677,Asia
Kazakhstan,KAZ,1999,2.69999999784199,8.29602765342564,13.46,Asia
Kenya,KEN,1999,2.30538859522412,5.74200109520484,2.884,Africa
Kyrgyz Republic,KGZ,1999,3.655789399748,37.0309258369344,2.001,Other
Cambodia,KHM,1999,12.7053811380498,4.00820702088782,0.727,Asia
Kiribati,KIR,1999,-3.91423190476861,,,Oceania
St. Kitts and Nevis,KNA,1999,3.21988642181456,3.36303630363045,,Other
"Korea, Rep.",KOR,1999,11.6172629559591,0.81295725444637,6.342,Asia
Kuwait,KWT,1999,-1.78900912450079,2.99081035923166,0.7,Middle East
Lao PDR,LAO,1999,7.30637607138169,125.27212839928,2.154,Other
Lebanon,LBN,1999,-0.525584634783087,,8.787,Middle East
Liberia,LBR,1999,21.7414468042611,,2.006,Other
Libya,LBY,1999,0.749659257603952,2.64862252295822,19.233,Other
St. Lucia,LCA,1999,2.67060351127419,3.50379784108942,18.09,Other
Liechtenstein,LIE,1999,10.4109232010236,,,Other
Sri Lanka,LKA,1999,4.30054049813373,4.69170563048438,8.88,Asia
Lesotho,LSO,1999,0.476025052201194,,16.167,Other
Lithuania,LTU,1999,-1.09700818020993,0.727550626557424,13.388,Other
Luxembourg,LUX,1999,8.17613777063244,1.02519676474926,2.39,Other
Latvia,LVA,1999,2.81840455944993,2.36481836111805,13.79,Other
"Macao SAR, China",MAC,1999,-2.35859213250518,-3.20416248186587,6.34,Other
Morocco,MAR,1999,1.6970614772566,0.684782608695643,13.94,Africa
Monaco,MCO,1999,3.30053899589946,,,Other
Moldova,MDA,1999,-3.36825447657218,39.2559806891747,11.14,Other
Madagascar,MDG,1999,4.69922703680521,9.92953399348781,5.822,Africa
Maldives,MDV,1999,6.17565592929535,2.95370836069129,1.726,Other
Mexico,MEX,1999,2.75503039300564,16.5856169707538,2.598,Americas
Marshall Islands,MHL,1999,-1.33472157840318,,,Other
North Macedonia,MKD,1999,4.33902791307588,-1.27928657572628,32.4,Other
Mali,MLI,1999,4.70587926200665,-1.20190368637502,1.358,Africa
Malta,MLT,1999,4.71997491081015,2.13476888806386,6.325,Other
Myanmar,MMR,1999,10.9451299817104,18.4010433741609,0.75,Asia
Montenegro,MNE,1999,-9.39999486996116,,30.471,Other
Mongolia,MNG,1999,3.07036901086266,7.56494150307377,5.844,Asia
Mozambique,MOZ,1999,11.816986527255,,2.663,Africa
Mauritania,MRT,1999,3.67317832322402,4.07417613596754,10.033,Other
Mauritius,MUS,1999,2.61093234412995,6.90914624866773,9.278,Other
Malawi,MWI,1999,3.04227813671855,44.8041642861674,5.002,Other
Malaysia,MYS,1999,6.13761201057692,2.74456130240604,3.43,Asia
Namibia,NAM,1999,3.36927842445498,,21.668,Other
New Caledonia,NCL,1999,0.900172519173495,,18.205,Other
Niger,NER,1999,-0.2195625179166,-2.30212503849648,1.385,Africa
Nigeria,NGA,1999,0.584126892882125,6.61837339479756,3.986,Africa
Nicaragua,NIC,1999,7.03597046350201,,7.18,Americas
Netherlands,NLD,1999,5.04334216651563,2.1571791805505,3.622,Europe
Norway,NOR,1999,2.18261230296261,2.36596736596733,3.247,Europe
Nepal,NPL,1999,4.41257328041399,7.45111260957546,10.549,Asia
Naoero,NRU,1999,-6.5681998499911,,,Other
New Zealand,NZL,1999,5.38315295474565,-0.114267129777524,7.023,Oceania
Oman,OMN,1999,0.29759569579106,,4.433,Middle East
Pakistan,PAK,1999,3.66013273943236,4.14263718082171,0.625,Asia
Panama,PAN,1999,5.21164584606353,1.24718256949635,6.168,Americas
Peru,PER,1999,1.49491064308833,3.46965996293019,5.011,Americas
Philippines,PHL,1999,3.34645118398267,5.93904901780808,3.751,Asia
Palau,PLW,1999,-5.39998345149702,,,Other
Papua New Guinea,PNG,1999,1.85555399408817,14.9321817407701,2.939,Oceania
Poland,POL,1999,4.69918479192557,7.15407291179853,12.29,Europe
Puerto Rico (US),PRI,1999,5.38969990123002,,11.81,Other
"Korea, Dem. People's Rep.",PRK,1999,,,3.67,Other
Portugal,PRT,1999,3.90657779623113,2.34009490312169,4.579,Europe
Paraguay,PRY,1999,-1.36607971240079,6.75226586102725,5.343,Americas
West Bank and Gaza,PSE,1999,8.28059145094657,5.54439180368747,10.382,Other
French Polynesia,PYF,1999,1.89053278745592,,11.701,Other
Qatar,QAT,1999,4.28406436325426,2.18170320404723,0.87,Middle East
Romania,ROU,1999,-0.376660705758994,45.8037811326363,6.239,Europe
Russian Federation,RUS,1999,6.39991469144101,85.7464940960636,13.036,Other
Rwanda,RWA,1999,4.35188831823314,-2.40593209742259,11.569,Africa
Saudi Arabia,SAU,1999,-0.633393640920247,-1.33375489653896,4.346,Middle East
Sudan,SDN,1999,3.10409561549652,17.1664454201761,15.399,Other
Senegal,SEN,1999,6.28330825030987,0.827250608272497,2.655,Africa
Singapore,SGP,1999,5.71837175710837,0.0167098337370727,4.85,Other
Solomon Islands,SLB,1999,-0.485730372778804,8.02036839296841,2.194,Oceania
Sierra Leone,SLE,1999,-1.97928670052485,,4.288,Other
El Salvador,SLV,1999,2.16203373722973,0.514827130192979,7.3,Americas
San Marino,SMR,1999,9.04936014625228,,,Other
"Somalia, Fed. Rep.",SOM,1999,7.31829550386784,,18.847,Other
Serbia,SRB,1999,-10.3255055897713,42.4539054642972,13.7,Other
South Sudan,SSD,1999,,,12.138,Other
Sao Tome and Principe,STP,1999,2.50000625631461,12.7251770130085,14.352,Other
Suriname,SUR,1999,-1.4000004700581,98.7730914112164,13.6,Other
Slovak Republic,SVK,1999,-0.473261209621114,10.5704416075224,16.099,Other
Slovenia,SVN,1999,5.26800700427259,6.1555875445156,7.324,Other
Sweden,SWE,1999,4.20111929805536,0.462175756339138,7.607,Europe
Eswatini,SWZ,1999,2.95087537020716,6.08886063431493,23.868,Other
Seychelles,SYC,1999,1.87200510893879,6.34730538922156,,Other
Syrian Arab Republic,SYR,1999,-3.55344987109004,-3.70370370370365,7.6,Middle East
Chad,TCD,1999,-0.68285022143975,-8.02505962727454,0.753,Other
Togo,TGO,1999,2.48175143834959,-0.0532136248823534,3.889,Other
Thailand,THA,1999,4.57230775115542,0.284726459223048,2.968,Asia
Tajikistan,TJK,1999,3.69955071665851,,4.45,Asia
Turkmenistan,TKM,1999,16.4999995329385,,12.7,Other
Timor-Leste,TLS,1999,-35.4524312251332,,3.633,Other
Tonga,TON,1999,2.30246259770198,4.46435467675891,3.69,Oceania
Trinidad and Tobago,TTO,1999,8.02481764350063,3.43913590881996,13.12,Other
Tunisia,TUN,1999,6.05463447898158,2.6901248581158,15.21,Other
Turkiye,TUR,1999,-3.05277055759434,64.8674876350757,7.687,Other
Tuvalu,TUV,1999,-1.56387082399142,,,Other
Tanzania,TZA,1999,4.86386375362282,7.89043336058877,3.219,Africa
Uganda,UGA,1999,8.05394837724197,5.77736898687895,3.46,Other
Ukraine,UKR,1999,-0.200000000106499,22.6836718061345,11.864,Europe
Uruguay,URY,1999,-1.52094591992036,5.65868803927908,10.466,Americas
United States,USA,1999,4.78842504836746,2.18802719697358,4.219,Americas
Uzbekistan,UZB,1999,4.30000000179402,,13.3,Asia
St. Vincent and the Grenadines,VCT,1999,2.71031071289156,1.01355044438875,20.542,Other
"Venezuela, RB",VEN,1999,-5.93824228028504,,14.53,Americas
Virgin Islands (U.S.),VIR,1999,,,10.172,Other
Viet Nam,VNM,1999,4.77358688344989,4.11710235771736,2.33,Asia
Vanuatu,VUT,1999,0.337293221894271,1.99897488467452,8.29,Oceania
Samoa,WSM,1999,2.18543437397388,0.265120132560355,4.489,Oceania
"Yemen, Rep.",YEM,1999,3.77553049612634,8.66021949364346,11.46,Middle East
South Africa,ZAF,1999,2.39999999746338,5.18148905111697,22.884,Africa
Zambia,ZMB,1999,4.6501897463741,26.7876966790029,12.498,Other
Zimbabwe,ZWE,1999,-0.817895267295725,,6.0,Other
Aruba,ABW,2000,7.62292064930222,4.04402131190512,,Other
Afghanistan,AFG,2000,,,7.897,Asia
Angola,AGO,2000,3.05462423452938,324.996871601321,16.646,Africa
Albania,ALB,2000,7.46285871776054,0.0500181363468103,19.023,Other
Andorra,AND,2000,3.52836236122388,,,Other
United Arab Emirates,ARE,2000,10.852837927302,,2.25,Middle East
Argentina,ARG,2000,-0.78899893905691,,15.0,Americas
Armenia,ARM,2000,5.90000000312092,-0.790883768934757,11.107,Other
Antigua and Barbuda,ATG,2000,6.20355212555867,0.77177979690018,,Other
Australia,AUS,2000,3.9160574881715,4.45743705920869,6.288,Oceania
Austria,AUT,2000,3.18952292988787,2.34486285357281,4.687,Europe
Azerbaijan,AZE,2000,11.0999991434346,1.80500303704356,11.78,Other
Burundi,BDI,2000,-0.856864058424151,24.4320242102151,3.137,Other
Belgium,BEL,2000,3.71670510672588,2.544517761909,6.586,Europe
Benin,BEN,2000,5.85771420543269,4.16540442290283,0.864,Other
Burkina Faso,BFA,2000,1.88847388906525,-0.304212168486803,2.687,Africa
Bangladesh,BGD,2000,5.29329471892532,2.20825620937535,3.27,Asia
Bulgaria,BGR,2000,4.58722553234129,10.3162621289989,16.218,Other
Bahrain,BHR,2000,5.30006940305884,-0.70485295309079,1.081,Middle East
"Bahamas, The",BHS,2000,4.14841930754267,1.60632941740579,7.118,Other
Bosnia and Herzegovina,BIH,2000,5.41431598814764,,25.446,Other
Belarus,BLR,2000,5.80000327485702,168.620235850933,12.193,Other
Belize,BLZ,2000,12.2406120663359,3.06743966930585,10.841,Other
Bermuda,BMU,2000,9.31715641086083,,,Other
Bolivia,BOL,2000,2.50781081484664,4.60822998872598,2.439,Americas
Brazil,BRA,2000,4.38794944745618,7.04414105947266,10.889,Americas
Barbados,BRB,2000,4.44718949183194,2.43581303489138,9.35,Other
Brunei Darussalam,BRN,2000,3.47467627672586,1.55815247634946,5.53,Other
Bhutan,BTN,2000,3.35506838174288,4.01212081070342,1.655,Other
Botswana,BWA,2000,1.98769583378552,8.60148514851491,15.88,Other
Central African Republic,CAF,2000,-2.48943244028874,3.20340091563112,5.722,Other
Canada,CAN,2000,5.13853918994158,2.71943995691976,6.829,Other
Switzerland,CHE,2000,3.63321673470911,1.55852919679008,2.658,Europe
Channel Islands,CHI,2000,,,5.351,Other
Chile,CHL,2000,4.9716214882971,3.84327295706565,10.491,Americas
China,CHN,2000,8.57357328926101,0.347811226864587,3.26,Asia
Cote d'Ivoire,CIV,2000,-0.265789462275947,2.53077516737997,4.835,Africa
Cameroon,CMR,2000,3.83241779430614,1.22719012976132,7.533,Africa
"Congo, Dem. Rep.",COD,2000,-6.91092731714194,513.906843747535,3.245,Other
"Congo, Rep.",COG,2000,7.5759803952642,-0.881991517025431,19.872,Other
Colombia,COL,2000,2.92486148176778,9.22534818585366,20.52,Americas
Comoros,COM,2000,-1.00701887109655,,4.4,Other
Cabo Verde,CPV,2000,14.2848688450919,-2.47745668519835,13.024,Other
Costa Rica,CRI,2000,3.80207210664838,10.9615496593622,5.08,Americas
Cuba,CUB,2000,5.9147601740486,,5.45,Americas
Cyprus,CYP,2000,5.96530445494226,4.14165764702055,4.766,Other
Czechia,CZE,2000,4.010669619984,3.77538829151729,8.764,Europe
Germany,DEU,2000,2.8765231247659,1.44026838719741,7.917,Europe
Djibouti,DJI,2000,,,26.664,Other
Dominica,DMA,2000,2.3402193777688,0.856946805358483,,Other
Denmark,DNK,2000,3.72400899471576,2.90328203236461,4.476,Europe
Dominican Republic,DOM,2000,4.65172550299128,7.72413566181616,6.432,Americas
Algeria,DZA,2000,3.80000000158476,0.339163189071768,29.77,Africa
Ecuador,ECU,2000,1.09180164720277,96.0963756926096,4.8,Americas
"Egypt, Arab Rep.",EGY,2000,6.37000382991766,2.68380535348546,8.98,Africa
Eritrea,ERI,2000,-3.14198590251638,,5.656,Other
Spain,ESP,2000,5.20064125553942,3.43351563418764,13.785,Europe
Estonia,EST,2000,10.0876385800462,4.01848952508763,13.36,Other
Ethiopia,ETH,2000,6.07321748125295,0.662458109266482,3.499,Africa
Finland,FIN,2000,5.75373770498848,3.04210080667792,11.134,Europe
Fiji,FJI,2000,-1.69999776168213,1.09216459977388,4.697,Oceania
France,FRA,2000,4.14099996402915,1.67595988720928,10.218,Europe
"Micronesia, Fed. Sts.",FSM,2000,4.62454546471687,2.15851810619419,,Oceania
Gabon,GAB,2000,-1.88296639760897,0.504920025834859,17.848,Other
United Kingdom,GBR,2000,4.52438074810904,1.18295624210408,5.558,Europe
Georgia,GEO,2000,1.84038117927339,4.06396201382596,10.82,Other
Ghana,GHA,2000,3.70000008164408,40.240933123914,10.456,Africa
Guinea,GIN,2000,2.50306056299607,,4.586,Africa
"Gambia, The",GMB,2000,5.50000021632955,0.8449695667737,9.722,Other
Guinea-Bissau,GNB,2000,1.10027815777423,8.63632094930278,3.358,Other
Equatorial Guinea,GNQ,2000,18.2137799569674,4.80228886901398,7.444,Other
Greece,GRC,2000,4.13782699405849,3.1511816249383,11.345,Europe
Grenada,GRD,2000,4.88795213650562,2.18181818181821,,Other
Greenland,GRL,2000,7.10159688181619,,,Other
Guatemala,GTM,2000,3.6088687174876,5.97757734737136,2.143,Americas
Guam,GUM,2000,,,15.32,Other
Guyana,GUY,2000,-1.36380390261873,6.14854333024872,11.917,Other
"Hong Kong SAR, China",HKG,2000,7.66344398397743,-3.68550368550369,4.92,Other
Honduras,HND,2000,9.61221879337278,11.0480349344976,3.883,Americas
Croatia,HRV,2000,2.94765913375998,4.61131554737801,16.064,Other
Haiti,HTI,2000,0.870059259424892,9.33322197565603,8.443,Other
Hungary,HUN,2000,4.40937501806403,9.80361016908125,6.563,Europe
Indonesia,IDN,2000,4.9200677470169,3.68862037056682,6.077,Asia
Isle of Man,IMN,2000,5.30000152552805,,,Other
India,IND,2000,3.84099115686554,4.0094359104519,7.589,Asia
Ireland,IRL,2000,9.40352476399653,5.57763269940387,4.318,Other
"Iran, Islamic Rep.",IRN,2000,5.84552747578209,14.4767513188567,11.698,Middle East
Iraq,IRQ,2000,16.7961344439661,4.97896213183731,8.038,Middle East
Iceland,ISL,2000,4.90518213950493,5.13647123245144,1.936,Other
Israel,ISR,2000,8.59152200608253,1.03263640999489,11.102,Middle East
Italy,ITA,2000,3.88209885062652,2.53768532095002,10.834,Europe
Jamaica,JAM,2000,0.87870355044231,8.17108356120225,6.752,Other
Jordan,JOR,2000,4.24571192079151,0.66688092559796,13.7,Middle East
Japan,JPN,2000,2.97832688768516,-0.676578683595175,4.748,Asia
Kazakhstan,KAZ,2000,9.80000000214156,13.1808905865731,12.75,Asia
Kenya,KEN,2000,0.599695390807426,9.98002515350979,2.884,Africa
Kyrgyz Republic,KGZ,2000,5.44333663288322,18.7007342838023,2.143,Other
Cambodia,KHM,2000,9.99358032292079,-0.791992529473567,0.745,Asia
Kiribati,KIR,2000,6.74266531257052,,,Oceania
St. Kitts and Nevis,KNA,2000,10.042808415173,2.14885532743696,,Other
"Korea, Rep.",KOR,2000,9.2018583880479,2.25916580080157,4.063,Asia
Kuwait,KWT,2000,4.69458187079211,1.81294613887089,0.8,Middle East
Lao PDR,LAO,2000,5.79878232861959,25.0846414281315,2.045,Other
Lebanon,LBN,2000,1.34187161970405,,8.641,Middle East
Liberia,LBR,2000,28.6159342546183,,2.018,Other
Libya,LBY,2000,3.6792704082,-2.90000000000024,19.275,Other
St. Lucia,LCA,2000,0.0487485535201131,3.7107860871361,16.49,Other
Liechtenstein,LIE,2000,3.22019308239609,,,Other
Sri Lanka,LKA,2000,6.00003315828934,6.17627591012045,7.74,Asia
Lesotho,LSO,2000,3.87554677576694,6.13197538722696,16.169,Other
Lithuania,LTU,2000,3.41862206571636,0.981615478857598,15.931,Other
Luxembourg,LUX,2000,6.93809504692074,3.15076707022596,2.345,Other
Latvia,LVA,2000,5.84102642353959,2.65425477796048,14.211,Other
"Macao SAR, China",MAC,2000,5.74714593475937,-1.60971883961897,6.874,Other
Morocco,MAR,2000,2.58218091499747,1.89463456763464,13.58,Africa
Monaco,MCO,2000,3.91022992758094,,,Other
Moldova,MDA,2000,2.10771608200733,31.2993015817784,8.539,Other
Madagascar,MDG,2000,4.45685893956946,11.859684500028,5.8,Africa
Maldives,MDV,2000,3.84581040832157,-1.17475681175946,1.97,Other
Mexico,MEX,2000,5.02928399378261,9.49156149435403,2.646,Americas
Marshall Islands,MHL,2000,2.45443006851272,,,Other
North Macedonia,MKD,2000,4.54913578288874,6.60742291038536,32.2,Other
Mali,MLI,2000,-0.736019992224286,-0.677661659046769,1.412,Africa
Malta,MLT,2000,19.6812693530689,2.36959287531806,6.324,Other
Myanmar,MMR,2000,13.7459305561226,-0.109165514668565,0.712,Asia
Montenegro,MNE,2000,3.09999666280245,,30.447,Other
Mongolia,MNG,2000,1.14606213709108,11.5955387593327,5.992,Asia
Mozambique,MOZ,2000,0.766234955773442,,2.832,Africa
Mauritania,MRT,2000,-3.91802587923293,3.25406745833358,10.03,Other
Mauritius,MUS,2000,8.20279174865273,4.19928825622807,9.125,Other
Malawi,MWI,2000,1.57607762616895,29.5814884631684,5.045,Other
Malaysia,MYS,2000,8.85886816969386,1.53474023697699,3.0,Asia
Namibia,NAM,2000,3.49218336365178,,20.3,Other
New Caledonia,NCL,2000,2.10010882688805,,17.907,Other
Niger,NER,2000,-1.20847774100575,2.90014973599108,1.427,Africa
Nigeria,NGA,2000,5.01593475936546,6.9332921556516,3.953,Africa
Nicaragua,NIC,2000,4.10159025073438,7.06991352252517,7.181,Americas
Netherlands,NLD,2000,4.21970034558892,2.36052233801958,2.725,Europe
Norway,NOR,2000,3.443416131481,3.08550609131279,3.458,Europe
Nepal,NPL,2000,6.19999998192236,2.47882020709136,10.531,Asia
Naoero,NRU,2000,-6.85616110197874,,,Other
New Zealand,NZL,2000,2.86879087314065,2.6152344624632,6.13,Oceania
Oman,OMN,2000,6.19241063695442,,4.433,Middle East
Pakistan,PAK,2000,4.2600880111325,4.36666451291681,0.614,Asia
Panama,PAN,2000,4.20900547865375,1.49896111605778,6.188,Americas
Peru,PER,2000,2.69437139806912,3.75733833344474,4.959,Americas
Philippines,PHL,2000,4.38250500083399,3.9771250324928,3.77,Asia
Palau,PLW,2000,-2.60392518285772,,,Other
Papua New Guinea,PNG,2000,-2.49484199260023,15.5958933107535,2.92,Oceania
Poland,POL,2000,4.65633252988236,9.90017538843065,14.928,Europe
Puerto Rico (US),PRI,2000,3.27196451910478,,10.08,Other
"Korea, Dem. People's Rep.",PRK,2000,,,3.653,Other
Portugal,PRT,2000,3.81617714108242,2.85303039287156,3.806,Europe
Paraguay,PRY,2000,-2.31414056819045,8.98215976750022,7.61,Americas
West Bank and Gaza,PSE,2000,-8.5555726838292,2.79819892435758,10.625,Other
French Polynesia,PYF,2000,3.24541101308193,,11.583,Other
Qatar,QAT,2000,8.02812548837973,1.65033522434232,0.87,Middle East
Romania,ROU,2000,2.4612634592269,45.6665940440238,6.969,Europe
Russian Federation,RUS,2000,10.0000668136515,20.7987606558704,10.581,Other
Rwanda,RWA,2000,8.37089593573039,3.89952980284712,11.699,Africa
Saudi Arabia,SAU,2000,4.71813422138024,-1.12499838517645,4.57,Middle East
Sudan,SDN,2000,6.34586743997545,7.12125897172291,15.595,Other
Senegal,SEN,2000,3.88721095816793,0.731981981981597,2.638,Africa
Singapore,SGP,2000,9.03831632555163,1.36162392448456,3.7,Other
Solomon Islands,SLB,2000,-14.2769995149354,7.88956186986721,2.446,Oceania
Sierra Leone,SLE,2000,6.65273028404766,,4.137,Other
El Salvador,SLV,2000,1.12790697674419,2.27128756828723,6.96,Americas
San Marino,SMR,2000,2.17937971500419,,,Other
"Somalia, Fed. Rep.",SOM,2000,7.11031431133236,,18.678,Other
Serbia,SRB,2000,6.0550897288645,71.1206287946541,12.6,Other
South Sudan,SSD,2000,,,12.309,Other
Sao Tome and Principe,STP,2000,0.448368261692949,12.2089456308977,14.4,Other
Suriname,SUR,2000,2.09999886750489,59.401686545079,12.873,Other
Slovak Republic,SVK,2000,0.78922447792516,12.0357805974299,18.546,Other
Slovenia,SVN,2000,3.49791942086068,8.91174418658757,6.918,Other
Sweden,SWE,2000,4.63112136551369,0.899143734041715,5.466,Europe
Eswatini,SWZ,2000,1.76017328388222,12.2085358545844,24.547,Other
Seychelles,SYC,2000,4.25319834931828,6.26876876876878,,Other
Syrian Arab Republic,SYR,2000,0.675642589410501,-3.84615384615379,9.587,Middle East
Chad,TCD,2000,-0.879681024156014,3.82260088086306,0.796,Other
Togo,TGO,2000,-0.783479610048047,1.86260595463067,4.162,Other
Thailand,THA,2000,4.45524704335014,1.59196917460972,2.389,Asia
Tajikistan,TJK,2000,8.32432449473859,,4.15,Asia
Turkmenistan,TKM,2000,5.46906425232281,,11.73,Other
Timor-Leste,TLS,2000,58.0780959334582,,3.529,Other
Tonga,TON,2000,3.75409745006452,6.32763551411153,3.966,Oceania
Trinidad and Tobago,TTO,2000,6.90135959072803,3.55541319666877,12.1,Other
Tunisia,TUN,2000,4.7099729138049,2.96230794738605,14.94,Other
Turkiye,TUR,2000,6.98528697817062,54.9153705812683,6.495,Other
Tuvalu,TUV,2000,-0.924982787727885,,,Other
Tanzania,TZA,2000,4.52078463603256,5.92396109637479,3.129,Africa
Uganda,UGA,2000,3.141907338187,3.39202158512998,3.531,Other
Ukraine,UKR,2000,5.90000000024899,28.2030972388552,11.707,Europe
Uruguay,URY,2000,-1.92993063549235,4.76382472733251,12.627,Americas
United States,USA,2000,4.07758575997799,3.37685727149929,3.992,Americas
Uzbekistan,UZB,2000,3.83500000014025,,12.301,Asia
St. Vincent and the Grenadines,VCT,2000,1.63903190394467,0.167679637488279,20.8,Other
"Venezuela, RB",VEN,2000,3.53535353535352,,13.99,Americas
Virgin Islands (U.S.),VIR,2000,,,9.834,Other
Viet Nam,VNM,2000,6.78731640463151,-1.71033727851111,2.26,Asia
Vanuatu,VUT,2000,5.92480905652918,2.53768844221106,8.266,Oceania
Samoa,WSM,2000,5.09304469244418,0.966782350024729,4.733,Oceania
"Yemen, Rep.",YEM,2000,6.1819155928913,4.58999999999981,11.557,Middle East
South Africa,ZAF,2000,4.20000000067826,5.33895913599828,22.788,Africa
Zambia,ZMB,2000,3.89732294341896,26.0304117888121,12.93,Other
Zimbabwe,ZWE,2000,-3.05911780575599,,5.685,Other
Aruba,ABW,2001,4.1820016304779,2.88360430316263,,Other
Afghanistan,AFG,2001,-9.4319740700862,,7.973,Asia
Angola,AGO,2001,4.20599855694861,152.561022469299,16.668,Africa
Albania,ALB,2001,8.8637306604876,3.10758827031435,18.57,Other
Andorra,AND,2001,8.11935772169949,,,Other
United Arab Emirates,ARE,2001,1.39892161061073,,2.443,Middle East
Argentina,ARG,2001,-4.40883968258557,,17.32,Americas
Armenia,ARM,2001,9.59999999927597,3.1459046468502,11.012,Other
Antigua and Barbuda,ATG,2001,-4.54810977120295,1.40279663573988,,Other
Australia,AUS,2001,2.03145880248898,4.40712998561533,6.747,Oceania
Austria,AUT,2001,1.31698749571339,2.65000077279529,4.007,Europe
Azerbaijan,AZE,2001,9.89999986533643,1.5471959015228,10.91,Other
Burundi,BDI,2001,2.05580710835243,9.29618771341889,3.154,Other
Belgium,BEL,2001,1.09960362419645,2.46925823086083,6.178,Europe
Benin,BEN,2001,5.33313570603937,3.98429547767893,0.766,Other
Burkina Faso,BFA,2001,6.61340574539679,5.00743290822373,2.748,Africa
Bangladesh,BGD,2001,5.07728777526728,2.0071737421384,3.609,Asia
Bulgaria,BGR,2001,3.82370222571771,7.36093927231841,19.921,Other
Bahrain,BHR,2001,2.49094875338352,-1.20757180156659,1.118,Middle East
"Bahamas, The",BHS,2001,2.62600982683425,2.04498977505121,6.87,Other
Bosnia and Herzegovina,BIH,2001,2.42331312996704,,26.485,Other
Belarus,BLR,2001,4.72530605111095,61.1349331618477,11.561,Other
Belize,BLZ,2001,4.99356206143864,3.65141786561502,9.07,Other
Bermuda,BMU,2001,7.22243553752608,,,Other
Bolivia,BOL,2001,1.68379914527159,1.58965377879568,2.623,Americas
Brazil,BRA,2001,1.38989640095637,6.84035902487523,10.649,Americas
Barbados,BRB,2001,-2.36546415544167,2.57783490431288,9.85,Other
Brunei Darussalam,BRN,2001,1.4660608198711,0.59589041095899,5.558,Other
Bhutan,BTN,2001,7.32837435673082,3.41478946111594,1.9,Other
Botswana,BWA,2001,0.250573949689084,6.55903767014862,18.54,Other
Central African Republic,CAF,2001,4.46473902640867,3.83486060237362,5.77,Other
Canada,CAN,2001,1.87509813099847,2.52512013979906,7.219,Other
Switzerland,CHE,2001,1.59219781357001,0.989020329832545,2.49,Europe
Channel Islands,CHI,2001,,,5.041,Other
Chile,CHL,2001,3.15403492459967,3.56910053001467,10.39,Americas
China,CHN,2001,8.32404695347056,0.719125609120114,3.8,Asia
Cote d'Ivoire,CIV,2001,-2.15401249077306,4.36152914007256,5.195,Africa
Cameroon,CMR,2001,4.32426119221549,4.41977245881146,7.46,Africa
"Congo, Dem. Rep.",COD,2001,-2.10017302429294,359.936614264586,3.251,Other
"Congo, Rep.",COG,2001,3.80260189913561,0.0559899218140583,19.88,Other
Colombia,COL,2001,1.67789830787579,7.96556090304834,15.04,Americas
Comoros,COM,2001,5.41959971808741,5.55459394816812,4.379,Other
Cabo Verde,CPV,2001,2.23165454528898,3.34996472317894,13.242,Other
Costa Rica,CRI,2001,3.49117013515725,11.2556157091172,6.051,Americas
Cuba,CUB,2001,3.18502990449461,,4.08,Americas
Curacao,CUW,2001,-0.695753704098053,1.79282868525896,,Other
Cyprus,CYP,2001,3.95256258200938,1.97304191729917,4.043,Other
Czechia,CZE,2001,2.9172195289956,4.66267556988258,8.128,Europe
Germany,DEU,2001,1.63614170690956,1.98385731334471,7.773,Europe
Djibouti,DJI,2001,,1.74665224985434,26.597,Other
Dominica,DMA,2001,-0.0638434428881567,1.3038940346596,,Other
Denmark,DNK,2001,0.95003224600012,2.33787000255263,4.164,Europe
Dominican Republic,DOM,2001,2.46937023763239,8.88306848812961,7.262,Americas
Algeria,DZA,2001,2.99999999863043,4.22598834854673,27.3,Africa
Ecuador,ECU,2001,4.20627185748789,37.6767454518094,4.252,Americas
"Egypt, Arab Rep.",EGY,2001,3.53525197391507,2.26975720475956,9.26,Africa
Eritrea,ERI,2001,8.75543552816325,,5.74,Other
Spain,ESP,2001,3.91908880808811,3.58983413338117,10.348,Europe
Estonia,EST,2001,5.88074589534277,5.74827981651373,13.134,Other
Ethiopia,ETH,2001,8.30130632267965,-8.23784453391137,3.16,Africa
Finland,FIN,2001,2.64026205699308,2.57844080098903,10.29,Europe
Fiji,FJI,2001,2.00000027123612,4.27267024465105,4.692,Oceania
France,FRA,2001,1.89946701186636,1.63478079549599,8.61,Europe
"Micronesia, Fed. Sts.",FSM,2001,1.82016351571185,0.502497351294027,,Oceania
Gabon,GAB,2001,2.13523342197423,2.13762052701465,17.827,Other
United Kingdom,GBR,2001,2.39102229602824,1.53234960272418,4.696,Europe
Georgia,GEO,2001,4.80729867243699,4.64604442058634,11.16,Other
Ghana,GHA,2001,4.00000012807919,41.509496287803,9.615,Africa
Guinea,GIN,2001,3.65834646929586,,4.584,Africa
"Gambia, The",GMB,2001,5.80000024323377,4.49259609239754,9.64,Other
Guinea-Bissau,GNB,2001,4.7859716500482,3.34812265527108,2.958,Other
Equatorial Guinea,GNQ,2001,63.3798754250602,8.82538925854966,7.551,Other
Greece,GRC,2001,4.65041459442163,3.37396832213867,10.764,Europe
Grenada,GRD,2001,-2.02390004072058,3.14099305202543,,Other
Greenland,GRL,2001,1.26903507902787,,,Other
Guatemala,GTM,2001,2.33257486608854,7.28587366610138,2.251,Americas
Guam,GUM,2001,,,13.213,Other
Guyana,GUY,2001,2.2795216592191,2.62741314203333,11.796,Other
"Hong Kong SAR, China",HKG,2001,0.560867137855524,-1.65816326530609,5.09,Other
Honduras,HND,2001,2.72319327321379,9.67415556864781,4.0,Americas
Croatia,HRV,2001,3.11089328552634,3.77670246665889,15.822,Other
Haiti,HTI,2001,-0.342747883252144,13.31672224251,9.728,Other
Hungary,HUN,2001,4.06202617226026,9.11680911680911,5.671,Europe
Indonesia,IDN,2001,3.64346644721492,11.5001160550887,6.082,Asia
Isle of Man,IMN,2001,5.39999903126116,,,Other
India,IND,2001,4.82396626397303,3.77929312235637,7.611,Asia
Ireland,IRL,2001,5.30582133514299,4.85280279607477,3.684,Other
"Iran, Islamic Rep.",IRN,2001,2.39217271207868,11.2742471332117,12.362,Middle East
Iraq,IRQ,2001,1.76660876568174,16.3740814963262,8.249,Middle East
Iceland,ISL,2001,3.84093935332692,6.40508550386868,1.874,Other
Israel,ISR,2001,0.270471415054473,1.12302839116721,11.812,Middle East
Italy,ITA,2001,2.00643329837733,2.78516542713554,9.599,Europe
Jamaica,JAM,2001,1.34492956615135,6.8019093078759,6.641,Other
Jordan,JOR,2001,5.26995757513606,1.77220437351017,14.7,Middle East
Japan,JPN,2001,0.284608556379041,-0.740055504162738,5.02,Asia
Kazakhstan,KAZ,2001,13.4999999984358,8.35413777161344,10.43,Asia
Kenya,KEN,2001,3.77990649795343,5.73859814341467,2.876,Africa
Kyrgyz Republic,KGZ,2001,5.32162141190466,6.9196798942304,2.273,Other
Cambodia,KHM,2001,7.38971065070517,-0.600648300123686,0.778,Asia
Kiribati,KIR,2001,-3.14412917759699,,,Oceania
St. Kitts and Nevis,KNA,2001,5.25344983010886,2.30344748349255,,Other
"Korea, Rep.",KOR,2001,4.72593560322356,4.06657587897792,3.699,Asia
Kuwait,KWT,2001,0.213332576499354,1.29999999999999,0.8,Middle East
Lao PDR,LAO,2001,5.75141287983195,7.81180794783471,1.881,Other
Lebanon,LBN,2001,3.83966927702973,,8.499,Middle East
Liberia,LBR,2001,2.92027476569781,,2.104,Other
Libya,LBY,2001,-1.76283887062603,-8.81393752145546,19.239,Other
St. Lucia,LCA,2001,-3.40806396189404,5.30722081028547,18.538,Other
Liechtenstein,LIE,2001,-0.733092455297992,,,Other
Sri Lanka,LKA,2001,-1.54540813366026,14.15845579912,7.9,Asia
Lesotho,LSO,2001,3.56158183392093,-9.61615353858472,16.081,Other
Lithuania,LTU,2001,6.48412665187908,1.36712030817819,16.84,Other
Luxembourg,LUX,2001,3.07427520210337,2.66382110579101,1.805,Other
Latvia,LVA,2001,6.46057826727287,2.48704003555464,13.821,Other
"Macao SAR, China",MAC,2001,2.88824010651439,-1.98465008641646,6.371,Other
Morocco,MAR,2001,7.72182519577728,0.619801875297975,12.46,Africa
Monaco,MCO,2001,2.18773369040099,,,Other
Moldova,MDA,2001,6.10000039929173,9.76466285757623,7.366,Other
Madagascar,MDG,2001,5.98023576982733,7.91694484529586,5.35,Africa
Maldives,MDV,2001,-3.94363452271253,0.67257737006247,3.038,Other
Mexico,MEX,2001,-0.450845253215945,6.36773806235037,2.627,Americas
Marshall Islands,MHL,2001,6.93004446202892,,,Other
North Macedonia,MKD,2001,-3.06725662451662,5.19888525744048,30.52,Other
Mali,MLI,2001,15.806031742271,5.18701191944068,1.332,Africa
Malta,MLT,2001,-0.757203651807174,2.92949244324104,7.107,Other
Myanmar,MMR,2001,11.3439970699605,21.101305376923,0.689,Asia
Montenegro,MNE,2001,1.09984092979461,,30.542,Other
Mongolia,MNG,2001,2.95271054338117,6.27736020484006,6.111,Asia
Mozambique,MOZ,2001,12.8516820207736,,2.838,Africa
Mauritania,MRT,2001,-0.799493815789347,4.7148963468961,10.132,Other
Mauritius,MUS,2001,3.3475407273143,5.38934426229508,9.14,Other
Malawi,MWI,2001,-4.97496361892476,22.7,5.221,Other
Malaysia,MYS,2001,0.517675319192861,1.41678473206098,3.53,Asia
Namibia,NAM,2001,1.17794869467917,,21.009,Other
New Caledonia,NCL,2001,,,17.391,Other
Niger,NER,2001,7.26813490213235,4.00551428352678,1.47,Africa
Nigeria,NGA,2001,5.91768464924425,18.8736462093863,3.9,Africa
Nicaragua,NIC,2001,2.96084349057273,5.98604186279518,7.222,Americas
Netherlands,NLD,2001,2.32358454925847,4.15584127195612,2.119,Europe
Norway,NOR,2001,2.1634350595868,3.00419703998233,3.738,Europe
Nepal,NPL,2001,4.79989214255407,2.6883037354563,10.502,Asia
Naoero,NRU,2001,-6.76113945239328,,,Other
New Zealand,NZL,2001,3.41557461751114,2.62581630392903,5.433,Oceania
Oman,OMN,2001,4.61316649389876,-0.816666666666656,4.298,Middle East
Pakistan,PAK,2001,3.65135017083765,3.14826144590618,0.611,Asia
Panama,PAN,2001,0.949908149985234,0.307062436028722,6.293,Americas
Peru,PER,2001,0.617892325624297,1.97709878502053,5.068,Americas
Philippines,PHL,2001,3.04923134463486,5.34550195567142,3.698,Asia
Palau,PLW,2001,7.34588822740689,,,Other
Papua New Guinea,PNG,2001,-0.121288605564772,9.29817332783968,2.801,Oceania
Poland,POL,2001,1.23374464400356,5.4083354556615,18.435,Europe
Puerto Rico (US),PRI,2001,6.31347157694064,,11.4,Other
"Korea, Dem. People's Rep.",PRK,2001,,,3.676,Other
Portugal,PRT,2001,1.94367213427915,4.36990330551792,3.829,Europe
Paraguay,PRY,2001,-0.834054716746095,7.26806028584825,6.206,Americas
West Bank and Gaza,PSE,2001,-9.31108114182962,1.22278475878898,21.493,Other
French Polynesia,PYF,2001,-0.341595578089056,,11.665,Other
Qatar,QAT,2001,3.89814748805541,1.47133434804683,0.87,Middle East
Romania,ROU,2001,5.21813625673708,34.4770123493527,6.561,Europe
Russian Federation,RUS,2001,5.10005122572568,21.4770072117159,8.978,Other
Rwanda,RWA,2001,8.48456034086699,3.34285506749409,11.732,Africa
Saudi Arabia,SAU,2001,0.344593196175438,-1.12094804896791,4.618,Middle East
Sudan,SDN,2001,6.50036053396883,1.93529572095333,15.56,Other
Senegal,SEN,2001,4.31085146618369,2.97450083919566,2.674,Africa
Singapore,SGP,2001,-1.07086275100448,0.997197956155943,3.76,Other
Solomon Islands,SLB,2001,-7.95660550454917,6.92583732057426,2.642,Oceania
Sierra Leone,SLE,2001,-6.34545563328469,,4.235,Other
El Salvador,SLV,2001,0.879613659882722,3.7508205747202,6.96,Americas
San Marino,SMR,2001,5.57834290401968,,,Other
"Somalia, Fed. Rep.",SOM,2001,7.1103143114324,,18.665,Other
Serbia,SRB,2001,6.77852279368084,95.0052258100006,12.8,Other
South Sudan,SSD,2001,,,12.278,Other
Sao Tome and Principe,STP,2001,3.06448295788719,9.22203707560889,15.73,Other
Suriname,SUR,2001,4.20000042083539,38.5862878872611,12.047,Other
Slovak Republic,SVK,2001,2.92516077248489,7.32962019115532,19.148,Other
Slovenia,SVN,2001,2.82868479430465,8.37966587492208,5.682,Other
Sweden,SWE,2001,1.36080642694121,2.40595834145436,4.73,Europe
Eswatini,SWZ,2001,1.41221393287066,5.94210982281648,25.24,Other
Seychelles,SYC,2001,-2.27116288552982,5.96962204168156,,Other
Syrian Arab Republic,SYR,2001,3.79340343988601,2.99999999999995,11.63,Middle East
Chad,TCD,2001,11.6581346550771,12.4312865279941,0.792,Other
Togo,TGO,2001,0.823438752111855,3.91959133653146,4.108,Other
Thailand,THA,2001,3.44424900968372,1.62690887314091,2.6,Asia
Tajikistan,TJK,2001,9.58083617842951,38.59188944886,3.75,Asia
Turkmenistan,TKM,2001,4.34384545203714,,10.898,Other
Timor-Leste,TLS,2001,16.3476940466477,,3.386,Other
Tonga,TON,2001,1.49248125545273,8.29028318850332,4.368,Oceania
Trinidad and Tobago,TTO,2001,4.16852398185424,5.536653263223,10.88,Other
Tunisia,TUN,2001,3.79627166202512,1.98333333333337,14.4,Other
Turkiye,TUR,2001,-5.45940838563062,54.4001887619074,8.381,Other
Tuvalu,TUV,2001,0.695632721154311,,,Other
Tanzania,TZA,2001,6.07080828734129,5.14746800222618,2.994,Africa
Uganda,UGA,2001,5.18366112490236,1.86512524084773,3.522,Other
Ukraine,UKR,2001,8.80000000367222,11.9588085390459,11.061,Europe
Uruguay,URY,2001,-3.84412995940374,4.3593406521727,15.052,Americas
United States,USA,2001,0.955538337599847,2.82617111885407,4.731,Americas
Uzbekistan,UZB,2001,4.16383824998903,,11.279,Asia
St. Vincent and the Grenadines,VCT,2001,1.74823102028898,0.9008584858665,21.1,Other
"Venezuela, RB",VEN,2001,3.41463414634147,,13.04,Americas
Virgin Islands (U.S.),VIR,2001,,,9.969,Other
Viet Nam,VNM,2001,6.19289331233377,-0.43154451172818,2.76,Asia
Vanuatu,VUT,2001,-3.39758248938266,3.57755452095074,8.415,Oceania
Samoa,WSM,2001,7.39012906172989,3.83828463867725,4.96,Oceania
"Yemen, Rep.",YEM,2001,3.80364587188127,11.9115912929855,11.724,Middle East
South Africa,ZAF,2001,2.70000000019104,5.70189483049608,22.652,Africa
Zambia,ZMB,2001,5.31686827418419,21.3937821792546,13.404,Other
Zimbabwe,ZWE,2001,1.43951727721958,,5.313,Other
Aruba,ABW,2002,-0.944953481157384,3.31524678585423,,Other
Afghanistan,AFG,2002,28.6000011706788,,7.867,Asia
Angola,AGO,2002,13.6656887610553,108.897436089429,16.432,Africa
Albania,ALB,2002,4.62839587394552,7.77052583431551,17.891,Other
Andorra,AND,2002,4.54636221364653,,,Other
United Arab Emirates,ARE,2002,2.43337487237925,,2.659,Middle East
Argentina,ARG,2002,-10.8944848285903,,19.59,Americas
Armenia,ARM,2002,13.1999999979356,1.06004929341667,10.888,Other
Antigua and Barbuda,ATG,2002,1.02723486062159,2.40765801293491,,Other
Australia,AUS,2002,3.94980535772942,2.98157117047457,6.375,Oceania
Austria,AUT,2002,1.48436877605324,1.81035787764129,4.852,Europe
Azerbaijan,AZE,2002,9.43891626906561,2.7711647199827,10.04,Other
Burundi,BDI,2002,4.44651941224797,-1.3656800532806,3.168,Other
Belgium,BEL,2002,1.70689430349601,1.64521436175361,6.91,Europe
Benin,BEN,2002,4.64303087074482,2.48916235491541,0.69,Other
Burkina Faso,BFA,2002,4.35296382988099,2.17569480664608,2.862,Africa
Bangladesh,BGD,2002,3.83312393993225,3.33256493271913,3.966,Asia
Bulgaria,BGR,2002,5.87193134676191,5.81014365721826,18.11,Other
Bahrain,BHR,2002,3.34855067103268,-0.495540138751154,1.137,Middle East
"Bahamas, The",BHS,2002,2.70495624731029,2.17357792508093,9.05,Other
Bosnia and Herzegovina,BIH,2002,5.027444647203,,27.477,Other
Belarus,BLR,2002,5.04526758311702,42.5375481348794,10.874,Other
Belize,BLZ,2002,5.39907320663811,4.24026660688645,10.04,Other
Bermuda,BMU,2002,-1.47779059768867,,,Other
Bolivia,BOL,2002,2.48556576601922,0.92825885161107,2.603,Americas
Brazil,BRA,2002,3.05346185909312,8.45016437708331,10.641,Americas
Barbados,BRB,2002,0.787401645449506,0.12524945805602,10.32,Other
Brunei Darussalam,BRN,2002,3.9614389000248,-2.31497242459321,5.652,Other
Bhutan,BTN,2002,10.4437797168913,2.45535714285714,1.854,Other
Botswana,BWA,2002,6.06953087648317,8.03279662527486,21.277,Other
Central African Republic,CAF,2002,3.61654219150596,2.33181703516235,5.809,Other
Canada,CAN,2002,2.99925533832644,2.25839440940855,7.665,Other
Switzerland,CHE,2002,0.380410134195273,0.642711506543278,2.924,Europe
Channel Islands,CHI,2002,,,5.313,Other
Chile,CHL,2002,3.20279913520113,2.48939816650705,10.168,Americas
China,CHN,2002,9.23604870383861,-0.731970902350244,4.24,Asia
Cote d'Ivoire,CIV,2002,-2.73052647441901,3.07726485157427,5.508,Africa
Cameroon,CMR,2002,4.47702683369155,2.83442260128067,6.711,Africa
"Congo, Dem. Rep.",COD,2002,2.94776518253177,31.5225826025495,3.179,Other
"Congo, Rep.",COG,2002,4.58187006108889,4.37875971780873,19.644,Other
Colombia,COL,2002,2.50398046659659,6.35150728778872,14.481,Americas
Comoros,COM,2002,4.59768263263243,3.53304214308078,4.372,Other
Cabo Verde,CPV,2002,5.25089116960211,1.88453410076765,13.379,Other
Costa Rica,CRI,2002,3.41687615891895,9.16752048509119,6.396,Americas
Cuba,CUB,2002,1.42482126141282,,3.31,Americas
Curacao,CUW,2002,0.397065216763636,0.391389432485324,,Other
Cyprus,CYP,2002,3.72297491128981,2.80115505180745,3.336,Other
Czechia,CZE,2002,1.51345949139996,1.90298097019027,7.28,Europe
Germany,DEU,2002,-0.228255715793637,1.42080615551526,8.482,Europe
Djibouti,DJI,2002,,0.63761955366632,26.589,Other
Dominica,DMA,2002,-3.08742052359268,0.170055330197681,,Other
Denmark,DNK,2002,0.456530018779986,2.42443661219695,4.274,Europe
Dominican Republic,DOM,2002,4.48650367045651,5.22336769759447,6.779,Americas
Algeria,DZA,2002,5.40000000000001,1.41830192345051,25.9,Africa
Ecuador,ECU,2002,4.92809549611376,12.4835980082095,4.825,Americas
"Egypt, Arab Rep.",EGY,2002,2.39020402675627,2.73723855000334,10.01,Africa
Eritrea,ERI,2002,3.0054291917378,,5.794,Other
Spain,ESP,2002,2.75545611564098,3.06565685902211,11.146,Europe
Estonia,EST,2002,6.93300082616575,3.57191270164027,10.026,Other
Ethiopia,ETH,2002,1.51472570667433,0.675089102170801,3.054,Africa
Finland,FIN,2002,1.68732644358099,1.5712201278938,10.423,Europe
Fiji,FJI,2002,3.19999861722759,0.762032085561206,4.772,Oceania
France,FRA,2002,1.06775027069419,1.92341228727064,8.702,Europe
"Micronesia, Fed. Sts.",FSM,2002,0.4432199530481,-0.111442426432945,,Oceania
Gabon,GAB,2002,-0.249033168543434,0.0366828893971394,17.376,Other
United Kingdom,GBR,2002,1.70902736258567,1.52040245947455,5.037,Europe
Georgia,GEO,2002,5.47402488700408,5.58783730000794,12.59,Other
Ghana,GHA,2002,4.49999955900331,9.36093239560313,8.711,Africa
Guinea,GIN,2002,5.16460946696631,,4.549,Africa
"Gambia, The",GMB,2002,-3.25000014970206,8.60912474386327,10.039,Other
Guinea-Bissau,GNB,2002,3.65393603642713,3.30012175283752,3.146,Other
Equatorial Guinea,GNQ,2002,19.4628340359251,7.5924784983324,7.646,Other
Greece,GRC,2002,4.68313727063017,3.62935871878874,10.346,Europe
Grenada,GRD,2002,3.43732352954147,1.06721547992874,,Other
Greenland,GRL,2002,-0.971177310665553,,,Other
Guatemala,GTM,2002,3.83928708556792,8.13263054281054,2.254,Americas
Guam,GUM,2002,,,11.39,Other
Guyana,GUY,2002,1.13262696199476,5.34101521377408,11.81,Other
"Hong Kong SAR, China",HKG,2002,1.6567016736435,-2.98313878080415,7.28,Other
Honduras,HND,2002,3.75433786119939,7.6905097203429,4.02,Americas
Croatia,HRV,2002,5.80141595577015,1.67178437393384,15.053,Other
Haiti,HTI,2002,1.05182013450109,7.03287406224601,11.008,Other
Hungary,HUN,2002,4.73006530805553,5.26544821583985,5.608,Europe
Indonesia,IDN,2002,4.49947539085764,11.9001200338414,6.604,Asia
Isle of Man,IMN,2002,6.19999819490684,,,Other
India,IND,2002,3.80397532120038,4.29715203929562,7.681,Asia
Ireland,IRL,2002,5.89936506079005,4.62820512820515,4.216,Other
"Iran, Islamic Rep.",IRN,2002,8.07882927975243,14.3359337378404,12.8,Middle East
Iraq,IRQ,2002,-8.20370481187175,19.316694601979,8.619,Middle East
Iceland,ISL,2002,0.542286728290463,5.1970223021663,2.988,Other
Israel,ISR,2002,-0.152880392675172,5.80234589468429,12.888,Middle East
Italy,ITA,2002,0.26992966378873,2.46532319171165,9.211,Europe
Jamaica,JAM,2002,1.99729094191295,7.07635009310985,6.616,Other
Jordan,JOR,2002,5.78380792679309,1.83299389002049,15.3,Middle East
Japan,JPN,2002,0.0849888050363319,-0.923494026942321,5.386,Asia
Kazakhstan,KAZ,2002,9.79999999960842,5.83692452105643,9.33,Asia
Kenya,KEN,2002,0.546859530175595,1.96130821739162,2.916,Africa
Kyrgyz Republic,KGZ,2002,-0.0173246130360667,2.13420986310243,2.416,Other
Cambodia,KHM,2002,6.26507280509637,0.211466568022607,0.862,Asia
Kiribati,KIR,2002,1.44715494184476,,,Oceania
St. Kitts and Nevis,KNA,2002,1.36771507253633,2.04109102620208,,Other
"Korea, Rep.",KOR,2002,7.74399895319569,2.76226210296599,3.046,Asia
Kuwait,KWT,2002,3.01428315192251,0.888450148074907,1.1,Middle East
Lao PDR,LAO,2002,5.91874368370564,10.6313446323333,1.775,Other
Lebanon,LBN,2002,3.42314982843781,,8.248,Middle East
Liberia,LBR,2002,3.76301761700071,14.1596470116325,2.222,Other
Libya,LBY,2002,-0.958897332849631,-9.79764705882356,19.281,Other
St. Lucia,LCA,2002,0.416450493043214,-0.255536626916508,20.39,Other
Liechtenstein,LIE,2002,-0.993919947159299,,,Other
Sri Lanka,LKA,2002,3.96467568513113,9.55103167007251,8.76,Asia
Lesotho,LSO,2002,0.723836067167127,33.812578338126,16.079,Other
Lithuania,LTU,2002,6.71983945103626,0.281506610345575,13.008,Other
Luxembourg,LUX,2002,3.22528846998354,2.07408613571643,2.621,Other
Latvia,LVA,2002,7.66548778586991,1.93887573855886,13.829,Other
"Macao SAR, China",MAC,2002,8.90480904902596,-2.63751699816198,6.278,Other
Morocco,MAR,2002,3.73019737485745,2.79561966936936,11.59,Africa
Monaco,MCO,2002,1.02649757327522,,,Other
Moldova,MDA,2002,7.79999965773833,5.30124390261601,6.845,Other
Madagascar,MDG,2002,-12.4079711055149,16.4985255315846,5.515,Africa
Maldives,MDV,2002,7.26838656139654,4.1786723990479,4.094,Other
Mexico,MEX,2002,-0.236588001922641,5.03072733151295,3.003,Americas
Marshall Islands,MHL,2002,3.63579015049041,,,Other
North Macedonia,MKD,2002,1.49366547202928,2.31459794083216,31.94,Other
Mali,MLI,2002,3.03627540738884,5.03282275711194,1.36,Africa
Malta,MLT,2002,2.74113503379645,2.18849048060549,6.902,Other
Myanmar,MMR,2002,12.0255134340315,57.0745112621703,0.685,Asia
Montenegro,MNE,2002,1.90393612601383,,30.356,Other
Mongolia,MNG,2002,4.73297846590111,0.91707468718427,6.2,Asia
Mozambique,MOZ,2002,9.66850534669427,,2.902,Africa
Mauritania,MRT,2002,1.38148396199058,3.8957052575849,10.201,Other
Mauritius,MUS,2002,1.61491865862438,6.41933372221149,8.205,Other
Malawi,MWI,2002,1.70000003078317,14.7446346101603,5.248,Other
Malaysia,MYS,2002,5.39098830692797,1.80787246281536,3.48,Asia
Namibia,NAM,2002,4.7886612188211,,21.538,Other
New Caledonia,NCL,2002,,,17.045,Other
Niger,NER,2002,4.91847057594622,2.62886597938136,1.808,Africa
Nigeria,NGA,2002,15.3291557409618,12.8765792031099,3.669,Africa
Nicaragua,NIC,2002,0.753938876079573,3.75017465778466,7.517,Americas
Netherlands,NLD,2002,0.24582951723049,3.28753104712766,2.554,Europe
Norway,NOR,2002,1.45747886087304,1.28672528415184,4.022,Europe
Nepal,NPL,2002,0.120143177369414,3.02939948714892,10.593,Asia
Naoero,NRU,2002,-9.97133415083098,,,Other
New Zealand,NZL,2002,4.71514593471419,2.67709257711605,5.282,Oceania
Oman,OMN,2002,-0.784165786429256,-0.279578822571373,4.335,Middle East
Pakistan,PAK,2002,2.59481668445784,3.29034472613153,0.615,Asia
Panama,PAN,2002,2.50884372716125,1.00583090379039,6.302,Americas
Peru,PER,2002,5.45352893818767,0.193135003853722,4.84,Americas
Philippines,PHL,2002,3.71625500158383,2.72277227722765,3.616,Asia
Palau,PLW,2002,4.71497567037891,-1.30123617436562,,Other
Papua New Guinea,PNG,2002,-0.158900533082658,11.7994470972606,2.756,Oceania
Poland,POL,2002,1.90119437968586,1.90528215048054,20.211,Europe
Puerto Rico (US),PRI,2002,0.916459423425337,,11.94,Other
"Korea, Dem. People's Rep.",PRK,2002,,,3.644,Other
Portugal,PRT,2002,0.770924781247714,3.60034658290915,4.497,Europe
Paraguay,PRY,2002,-0.0214043949985694,10.5102420856612,9.393,Americas
West Bank and Gaza,PSE,2002,-12.4883821798129,5.70951585976626,27.465,Other
French Polynesia,PYF,2002,0.846181482808589,,11.71,Other
Qatar,QAT,2002,7.18252331136711,0.239999999999952,0.87,Middle East
Romania,ROU,2002,5.70299165043771,22.5398862605386,8.112,Europe
Russian Federation,RUS,2002,4.69999190914258,15.7887307914463,7.875,Other
Rwanda,RWA,2002,13.1920736288433,1.99258542453993,11.432,Africa
Saudi Arabia,SAU,2002,-0.688390130317757,0.247186492339686,5.265,Middle East
Sudan,SDN,2002,6.0064715363132,22.2247241495905,15.514,Other
Senegal,SEN,2002,0.0686965747419066,2.33730187454299,2.82,Africa
Singapore,SGP,2002,3.92336076702013,-0.391676866585049,5.65,Other
Solomon Islands,SLB,2002,-2.7999838935951,10.9296341872692,2.698,Oceania
Sierra Leone,SLE,2002,26.5241350674409,,3.909,Other
El Salvador,SLV,2002,1.57291844759789,1.86552503610077,6.2,Americas
San Marino,SMR,2002,0.310800310800303,,,Other
"Somalia, Fed. Rep.",SOM,2002,7.63026729331047,,18.658,Other
Serbia,SRB,2002,6.54104600309256,19.4908321579689,13.8,Other
South Sudan,SSD,2002,,,12.235,Other
Sao Tome and Principe,STP,2002,3.360188168222,10.128724672229,17.63,Other
Suriname,SUR,2002,2.80000068850687,15.5273989185702,11.187,Other
Slovak Republic,SVK,2002,4.41725348271514,3.12714222984609,18.541,Other
Slovenia,SVN,2002,3.28258371393918,7.48077770703761,5.922,Other
Sweden,SWE,2002,2.27772867861897,2.15848213589266,4.965,Europe
Eswatini,SWZ,2002,4.0886479398829,12.0197154699232,25.771,Other
Seychelles,SYC,2002,1.21283290259314,0.174999999999924,,Other
Syrian Arab Republic,SYR,2002,7.85855098148016,-0.130505282417402,10.94,Middle East
Chad,TCD,2002,8.4912098197177,5.19181895195446,0.769,Other
Togo,TGO,2002,3.82662257675142,3.05981857535884,4.087,Other
Thailand,THA,2002,6.14903605210036,0.697308976625449,1.82,Asia
Tajikistan,TJK,2002,10.8000037591665,12.2499847845885,3.95,Asia
Turkmenistan,TKM,2002,0.257179997445405,,10.141,Other
Timor-Leste,TLS,2002,-6.70069541098115,,3.371,Other
Tonga,TON,2002,4.4292235994526,10.3590607918507,4.683,Oceania
Trinidad and Tobago,TTO,2002,7.93670968715332,4.1500586166472,10.39,Other
Tunisia,TUN,2002,1.32255714828946,2.72103284850455,14.55,Other
Turkiye,TUR,2002,6.43550883793114,44.964120947985,10.358,Other
Tuvalu,TUV,2002,8.31734087106138,,,Other
Tanzania,TZA,2002,7.09319498355502,5.31783366118203,3.023,Africa
Uganda,UGA,2002,8.73268576440127,-0.287508511765196,3.5,Other
Ukraine,UKR,2002,5.33964720719075,0.75742084639286,10.136,Europe
Uruguay,URY,2002,-7.73200721540044,13.9724725913515,16.648,Americas
United States,USA,2002,1.70044733078285,1.58603162650601,5.783,Americas
Uzbekistan,UZB,2002,3.97348819235708,,10.256,Asia
St. Vincent and the Grenadines,VCT,2002,5.34212707436718,1.85550399046655,20.623,Other
"Venezuela, RB",VEN,2002,-8.72641509433961,,16.17,Americas
Virgin Islands (U.S.),VIR,2002,,,10.227,Other
Viet Nam,VNM,2002,6.32082099160833,3.83082838168468,2.12,Asia
Vanuatu,VUT,2002,-5.19831875936025,1.96356754199195,8.598,Oceania
Samoa,WSM,2002,5.65195919890348,8.0503144654087,4.975,Oceania
"Yemen, Rep.",YEM,2002,3.9352315052778,12.2385339389711,11.839,Middle East
South Africa,ZAF,2002,3.70037440406668,9.494713780996,22.579,Africa
Zambia,ZMB,2002,4.50601428032604,22.2333446430947,14.131,Other
Zimbabwe,ZWE,2002,-8.89401285792752,,5.005,Other
Aruba,ABW,2003,1.11050459944282,3.65636507938418,,Other
Afghanistan,AFG,2003,8.83227780288267,,7.844,Asia
Angola,AGO,2003,3.48731240097521,98.2241436573304,16.445,Africa
Albania,ALB,2003,5.33326426009945,0.484002611818503,16.985,Other
Andorra,AND,2003,8.69420371612468,,,Other
United Arab Emirates,ARE,2003,8.80057809996346,,2.903,Middle East
Argentina,ARG,2003,8.83704079576924,,15.36,Americas
Armenia,ARM,2003,14.0000000015501,4.7215533660534,10.769,Other
American Samoa,ASM,2003,0.965517241379317,,,Other
Antigua and Barbuda,ATG,2003,6.07663666406602,1.99353055152454,,Other
Australia,AUS,2003,3.0912800997751,2.73259754838937,5.933,Oceania
Austria,AUT,2003,1.14156504542775,1.35555370896445,4.779,Europe
Azerbaijan,AZE,2003,10.2082994004776,2.23386492967049,9.17,Other
Burundi,BDI,2003,-1.22372796023444,10.6474645658306,3.145,Other
Belgium,BEL,2003,1.03795518162204,1.58896399970372,7.68,Europe
Benin,BEN,2003,3.44357677591658,1.48724246145442,0.747,Other
Burkina Faso,BFA,2003,7.80249388870359,2.03456574053815,2.78,Africa
Bangladesh,BGD,2003,4.73956739963045,5.66870773441476,4.32,Asia
Bulgaria,BGR,2003,5.23715282493174,2.34864169582758,13.733,Other
Bahrain,BHR,2003,6.29644129075703,1.59362549800787,1.126,Middle East
"Bahamas, The",BHS,2003,-1.26491667612372,3.02504526252236,10.84,Other
Bosnia and Herzegovina,BIH,2003,3.86713552011777,,28.424,Other
Belarus,BLR,2003,7.04319246586394,28.3978399133474,10.191,Other
Belize,BLZ,2003,9.66522679614125,2.31808274663101,10.342,Other
Bermuda,BMU,2003,3.41070667687531,,,Other
Bolivia,BOL,2003,2.7113398065361,3.33727499671534,2.654,Americas
Brazil,BRA,2003,1.14082899824888,14.7149197228147,11.168,Americas
Barbados,BRB,2003,2.175481019956,1.61943319838054,11.0,Other
Brunei Darussalam,BRN,2003,3.58342909978997,0.299999999999967,5.743,Other
Bhutan,BTN,2003,7.78656040877364,2.57230861693339,1.8,Other
Botswana,BWA,2003,4.62589474959299,9.18990265632739,23.8,Other
Central African Republic,CAF,2003,-5.39748521855877,4.13470905150996,5.809,Other
Canada,CAN,2003,1.8063851195103,2.75856321360112,7.574,Other
Switzerland,CHE,2003,-0.284222357857615,0.63827293088719,4.117,Europe
Channel Islands,CHI,2003,,,5.644,Other
Chile,CHL,2003,4.72324526861041,2.8101787574361,9.765,Americas
China,CHN,2003,10.1138119025242,1.12760348729637,4.58,Asia
Cote d'Ivoire,CIV,2003,-4.72586658630681,3.29680746974208,5.847,Africa
Cameroon,CMR,2003,5.45315368881347,0.623163557374316,5.908,Africa
"Congo, Dem. Rep.",COD,2003,5.57782231227127,12.8739657187405,3.057,Other
"Congo, Rep.",COG,2003,0.813264076303781,-0.631844987363156,19.877,Other
Colombia,COL,2003,3.91827190322513,7.1297886294186,13.221,Americas
Comoros,COM,2003,1.93442812313498,3.799081366719,4.559,Other
Cabo Verde,CPV,2003,4.17625932578332,1.18817038620528,13.604,Other
Costa Rica,CRI,2003,4.31718000096654,9.44758091616984,6.654,Americas
Cuba,CUB,2003,3.79274022304334,,2.33,Americas
Curacao,CUW,2003,0.288186681651752,1.63371391441571,,Other
Cyprus,CYP,2003,2.62329962315329,4.13906538686852,4.153,Other
Czechia,CZE,2003,3.300836832613,0.118739205526815,7.777,Europe
Germany,DEU,2003,-0.529801394291297,1.03422218628562,9.779,Europe
Djibouti,DJI,2003,,1.98196734627545,26.484,Other
Dominica,DMA,2003,5.80495468629533,1.45336800437251,,Other
Denmark,DNK,2003,0.441091006625101,2.07507820646506,5.398,Europe
Dominican Republic,DOM,2003,-1.34935744782766,27.4497127394395,6.938,Americas
Algeria,DZA,2003,6.50000000062043,4.268953958395,23.72,Africa
Ecuador,ECU,2003,2.88450036512064,7.92936487461556,5.662,Americas
"Egypt, Arab Rep.",EGY,2003,3.19345473756772,4.50777636319304,10.91,Africa
Eritrea,ERI,2003,-2.65551592487554,,5.79,Other
Spain,ESP,2003,2.9392895953076,3.03888839396661,11.283,Europe
Estonia,EST,2003,7.59630181032645,1.33499116549955,11.288,Other
Ethiopia,ETH,2003,-2.16135972256865,13.6740452028272,3.008,Africa
Finland,FIN,2003,2.01179992738312,0.877440386254729,10.469,Europe
Fiji,FJI,2003,0.999998995078172,4.17274777763034,4.74,Oceania
France,FRA,2003,0.967827182558352,2.09847219146919,8.306,Europe
"Micronesia, Fed. Sts.",FSM,2003,1.76275629920303,0.126643348208903,,Oceania
Gabon,GAB,2003,2.2473300115045,2.23535313551536,17.126,Other
United Kingdom,GBR,2003,3.21851612669614,1.37650038542013,4.807,Europe
Georgia,GEO,2003,11.0570310020104,0.837734531536568,11.51,Other
Ghana,GHA,2003,5.200000133101,29.7729797160384,7.728,Africa
Guinea,GIN,2003,1.24860125923698,,4.628,Africa
"Gambia, The",GMB,2003,6.86999962173842,17.0328665431988,9.991,Other
Guinea-Bissau,GNB,2003,-0.285931052286514,-3.50258551103421,3.169,Other
Equatorial Guinea,GNQ,2003,13.9552503163825,7.32354399351809,7.701,Other
Greece,GRC,2003,5.79682274294369,3.53065027765552,9.839,Europe
Grenada,GRD,2003,9.46397343076491,2.15492809908679,,Other
Greenland,GRL,2003,4.43004572118211,,,Other
Guatemala,GTM,2003,2.56037766801896,5.60347675434469,2.807,Americas
Guam,GUM,2003,0.879314134974734,,9.693,Other
Guyana,GUY,2003,-0.632225388266377,5.98097814066473,11.529,Other
"Hong Kong SAR, China",HKG,2003,3.05635886663597,-2.67379679144394,7.86,Other
Honduras,HND,2003,4.54703805165397,7.67416639397743,5.3,Americas
Croatia,HRV,2003,5.56842901730823,1.76733780760629,13.924,Other
Haiti,HTI,2003,3.48077973188326,28.6995777887374,12.151,Other
Hungary,HUN,2003,3.93877761242727,4.66101694915254,5.79,Europe
Indonesia,IDN,2003,4.78036912167654,6.75731256333564,6.657,Asia
Isle of Man,IMN,2003,5.99999968812641,,,Other
India,IND,2003,7.86038147545045,3.80585899528853,7.633,Asia
Ireland,IRL,2003,3.01383869396012,3.49221909079765,4.478,Other
"Iran, Islamic Rep.",IRN,2003,8.6392983972006,16.4680116244792,11.529,Middle East
Iraq,IRQ,2003,-36.6567804383165,33.6162105992383,8.959,Middle East
Iceland,ISL,2003,2.28136971847135,2.05566329753744,3.997,Other
Israel,ISR,2003,1.43455918035305,0.70763061681807,13.505,Middle East
Italy,ITA,2003,0.0665538088732092,2.6725555277285,8.869,Europe
Jamaica,JAM,2003,3.66631759041991,10.0869565217391,6.534,Other
Jordan,JOR,2003,4.16166755544363,1.62999999999998,14.5,Middle East
Japan,JPN,2003,1.38010935830795,-0.256541816316025,5.251,Asia
Kazakhstan,KAZ,2003,9.30000000033759,6.4382181011894,8.78,Asia
Kenya,KEN,2003,2.93247554570904,9.81569062979654,2.869,Africa
Kyrgyz Republic,KGZ,2003,7.03029319731168,2.97461295184355,2.548,Other
Cambodia,KHM,2003,10.2836813071691,0.94174611779921,0.909,Asia
Kiribati,KIR,2003,-1.57546689217141,,,Oceania
St. Kitts and Nevis,KNA,2003,-3.93339486032939,2.23543664374553,,Other
"Korea, Rep.",KOR,2003,3.07472661826947,3.51487451459939,3.348,Asia
Kuwait,KWT,2003,17.3260204175143,0.961350293542112,1.3,Middle East
Lao PDR,LAO,2003,6.06700230344272,15.4893529233525,1.639,Other
Lebanon,LBN,2003,3.22709826879041,,8.061,Middle East
Liberia,LBR,2003,-30.145132727942,10.3302881236823,2.42,Other
Libya,LBY,2003,13.0160372478013,-2.19115191986647,19.074,Other
St. Lucia,LCA,2003,4.26461148738223,1.03425372426221,22.18,Other
Liechtenstein,LIE,2003,-1.93756534125014,,,Other
Sri Lanka,LKA,2003,5.9402690780223,6.31463787051174,8.22,Asia
Lesotho,LSO,2003,4.55977716384528,6.62916357146762,16.056,Other
Lithuania,LTU,2003,10.5518959629574,-1.13430854990247,12.874,Other
Luxembourg,LUX,2003,2.6192502126754,2.04984030563516,3.675,Other
Latvia,LVA,2003,8.42913257059108,2.94264752948478,12.061,Other
"Macao SAR, China",MAC,2003,11.6433551416587,-1.56245203671305,5.995,Other
Morocco,MAR,2003,6.17110214953244,1.16773367477592,11.92,Africa
Monaco,MCO,2003,1.08753654746801,,,Other
Moldova,MDA,2003,6.59999995777716,11.7460792058232,6.378,Other
Madagascar,MDG,2003,9.78489212474175,-1.70400479616298,5.01,Africa
Maldives,MDV,2003,13.7500496410836,-1.26065113450354,5.126,Other
Mexico,MEX,2003,1.18554486709559,4.54690012118718,3.455,Americas
Marshall Islands,MHL,2003,-1.56167510462087,,,Other
North Macedonia,MKD,2003,2.22260165732409,0.855562122724219,36.69,Other
Mali,MLI,2003,9.79712256086644,-1.34672619047621,1.272,Africa
Malta,MLT,2003,3.69331066307235,1.30383777442602,7.488,Other
Myanmar,MMR,2003,13.8439968903798,36.5897175323924,0.686,Asia
Montenegro,MNE,2003,2.48265891351525,,30.39,Other
Mongolia,MNG,2003,7.00463457384886,5.12899499422419,6.768,Asia
Northern Mariana Islands,MNP,2003,0.343170899107761,,,Other
Mozambique,MOZ,2003,7.21770086569656,,2.857,Africa
Mauritania,MRT,2003,6.92826955106302,5.15190150769578,9.911,Other
Mauritius,MUS,2003,5.9254454894774,3.92105357558188,8.318,Other
Malawi,MWI,2003,5.70563940467414,9.57679786919214,5.165,Other
Malaysia,MYS,2003,5.7884992858875,1.08967632577286,3.61,Asia
Namibia,NAM,2003,4.23979429582137,7.1361531145863,22.104,Other
New Caledonia,NCL,2003,,,16.665,Other
Niger,NER,2003,2.1706103837418,-1.61440769175596,2.145,Africa
Nigeria,NGA,2003,7.34719496793299,14.0317836131437,3.637,Africa
Nicaragua,NIC,2003,2.52073289551447,5.30238773219936,7.6,Americas
Netherlands,NLD,2003,0.0978549395212411,2.09199838997655,3.593,Europe
Norway,NOR,2003,1.09635781210122,2.48782553461781,4.221,Europe
Nepal,NPL,2003,3.94503776051116,5.70700931874738,10.644,Asia
Naoero,NRU,2003,0.284579021867188,,,Other
New Zealand,NZL,2003,4.72587484712128,1.75357444759557,4.745,Oceania
Oman,OMN,2003,-2.19466567976842,0.231328682267143,4.599,Middle East
Pakistan,PAK,2003,5.40131087314342,2.91413470059479,0.612,Asia
Panama,PAN,2003,5.09686030493801,0.391666666666709,6.303,Americas
Peru,PER,2003,4.16502313666112,2.25937753363072,4.15,Americas
Philippines,PHL,2003,5.08691113513073,2.28915662650607,3.527,Asia
Palau,PLW,2003,-2.12775905744436,0.922874093605824,,Other
Papua New Guinea,PNG,2003,2.16410250222083,14.7090779663557,2.628,Oceania
Poland,POL,2003,3.52337117234833,0.682701375787632,19.899,Europe
Puerto Rico (US),PRI,2003,0.0534198017173964,,11.78,Other
"Korea, Dem. People's Rep.",PRK,2003,,,3.668,Other
Portugal,PRT,2003,-0.930521045062918,3.21899090682895,6.132,Europe
Paraguay,PRY,2003,4.32074548551591,14.2367970499143,6.814,Americas
West Bank and Gaza,PSE,2003,14.0156476793996,4.40303221730888,23.004,Other
French Polynesia,PYF,2003,2.1269288487261,,11.751,Other
Qatar,QAT,2003,3.7199194981967,2.26456504389469,0.87,Middle East
Romania,ROU,2003,2.34114732919521,15.2734889936255,6.95,Europe
Russian Federation,RUS,2003,7.29995234528189,13.6632930228666,8.21,Other
Rwanda,RWA,2003,2.2023875095978,7.44970014007366,11.658,Africa
Saudi Arabia,SAU,2003,8.76873381743964,0.612195358172966,5.563,Middle East
Sudan,SDN,2003,6.28880816146516,6.48943208673338,15.515,Other
Senegal,SEN,2003,5.59395094456143,-0.0519970242714495,2.781,Africa
Singapore,SGP,2003,4.54825542643229,0.507905300237551,5.93,Other
Solomon Islands,SLB,2003,6.52346760921694,8.26946349334406,2.286,Oceania
Sierra Leone,SLE,2003,9.48363126885343,,3.879,Other
El Salvador,SLV,2003,1.56539303147618,2.1203909173333,6.9,Americas
San Marino,SMR,2003,3.87296669248644,,,Other
"Somalia, Fed. Rep.",SOM,2003,7.63026729332455,,18.648,Other
Serbia,SRB,2003,4.55968997935088,9.87617889729578,15.2,Other
South Sudan,SSD,2003,,,12.234,Other
Sao Tome and Principe,STP,2003,8.29151946119818,9.79241974934509,16.36,Other
Suriname,SUR,2003,6.29999943314137,23.0022321778219,10.336,Other
Slovak Republic,SVK,2003,4.85669851591319,8.55414305406653,17.549,Other
Slovenia,SVN,2003,3.19503117236037,5.54416421752897,6.479,Other
Sweden,SWE,2003,1.88102769675844,1.92565534892383,5.555,Europe
Eswatini,SWZ,2003,4.53865525672528,7.28999999999999,26.259,Other
Seychelles,SYC,2003,-5.88712848764477,3.30255386407089,,Other
Syrian Arab Republic,SYR,2003,0.590781711933914,5.79682944905841,10.28,Middle East
Chad,TCD,2003,14.7216670123589,-1.75256941248655,0.725,Other
Togo,TGO,2003,6.72017142336034,-0.930000884072214,3.957,Other
Thailand,THA,2003,7.18924330340971,1.80434994635718,1.54,Asia
Tajikistan,TJK,2003,10.9999990780572,16.3034912049491,3.85,Asia
Turkmenistan,TKM,2003,3.2688286670479,,9.289,Other
Timor-Leste,TLS,2003,-2.18226413236545,7.16515891441839,3.54,Other
Tonga,TON,2003,0.0518054450729011,11.6386219580734,5.18,Oceania
Trinidad and Tobago,TTO,2003,14.4409895389734,3.8111062439687,10.48,Other
Tunisia,TUN,2003,4.70239953285241,2.71259247474352,14.51,Other
Turkiye,TUR,2003,5.79909321038525,21.6024384490573,10.542,Other
Tuvalu,TUV,2003,-4.35078593434982,,,Other
Tanzania,TZA,2003,6.67278983053497,5.30356621509782,3.053,Africa
Uganda,UGA,2003,6.47325867166543,8.68047651566884,3.6,Other
Ukraine,UKR,2003,9.51660986436364,5.17967781908315,9.057,Europe
Uruguay,URY,2003,0.805283915893824,19.3797301743995,16.661,Americas
United States,USA,2003,2.79560596378604,2.27009497336115,5.989,Americas
Uzbekistan,UZB,2003,4.23262738154382,,9.22,Asia
St. Vincent and the Grenadines,VCT,2003,6.69133665352797,0.205981708824254,19.985,Other
"Venezuela, RB",VEN,2003,-7.75193798449614,,16.78,Americas
Virgin Islands (U.S.),VIR,2003,-0.396080883885759,,10.574,Other
Viet Nam,VNM,2003,6.89906349055258,3.23464817293925,2.25,Asia
Vanuatu,VUT,2003,4.28833511695457,3.01624129930394,8.659,Oceania
Samoa,WSM,2003,5.21262892634149,0.115830115830107,5.038,Oceania
Kosovo,XKX,2003,,-1.08481262327414,,Other
"Yemen, Rep.",YEM,2003,3.74739818489111,10.8323607023242,12.014,Middle East
South Africa,ZAF,2003,2.94907546754213,5.67942414068799,22.679,Africa
Zambia,ZMB,2003,6.94497398221223,21.4015783901995,14.704,Other
Zimbabwe,ZWE,2003,-16.9950733355763,,4.738,Other
Aruba,ABW,2004,7.29372807096192,2.52912946932762,,Other
Afghanistan,AFG,2004,1.41411799339429,,7.794,Asia
Angola,AGO,2004,11.4198633904585,43.5421067519687,16.313,Africa
Albania,ALB,2004,5.26626173860785,2.28001916938099,16.306,Other
Andorra,AND,2004,8.13567633837351,,,Other
United Arab Emirates,ARE,2004,9.56652626277928,,2.965,Middle East
Argentina,ARG,2004,9.02957330068152,,13.522,Americas
Armenia,ARM,2004,10.4999999988202,6.96126135875795,10.676,Other
American Samoa,ASM,2004,0.409836065573771,,,Other
Antigua and Barbuda,ATG,2004,5.76710338270556,2.03007757853236,,Other
Australia,AUS,2004,4.21894147547516,2.34325687131265,5.399,Oceania
Austria,AUT,2004,2.56525534067859,2.0612061803287,5.969,Europe
Azerbaijan,AZE,2004,9.25380179728907,6.70893042797786,7.99,Other
Burundi,BDI,2004,4.83365776809453,8.17642937482053,3.177,Other
Belgium,BEL,2004,3.57120671942319,2.09728311239316,7.363,Europe
Benin,BEN,2004,4.42968455385082,0.8738908308685,0.79,Other
Burkina Faso,BFA,2004,4.47845213670386,-0.400228702115452,3.48,Africa
Bangladesh,BGD,2004,5.23953291029852,7.5875363850469,4.316,Asia
Bulgaria,BGR,2004,6.5104241389717,6.14713074246267,12.037,Other
Bahrain,BHR,2004,6.98096175867695,2.35294117647062,1.064,Middle East
"Bahamas, The",BHS,2004,0.882373744518318,0.981914036757662,10.2,Other
Bosnia and Herzegovina,BIH,2004,6.32526794858342,,29.279,Other
Belarus,BLR,2004,11.4497432088167,18.1082424937646,9.463,Other
Belize,BLZ,2004,4.78066505273344,6.39443099742399,10.586,Other
Bermuda,BMU,2004,2.32126722323136,,,Other
Bolivia,BOL,2004,4.1732955905708,4.43738080101725,2.615,Americas
Brazil,BRA,2004,5.75996463670954,6.59718509985963,10.072,Americas
Barbados,BRB,2004,1.411597864066,1.39442231075691,9.57,Other
Brunei Darussalam,BRN,2004,0.104538372603315,0.814223994682613,5.847,Other
Bhutan,BTN,2004,5.15725736177561,4.10593698272958,2.49,Other
Botswana,BWA,2004,2.70582170611173,6.94570363654675,21.755,Other
Central African Republic,CAF,2004,5.99488422798696,-2.06640601136303,5.729,Other
Canada,CAN,2004,3.09236381038156,1.85725871857256,7.185,Other
Switzerland,CHE,2004,2.58692895529093,0.802908730955226,4.316,Europe
Channel Islands,CHI,2004,,,5.848,Other
Chile,CHL,2004,6.67425416822923,1.05473871403517,10.162,Americas
China,CHN,2004,10.1404291872206,3.82463743108159,4.49,Asia
Cote d'Ivoire,CIV,2004,3.18503822575397,1.45798835600741,5.915,Africa
Cameroon,CMR,2004,7.04886281858374,0.233647380067584,5.087,Africa
"Congo, Dem. Rep.",COD,2004,6.73837393320788,3.99438400815971,2.976,Other
"Congo, Rep.",COG,2004,3.47663162118089,2.42976607961799,19.896,Other
Colombia,COL,2004,5.33302206759905,5.90402005546502,13.717,Americas
Comoros,COM,2004,3.10041210399676,4.47499289078107,4.571,Other
Cabo Verde,CPV,2004,10.197072633926,-1.8908217230618,13.456,Other
Costa Rica,CRI,2004,4.42459978667458,12.3148150178852,6.445,Americas
Cuba,CUB,2004,5.77053807021559,,1.854,Americas
Curacao,CUW,2004,0.208461073109362,1.37912138094799,,Other
Cyprus,CYP,2004,5.02627226665527,2.28621706801678,4.77,Other
Czechia,CZE,2004,4.73633969683438,2.76010781671153,8.298,Europe
Germany,DEU,2004,1.16208684507278,1.66573696655992,10.727,Europe
Djibouti,DJI,2004,,3.12226204699352,26.441,Other
Dominica,DMA,2004,4.09783662273917,2.39410982050298,,Other
Denmark,DNK,2004,2.77635180744053,1.15435693124934,5.204,Europe
Dominican Republic,DOM,2004,2.58556667449577,51.4608598338065,6.303,Americas
Algeria,DZA,2004,4.49999999976698,3.96180030257187,17.65,Africa
Ecuador,ECU,2004,6.83239736646514,2.74323198926704,5.002,Americas
"Egypt, Arab Rep.",EGY,2004,4.09207161019908,11.270619332052,10.32,Africa
Eritrea,ERI,2004,1.45173556595506,,5.704,Other
Spain,ESP,2004,3.1145314799161,3.03924881090924,11.09,Europe
Estonia,EST,2004,6.80070110758655,3.04811107523416,10.248,Other
Ethiopia,ETH,2004,13.5726031401471,3.32737047894847,2.776,Africa
Finland,FIN,2004,4.00537952277651,0.187120559084474,10.358,Europe
Fiji,FJI,2004,5.30000086613597,2.82748519391201,4.7,Oceania
France,FRA,2004,2.86825052501032,2.14208964640239,8.914,Europe
"Micronesia, Fed. Sts.",FSM,2004,-3.19037831026102,2.27669698247304,,Oceania
Gabon,GAB,2004,0.689543058464849,0.40820530743925,17.108,Other
United Kingdom,GBR,2004,2.32601853325993,1.39039756680422,4.594,Europe
Georgia,GEO,2004,5.79268292682926,5.65632636191132,12.62,Other
Ghana,GHA,2004,5.59999999077445,18.0427388232565,6.758,Africa
Guinea,GIN,2004,2.34011731288737,,4.709,Africa
"Gambia, The",GMB,2004,7.05000000064635,14.2067432845569,9.948,Other
Guinea-Bissau,GNB,2004,1.17189152277038,0.883302696930943,3.226,Other
Equatorial Guinea,GNQ,2004,37.9987268556423,4.21968787094834,7.658,Other
Greece,GRC,2004,5.37786634595851,2.8988481075817,10.628,Europe
Grenada,GRD,2004,-0.647450316084857,2.3129167822611,,Other
Greenland,GRL,2004,6.90658283676629,,,Other
Guatemala,GTM,2004,3.13791683609193,7.57862247309729,2.971,Americas
Guam,GUM,2004,6.49378949662236,,7.7,Other
Guyana,GUY,2004,1.56335211034042,4.66846622369881,11.281,Other
"Hong Kong SAR, China",HKG,2004,8.70006555836002,-0.274725274725253,6.74,Other
Honduras,HND,2004,6.23230296069102,8.11379097093383,5.99,Americas
Croatia,HRV,2004,4.17049297825163,2.05539679050328,13.664,Other
Haiti,HTI,2004,-1.3178567596495,21.0318339277222,13.415,Other
Hungary,HUN,2004,4.96312536156307,6.74434679569469,5.832,Europe
Indonesia,IDN,2004,5.03087394501685,6.06406189133648,7.303,Asia
Isle of Man,IMN,2004,5.20000310402496,,,Other
India,IND,2004,7.92293661307978,3.76725173477517,7.598,Asia
Ireland,IRL,2004,6.78813990621356,2.17854605730523,4.491,Other
"Iran, Islamic Rep.",IRN,2004,4.33666597851041,14.7615086970672,10.3,Middle East
Iraq,IRQ,2004,53.3855472887501,26.9619068193271,8.715,Middle East
Iceland,ISL,2004,7.62260520494142,3.15819324298459,4.031,Other
Israel,ISR,2004,4.64944459908543,-0.421595034547416,13.029,Middle East
Italy,ITA,2004,1.4740217064723,2.20673661423657,7.866,Europe
Jamaica,JAM,2004,1.32372510450574,13.5545023696682,6.539,Other
Jordan,JOR,2004,8.56721424236906,3.36186821476601,14.626,Middle East
Japan,JPN,2004,2.11294823723127,-0.0085733882031027,4.734,Asia
Kazakhstan,KAZ,2004,9.60000000136854,6.88205438981899,8.4,Asia
Kenya,KEN,2004,5.10429977629738,11.6240355442426,2.844,Africa
Kyrgyz Republic,KGZ,2004,7.02681242497607,4.11065084723381,2.68,Other
Cambodia,KHM,2004,9.45769481103929,4.31933677434786,1.004,Asia
Kiribati,KIR,2004,-0.608967597152244,,,Oceania
St. Kitts and Nevis,KNA,2004,3.99634666125431,2.31455462238093,,Other
"Korea, Rep.",KOR,2004,5.1836368597334,3.59066298882578,3.42,Asia
Kuwait,KWT,2004,10.2402980586354,1.24856443679889,1.7,Middle East
Lao PDR,LAO,2004,6.35769548008234,10.4622667314208,1.498,Other
Lebanon,LBN,2004,6.67944461641103,,7.85,Middle East
Liberia,LBR,2004,2.61984689477413,7.82908704883235,2.424,Other
Libya,LBY,2004,4.46163899648637,-2.19756774055898,18.938,Other
St. Lucia,LCA,2004,7.2674088699471,1.46036814425245,20.97,Other
Liechtenstein,LIE,2004,3.03917210306501,,,Other
Sri Lanka,LKA,2004,5.44506127885352,7.57592582995856,8.38,Asia
Lesotho,LSO,2004,1.69237417358596,5.02342068616285,16.154,Other
Lithuania,LTU,2004,6.50203536075556,1.16410252104671,10.684,Other
Luxembourg,LUX,2004,4.23067892192488,2.22567916428894,5.113,Other
Latvia,LVA,2004,8.72514341727928,6.19238547197429,11.708,Other
"Macao SAR, China",MAC,2004,26.6368742306114,0.980728452039451,4.904,Other
Morocco,MAR,2004,4.57138016516208,1.49344403381774,10.83,Africa
Monaco,MCO,2004,2.47048260499609,,,Other
Moldova,MDA,2004,7.39999973358189,12.5242768428228,6.374,Other
Madagascar,MDG,2004,5.25700362208742,13.9558018033211,3.951,Africa
Maldives,MDV,2004,5.92489251113133,-1.68541212459466,6.151,Other
Mexico,MEX,2004,3.56544102622887,4.68840884843143,3.937,Americas
Marshall Islands,MHL,2004,-0.408355471416314,,,Other
North Macedonia,MKD,2004,4.67408957960916,-0.448650206551934,37.161,Other
Mali,MLI,2004,1.47732490290102,-3.09978128063957,1.413,Africa
Malta,MLT,2004,0.407354423655889,2.79082848067754,7.317,Other
Myanmar,MMR,2004,13.5646616163416,4.53421374129692,0.677,Asia
Montenegro,MNE,2004,4.42605147138921,,30.342,Other
Mongolia,MNG,2004,10.6254059599309,8.24115449417619,6.851,Asia
Northern Mariana Islands,MNP,2004,-3.07797537619699,,,Other
Mozambique,MOZ,2004,8.20470494788577,,2.953,Africa
Mauritania,MRT,2004,4.7327579245203,10.3676233473073,9.77,Other
Mauritius,MUS,2004,4.33001985464323,4.71037060105883,8.337,Other
Malawi,MWI,2004,5.42049754993828,11.4298060822124,4.964,Other
Malaysia,MYS,2004,6.78343772370305,1.42127115937402,3.54,Asia
Namibia,NAM,2004,12.2695481036769,4.13663213144748,22.09,Other
New Caledonia,NCL,2004,,,16.31,Other
Niger,NER,2004,0.363801578722132,0.262543757292838,2.751,Africa
Nigeria,NGA,2004,9.25055822923169,14.9980338183251,3.59,Africa
Nicaragua,NIC,2004,5.31217056950739,8.47021063584077,6.41,Americas
Netherlands,NLD,2004,2.01628331561487,1.26364739183177,4.646,Europe
Norway,NOR,2004,4.33015597691212,0.454498502220863,4.256,Europe
Nepal,NPL,2004,4.68260325152944,2.8418113124898,10.652,Asia
Naoero,NRU,2004,-4.31476539773472,,,Other
New Zealand,NZL,2004,4.09053577279863,2.29024902847571,4.005,Oceania
Oman,OMN,2004,1.99251510973346,0.624969062631367,4.693,Middle East
Pakistan,PAK,2004,7.83125556961251,7.44462469342739,0.598,Asia
Panama,PAN,2004,8.17565333965649,0.474723078204362,6.097,Americas
Peru,PER,2004,4.95820320611745,3.66247320092233,4.71,Americas
Philippines,PHL,2004,6.56922851180626,4.82921083627795,3.554,Asia
Palau,PLW,2004,3.47251267849076,4.96407576747217,,Other
Papua New Guinea,PNG,2004,2.72117574098235,2.15893131266946,2.526,Oceania
Poland,POL,2004,5.09079546409544,3.38264681884699,18.822,Europe
Puerto Rico (US),PRI,2004,8.7486769008168,,10.31,Other
"Korea, Dem. People's Rep.",PRK,2004,,,3.62,Other
Portugal,PRT,2004,1.78873552917291,2.365362040973,6.319,Europe
Paraguay,PRY,2004,4.05741836363771,4.32326492967491,6.513,Americas
West Bank and Gaza,PSE,2004,21.9244861205987,3.00417498638593,23.215,Other
French Polynesia,PYF,2004,0.971259129987544,,11.702,Other
Qatar,QAT,2004,19.2185032411244,6.79933665008279,0.87,Middle East
Romania,ROU,2004,10.4281130180976,11.8743635936399,7.719,Europe
Russian Federation,RUS,2004,7.19994786954857,10.8886157326216,7.763,Other
Rwanda,RWA,2004,7.44766737037035,12.2507102894391,11.699,Africa
Saudi Arabia,SAU,2004,8.63100545880309,0.5155078977673,5.822,Middle East
Sudan,SDN,2004,5.14088851762675,9.65754628605945,15.538,Other
Senegal,SEN,2004,4.64329393683312,0.514781781023016,2.775,Africa
Singapore,SGP,2004,9.93998268434957,1.66272719863072,5.84,Other
Solomon Islands,SLB,2004,7.68364102152745,6.98584202682567,2.026,Oceania
Sierra Leone,SLE,2004,6.47884588417347,,3.42,Other
El Salvador,SLV,2004,0.889404485692197,4.45194392395045,6.8,Americas
San Marino,SMR,2004,4.5488441461596,1.43083868527343,,Other
"Somalia, Fed. Rep.",SOM,2004,7.11031431125608,,18.653,Other
Serbia,SRB,2004,6.68686836863701,11.0263627183464,18.5,Other
South Sudan,SSD,2004,,,12.256,Other
Sao Tome and Principe,STP,2004,3.5379059435684,13.2858860871796,16.12,Other
Suriname,SUR,2004,8.50000018479413,9.98632511974878,9.49,Other
Slovak Republic,SVK,2004,5.38949856996771,7.54850088183423,18.206,Other
Slovenia,SVN,2004,4.54602214352336,3.5929759424951,6.012,Other
Sweden,SWE,2004,4.17958419343711,0.373659828721824,6.693,Europe
Eswatini,SWZ,2004,3.61711931922247,3.44533507316614,26.716,Other
Seychelles,SYC,2004,-2.8504539768538,3.85730391367399,,Other
Syrian Arab Republic,SYR,2004,6.9025333036284,4.43314136719839,9.513,Middle East
Chad,TCD,2004,33.6293718498522,-5.35540028884816,0.672,Other
Togo,TGO,2004,-0.978665332738743,0.393078681031669,3.992,Other
Thailand,THA,2004,6.28934214285795,2.75914926231082,1.51,Asia
Tajikistan,TJK,2004,10.2999989410117,7.14196508692253,3.45,Asia
Turkmenistan,TKM,2004,5.00040735874585,,8.419,Other
Timor-Leste,TLS,2004,0.400003981151968,3.23751394003321,3.668,Other
Tonga,TON,2004,-1.96794740326561,10.9734053679554,3.878,Oceania
Trinidad and Tobago,TTO,2004,7.95005151069972,3.72154938995965,8.33,Other
Tunisia,TUN,2004,6.23579072222647,3.63228004956625,14.23,Other
Turkiye,TUR,2004,9.92540551918624,8.59826168115262,10.838,Other
Tuvalu,TUV,2004,-1.88813964522959,,,Other
Tanzania,TZA,2004,7.50381465859829,4.73580143949058,3.105,Africa
Uganda,UGA,2004,6.80723334361883,3.72128743978228,2.699,Other
Ukraine,UKR,2004,11.7953525281136,9.04806786050888,8.59,Europe
Uruguay,URY,2004,5.00416035564457,9.15760507540997,12.98,Americas
United States,USA,2004,3.84777169267127,2.67723669309172,5.529,Americas
Uzbekistan,UZB,2004,7.4490006055965,,8.152,Asia
St. Vincent and the Grenadines,VCT,2004,4.11469880444737,2.96003946719286,19.545,Other
"Venezuela, RB",VEN,2004,18.2072829131653,,15.07,Americas
Virgin Islands (U.S.),VIR,2004,3.28589367936377,,10.266,Other
Viet Nam,VNM,2004,7.53641060890386,7.75494748709606,2.14,Asia
Vanuatu,VUT,2004,3.98739280216959,1.41891891891893,8.432,Oceania
Samoa,WSM,2004,3.0872602379675,16.3131507905901,5.162,Oceania
Kosovo,XKX,2004,,-1.06472696605525,,Other
"Yemen, Rep.",YEM,2004,3.972696401183,12.5150951495207,12.131,Middle East
South Africa,ZAF,2004,4.55455990721774,-0.692039437857687,22.567,Africa
Zambia,ZMB,2004,7.03239511515218,17.9677891087286,15.332,Other
Zimbabwe,ZWE,2004,-5.80753964196205,,4.39,Other
Aruba,ABW,2005,-0.383137672063768,3.39778677828805,,Other
Afghanistan,AFG,2005,11.2297148272859,12.6862687216715,7.878,Asia
Angola,AGO,2005,14.1547775343954,22.953513851394,16.295,Africa
Albania,ALB,2005,5.13082193056189,2.36658195679795,15.966,Other
Andorra,AND,2005,5.39779598500422,,,Other
United Arab Emirates,ARE,2005,4.85513657996815,,3.12,Middle East
Argentina,ARG,2005,8.85165992013437,,11.506,Americas
Armenia,ARM,2005,13.8999999991133,0.638928002410097,10.584,Other
American Samoa,ASM,2005,-0.408163265306129,,,Other
Antigua and Barbuda,ATG,2005,6.47368941781741,2.09875196709308,,Other
Australia,AUS,2005,3.15548121323168,2.69182949622197,5.036,Oceania
Austria,AUT,2005,2.32036514266782,2.29913785639286,5.682,Europe
Azerbaijan,AZE,2005,27.9615381082131,9.6795073191705,7.26,Other
Burundi,BDI,2005,0.900000000901912,13.2520699188224,3.162,Other
Belgium,BEL,2005,2.32173792911834,2.78143263670029,8.44,Europe
Benin,BEN,2005,1.71316456361184,5.36452085832342,0.859,Other
Burkina Faso,BFA,2005,8.66187322841225,6.41504018369684,4.0,Africa
Bangladesh,BGD,2005,6.53594493875502,7.04661816222039,4.25,Asia
Bulgaria,BGR,2005,7.05634916258309,5.0388380711191,10.083,Other
Bahrain,BHR,2005,6.76899737789502,2.58620689655173,1.021,Middle East
"Bahamas, The",BHS,2005,3.39608420536011,1.59160618079802,10.2,Other
Bosnia and Herzegovina,BIH,2005,3.89718320544974,,30.218,Other
Belarus,BLR,2005,9.40000151584914,10.3388794457932,8.759,Other
Belize,BLZ,2005,2.2191905367057,-1.1043104441191,10.91,Other
Bermuda,BMU,2005,1.67420611410508,,,Other
Bolivia,BOL,2005,4.42143313550196,5.39323106890663,2.598,Americas
Brazil,BRA,2005,3.20213206130431,6.86953720898964,10.551,Americas
Barbados,BRB,2005,3.95545709487497,6.08218729535043,9.08,Other
Brunei Darussalam,BRN,2005,-0.0039253166074644,1.24443711883965,5.973,Other
Bhutan,BTN,2005,6.93507146766659,5.3126310463775,3.1,Other
Botswana,BWA,2005,4.55664565323181,8.6102252854644,19.852,Other
Central African Republic,CAF,2005,0.908210514871953,2.88352073359022,5.691,Other
Canada,CAN,2005,3.21045441502793,2.21355203439767,6.758,Other
Switzerland,CHE,2005,2.95208487460334,1.17195420333703,4.437,Europe
Channel Islands,CHI,2005,,,5.833,Other
Chile,CHL,2005,5.83704571917758,3.05257621387849,9.34,Americas
China,CHN,2005,11.4535130030645,1.77641407667571,4.52,Asia
Cote d'Ivoire,CIV,2005,0.996065564854788,3.88583039886482,6.023,Africa
Cameroon,CMR,2005,2.22827020924117,2.01353950175986,4.4,Africa
"Congo, Dem. Rep.",COD,2005,6.1351511550716,21.3168167229341,2.948,Other
"Congo, Rep.",COG,2005,7.75575897806648,3.09449011456182,19.796,Other
Colombia,COL,2005,4.82876110773741,5.05101962689696,11.062,Americas
Comoros,COM,2005,5.66520240193151,3.0133239505812,4.527,Other
Cabo Verde,CPV,2005,6.91245795720201,0.41889161285517,13.439,Other
Costa Rica,CRI,2005,3.97666631433462,13.7982949108987,6.749,Americas
Cuba,CUB,2005,11.2016564219094,,1.95,Americas
Curacao,CUW,2005,0.676425345201665,4.11711711711708,,Other
Cyprus,CYP,2005,4.85298762175586,2.56016132330235,5.481,Other
Czechia,CZE,2005,6.37502886086791,1.85709789109228,7.927,Europe
Germany,DEU,2005,0.885485292551564,1.54691114751328,11.193,Europe
Djibouti,DJI,2005,,3.10496640148299,26.448,Other
Dominica,DMA,2005,0.915286472779144,1.68190079877553,,Other
Denmark,DNK,2005,2.35960882992528,1.81781458291254,4.83,Europe
Dominican Republic,DOM,2005,9.43178931977285,4.19020260472056,6.587,Americas
Algeria,DZA,2005,5.39999999969525,1.38244656662118,15.27,Africa
Ecuador,ECU,2005,5.39862243994342,2.1682770118372,3.779,Americas
"Egypt, Arab Rep.",EGY,2005,4.4717444710621,4.86939696871988,11.049,Africa
Eritrea,ERI,2005,2.57444955124846,,5.721,Other
Spain,ESP,2005,3.5512255846125,3.36881409750383,9.146,Europe
Estonia,EST,2005,9.52305386462066,4.07971423199849,8.033,Other
Ethiopia,ETH,2005,11.8187659491625,9.96997123512892,2.497,Africa
Finland,FIN,2005,2.77730918518017,0.623874450025224,9.602,Europe
Fiji,FJI,2005,0.699999592969263,2.36576453830434,3.886,Oceania
France,FRA,2005,1.88856584109286,1.74586936380487,8.882,Europe
"Micronesia, Fed. Sts.",FSM,2005,2.7434627349036,4.25769978210942,,Oceania
Gabon,GAB,2005,2.67620333310926,3.70833333333304,16.91,Other
United Kingdom,GBR,2005,2.7906547174688,2.0891364902507,4.884,Europe
Georgia,GEO,2005,9.59113832853026,8.24709043114158,13.81,Other
Ghana,GHA,2005,5.90000381855104,15.4389920155908,5.816,Africa
Guinea,GIN,2005,2.99727256275818,31.3733025877534,4.814,Africa
"Gambia, The",GMB,2005,-2.35172936176019,4.83862177543157,9.92,Other
Guinea-Bissau,GNB,2005,6.55977111846077,3.32919922802856,3.184,Other
Equatorial Guinea,GNQ,2005,16.7487006053541,5.63163351357613,7.667,Other
Greece,GRC,2005,1.18350635493289,3.54507273335078,10.074,Europe
Grenada,GRD,2005,13.2761883306272,3.475806937554,,Other
Greenland,GRL,2005,4.98749177090193,,,Other
Guatemala,GTM,2005,3.27602692588886,9.1086498571922,3.059,Americas
Guam,GUM,2005,3.64231634949867,,7.0,Other
Guyana,GUY,2005,-1.95095759501714,6.92554303890158,11.085,Other
"Hong Kong SAR, China",HKG,2005,7.38815395153696,0.826446280991827,5.58,Other
Honduras,HND,2005,6.05059922215973,8.80906074819817,4.909,Americas
Croatia,HRV,2005,4.32819454299167,3.31717824448043,12.598,Other
Haiti,HTI,2005,3.07217337664731,13.973008326384,14.559,Other
Hungary,HUN,2005,4.30028318461673,3.56151711378352,7.189,Europe
Indonesia,IDN,2005,5.69257130383384,10.4532001873347,7.945,Asia
Isle of Man,IMN,2005,5.89999933576675,,,Other
India,IND,2005,7.92343062131789,4.24634362031924,7.551,Asia
Ireland,IRL,2005,5.73978202625278,2.45654692931639,4.237,Other
"Iran, Islamic Rep.",IRN,2005,3.18980408728824,13.433118008508,11.813,Middle East
Iraq,IRQ,2005,1.67522863586828,36.9594809201871,8.57,Middle East
Iceland,ISL,2005,7.02934061160924,3.98704782806593,2.547,Other
Israel,ISR,2005,4.35256427740218,1.34070328119492,11.342,Middle East
Italy,ITA,2005,0.762410677306491,1.9852929852798,7.73,Europe
Jamaica,JAM,2005,0.893797935409893,15.0528658875905,6.577,Other
Jordan,JOR,2005,8.1465948107994,3.49368534619531,14.8,Middle East
Japan,JPN,2005,1.8482813374834,-0.282946068764391,4.446,Asia
Kazakhstan,KAZ,2005,9.69999999922682,7.57999929125766,8.13,Asia
Kenya,KEN,2005,5.90666607980057,10.3127783574683,2.739,Africa
Kyrgyz Republic,KGZ,2005,-0.175515404044219,4.3386739184431,2.816,Other
Cambodia,KHM,2005,13.3033338358455,6.61525912001587,1.061,Asia
Kiribati,KIR,2005,1.29243029465849,,,Oceania
St. Kitts and Nevis,KNA,2005,9.73282070298016,3.37781903988238,,Other
"Korea, Rep.",KOR,2005,4.35823667337156,2.75379162735039,3.482,Asia
Kuwait,KWT,2005,10.6090449840228,4.14297583631023,1.455,Middle East
Lao PDR,LAO,2005,7.10756836811267,7.16541759946639,1.35,Other
Lebanon,LBN,2005,2.68577931016345,,8.249,Middle East
Liberia,LBR,2005,5.28121245309295,10.8343588481414,2.413,Other
Libya,LBY,2005,11.8707565226151,2.65020576131657,18.66,Other
St. Lucia,LCA,2005,-0.410304726290235,3.89827370759476,18.7,Other
Liechtenstein,LIE,2005,4.82807677743524,,,Other
Sri Lanka,LKA,2005,6.24174804376447,11.6396860971118,7.67,Asia
Lesotho,LSO,2005,3.46612222755311,3.43788423057443,16.031,Other
Lithuania,LTU,2005,7.7314467577492,2.65848484065262,8.325,Other
Luxembourg,LUX,2005,2.48250499371829,2.48769665164081,4.488,Other
Latvia,LVA,2005,11.6153178557457,6.74845027893124,10.033,Other
"Macao SAR, China",MAC,2005,8.07794929953978,4.39589284335674,4.158,Other
Morocco,MAR,2005,3.19224973015831,0.982641660015951,11.01,Africa
Monaco,MCO,2005,1.89541410859198,,,Other
Moldova,MDA,2005,7.5000001493726,11.9591837222127,5.633,Other
Madagascar,MDG,2005,4.75584509499119,18.3638246468932,2.62,Africa
Maldives,MDV,2005,-11.1773097061784,1.30027500930997,7.313,Other
Mexico,MEX,2005,2.11324711473297,3.98805714597437,3.558,Americas
Marshall Islands,MHL,2005,1.79104477611941,,,Other
North Macedonia,MKD,2005,4.72408864201974,0.525515950714247,37.32,Other
Mali,MLI,2005,2.53837834888921,6.39788293897883,1.367,Africa
Malta,MLT,2005,2.88123652429068,3.00796652450313,6.923,Other
Myanmar,MMR,2005,13.5689500216456,9.36861814196704,0.672,Asia
Montenegro,MNE,2005,4.18060206704946,,30.31,Other
Mongolia,MNG,2005,7.25366543796015,12.7165674066053,7.015,Asia
Northern Mariana Islands,MNP,2005,-12.7028934368384,,,Other
Mozambique,MOZ,2005,6.31202378023193,6.42755278070087,3.035,Africa
Mauritania,MRT,2005,8.56628724906668,12.1256487185541,9.59,Other
Mauritius,MUS,2005,1.77754302034465,4.93717004981795,9.524,Other
Malawi,MWI,2005,3.26872602317066,15.4103446604296,4.935,Other
Malaysia,MYS,2005,5.33213916141486,2.97507092684449,3.53,Asia
Namibia,NAM,2005,2.52926265819022,2.28194607024307,22.108,Other
New Caledonia,NCL,2005,,,15.778,Other
Niger,NER,2005,7.33186884258517,7.7974978178644,3.1,Africa
Nigeria,NGA,2005,6.43851652535925,17.8634933661605,3.727,Africa
Nicaragua,NIC,2005,4.28239833770654,9.59909986064425,5.37,Americas
Netherlands,NLD,2005,2.03401576512488,1.6881301786962,5.872,Europe
Norway,NOR,2005,2.96973597025936,1.53213367609249,4.381,Europe
Nepal,NPL,2005,3.47918104829496,6.83633265892877,10.59,Asia
Naoero,NRU,2005,0.0,,,Other
New Zealand,NZL,2005,3.35295444152619,3.03702332617012,3.807,Oceania
Oman,OMN,2005,2.77944360306151,1.90983553531865,4.589,Middle East
Pakistan,PAK,2005,7.2765744364722,9.06332737030417,0.583,Asia
Panama,PAN,2005,8.27618334503531,2.85588324760957,5.967,Americas
Peru,PER,2005,6.28506032509601,1.61630193862544,4.87,Americas
Philippines,PHL,2005,4.94250511877678,6.51685393258433,3.795,Asia
Palau,PLW,2005,2.88482026504025,3.9514623522091,,Other
Papua New Guinea,PNG,2005,6.34479592309654,1.78080439925826,2.385,Oceania
Poland,POL,2005,3.26082274679216,2.18379872390251,17.592,Europe
Puerto Rico (US),PRI,2005,-1.98693871772703,,11.35,Other
"Korea, Dem. People's Rep.",PRK,2005,,,3.576,Other
Portugal,PRT,2005,0.781847569123585,2.27716394887838,7.582,Europe
Paraguay,PRY,2005,2.13349066459601,6.80738203116377,4.825,Americas
West Bank and Gaza,PSE,2005,11.2906511829271,4.10725070715931,20.016,Other
French Polynesia,PYF,2005,0.309973476180005,,11.722,Other
Qatar,QAT,2005,7.49272803754515,8.81439532334683,0.87,Middle East
Romania,ROU,2005,4.6681480508487,9.01491283343835,7.174,Europe
Russian Federation,RUS,2005,6.39996544799469,12.6853039507349,7.124,Other
Rwanda,RWA,2005,9.37789916585375,9.01408918092339,11.842,Africa
Saudi Arabia,SAU,2005,5.94489623934835,0.479231671630955,6.051,Middle East
Sudan,SDN,2005,5.64351551343631,8.50585075933117,15.545,Other
Senegal,SEN,2005,4.31023852639633,1.71133325855502,2.679,Africa
Singapore,SGP,2005,7.36632239250758,0.425106276569107,5.59,Other
Solomon Islands,SLB,2005,7.35907917681935,7.33066341633299,1.879,Oceania
Sierra Leone,SLE,2005,4.3534998069981,,3.734,Other
El Salvador,SLV,2005,2.68083009363194,4.69094870903769,7.22,Americas
San Marino,SMR,2005,2.42510699001426,1.68548890528347,,Other
"Somalia, Fed. Rep.",SOM,2005,7.1103143113146,,18.671,Other
Serbia,SRB,2005,5.90349622935489,16.1199806482826,20.85,Other
South Sudan,SSD,2005,,,12.266,Other
Sao Tome and Principe,STP,2005,6.61462475033599,17.1522049354354,16.47,Other
Suriname,SUR,2005,4.50000021086888,9.89800489561465,9.302,Other
Slovak Republic,SVK,2005,6.48493222274386,2.70908494588383,16.276,Other
Slovenia,SVN,2005,3.8541277114569,2.45150132316477,6.506,Other
Sweden,SWE,2005,2.79313782840156,0.453170852576138,7.81,Europe
Eswatini,SWZ,2005,5.99228289096037,4.77400404553712,27.221,Other
Seychelles,SYC,2005,9.0057617374238,0.907187718073944,,Other
Syrian Arab Republic,SYR,2005,6.21550444795768,7.24034939348535,8.81,Middle East
Chad,TCD,2005,17.3325337352162,7.89036567462993,0.663,Other
Togo,TGO,2005,-4.66629938413338,6.78292893028314,4.149,Other
Thailand,THA,2005,4.18763842884337,4.54036919634536,1.35,Asia
Tajikistan,TJK,2005,6.69999851655409,7.09193244083773,3.45,Asia
Turkmenistan,TKM,2005,13.0340347988606,,7.495,Other
Timor-Leste,TLS,2005,2.98457963807486,1.11167400387198,3.611,Other
Tonga,TON,2005,-0.657650703495165,8.66569221131751,2.542,Oceania
Trinidad and Tobago,TTO,2005,6.20893787954175,6.87453459583516,7.95,Other
Tunisia,TUN,2005,3.4865455430439,2.01778641357144,12.872,Other
Turkiye,TUR,2005,9.11157745861635,8.17916036802008,10.636,Other
Tuvalu,TUV,2005,-3.74664896498648,,,Other
Tanzania,TZA,2005,7.47631925974784,5.03457009267163,3.193,Africa
Uganda,UGA,2005,6.33256511623156,8.44872642299532,1.9,Other
Ukraine,UKR,2005,3.07123039245209,13.5695764909248,7.18,Europe
Uruguay,URY,2005,7.4601321302473,4.6992773903564,12.009,Americas
United States,USA,2005,3.48354993710312,3.3927468454955,5.084,Americas
Uzbekistan,UZB,2005,6.95000719569107,,7.092,Asia
St. Vincent and the Grenadines,VCT,2005,2.48855733938132,3.7334291646702,19.461,Other
"Venezuela, RB",VEN,2005,10.1895734597156,,10.663,Americas
Virgin Islands (U.S.),VIR,2005,3.4853090172239,,10.228,Other
Viet Nam,VNM,2005,7.54724772895918,8.28457243128667,2.078,Asia
Vanuatu,VUT,2005,5.30532647259227,1.19920053297801,8.121,Oceania
Samoa,WSM,2005,6.63920361300734,1.85676392572949,5.212,Oceania
Kosovo,XKX,2005,,-1.38518913159299,,Other
"Yemen, Rep.",YEM,2005,5.59174807563268,11.8112639374949,12.213,Middle East
South Africa,ZAF,2005,5.27705197295467,2.06285308223427,22.472,Africa
Zambia,ZMB,2005,7.23559900655543,18.324439701174,15.9,Other
Zimbabwe,ZWE,2005,-5.71112541241364,,4.632,Other
Aruba,ABW,2006,1.12741146411624,3.60802438784541,,Other
Afghanistan,AFG,2006,5.35740324748592,6.78459655001655,7.897,Asia
Angola,AGO,2006,11.8418178757042,13.3052101780032,16.123,Africa
Albania,ALB,2006,6.0189812403864,2.37072831904284,15.626,Other
Andorra,AND,2006,4.80868869916921,,,Other
United Arab Emirates,ARE,2006,9.83727922860218,,2.964,Middle East
Argentina,ARG,2006,8.04715150043027,,10.078,Americas
Armenia,ARM,2006,13.1999999994661,2.89235662459004,10.497,Other
American Samoa,ASM,2006,-4.09836065573771,,,Other
Antigua and Barbuda,ATG,2006,12.7081474873625,1.78778537419121,,Other
Australia,AUS,2006,2.7709261737475,3.55528696972984,4.785,Oceania
Austria,AUT,2006,3.26933601506059,1.44154851119017,5.32,Europe
Azerbaijan,AZE,2006,34.4662096226792,8.32892482863209,6.62,Other
Burundi,BDI,2006,5.41380714491444,2.74542000214241,3.185,Other
Belgium,BEL,2006,2.55234087322462,1.79120770070454,8.246,Europe
Benin,BEN,2006,3.94373882815798,3.78217696540375,0.888,Other
Burkina Faso,BFA,2006,6.25316468817478,2.3331085637222,3.67,Africa
Bangladesh,BGD,2006,6.67190498576788,6.76526117054757,3.591,Asia
Bulgaria,BGR,2006,6.80259262432862,7.26159462769947,8.951,Other
Bahrain,BHR,2006,6.4669995195042,2.00746965452849,1.021,Middle East
"Bahamas, The",BHS,2006,2.51659221712706,2.38982627439254,7.54,Other
Bosnia and Herzegovina,BIH,2006,5.41400299607282,6.12556615620285,31.11,Other
Belarus,BLR,2006,9.99999473022963,6.99712903535591,8.066,Other
Belize,BLZ,2006,4.51145460193301,-7.11376771265014,9.39,Other
Bermuda,BMU,2006,5.5438663804406,,,Other
Bolivia,BOL,2006,4.79700881067477,4.28239604802561,2.575,Americas
Brazil,BRA,2006,3.96198871122617,4.18356812896909,9.692,Americas
Barbados,BRB,2006,6.07054679359618,7.3076626282894,8.73,Other
Brunei Darussalam,BRN,2006,4.09841257308588,0.159888078345121,6.061,Other
Bhutan,BTN,2006,5.6408051539139,5.00045438022541,3.13,Other
Botswana,BWA,2006,8.36387109282306,11.5552187914379,17.782,Other
Central African Republic,CAF,2006,4.77108543044105,6.69526465773354,5.61,Other
Canada,CAN,2006,2.63794375302722,2.00202539534161,6.484,Other
Switzerland,CHE,2006,4.13432251467916,1.05950928324805,3.995,Europe
Channel Islands,CHI,2006,,,5.571,Other
Chile,CHL,2006,6.04999082563968,3.39201733699405,9.024,Americas
China,CHN,2006,12.6752842281595,1.6494309945586,4.43,Asia
Cote d'Ivoire,CIV,2006,2.81557859252327,2.46719148596915,6.017,Africa
Cameroon,CMR,2006,3.80958327566137,5.11757816019469,3.729,Africa
"Congo, Dem. Rep.",COD,2006,5.10894433184896,13.0526949745101,3.174,Other
"Congo, Rep.",COG,2006,7.98623836334291,6.53784395299604,19.563,Other
Colombia,COL,2006,6.71686869844402,4.29342363628927,11.088,Americas
Comoros,COM,2006,-1.75444679449394,3.37436360121204,4.482,Other
Cabo Verde,CPV,2006,7.98375044795048,5.36907687065549,13.378,Other
Costa Rica,CRI,2006,7.3266951372695,11.4705968149052,5.926,Americas
Cuba,CUB,2006,12.0658631129953,,1.913,Americas
Curacao,CUW,2006,1.63593468987035,3.1149952409795,,Other
Cyprus,CYP,2006,4.71378358593959,2.30468732978553,4.593,Other
Czechia,CZE,2006,6.62317299177447,2.53399258343633,7.141,Europe
Germany,DEU,2006,3.86668241523209,1.57742642840563,10.277,Europe
Djibouti,DJI,2006,,3.48340699677866,26.382,Other
Dominica,DMA,2006,4.40077479812059,2.2023913263167,,Other
Denmark,DNK,2006,3.81648769908172,1.92422138464584,3.897,Europe
Dominican Republic,DOM,2006,9.17120650955299,7.57280523853074,5.654,Americas
Algeria,DZA,2006,2.89999999905852,2.31149918514424,12.27,Africa
Ecuador,ECU,2006,4.34113198577639,3.29874846258215,3.55,Americas
"Egypt, Arab Rep.",EGY,2006,6.84383819369884,7.64452644526434,10.49,Africa
Eritrea,ERI,2006,-0.969217110711355,,5.707,Other
Spain,ESP,2006,4.04343515605099,3.51557576832123,8.452,Europe
Estonia,EST,2006,9.76257131206653,4.43762042389213,5.915,Other
Ethiopia,ETH,2006,10.8347270679373,12.2994763114825,2.337,Africa
Finland,FIN,2006,4.01957326515895,1.56666380704379,8.935,Europe
Fiji,FJI,2006,1.85248357237371,2.49083638787079,3.957,Oceania
France,FRA,2006,2.71406448755236,1.67512449608726,8.832,Europe
"Micronesia, Fed. Sts.",FSM,2006,-0.413223140495873,4.63737008585635,,Oceania
Gabon,GAB,2006,-2.80657835569052,-1.4094013660098,17.805,Other
United Kingdom,GBR,2006,2.18982132415704,2.4556616643929,5.472,Europe
Georgia,GEO,2006,9.42148081189909,9.16096508394497,13.57,Other
Ghana,GHA,2006,6.39991260618034,11.6791839392492,4.897,Africa
Guinea,GIN,2006,1.18960211693242,34.6952705997072,4.863,Africa
"Gambia, The",GMB,2006,-0.555580977246521,2.0565034236599,10.241,Other
Guinea-Bissau,GNB,2006,2.66650493269572,1.95473717628916,3.143,Other
Equatorial Guinea,GNQ,2006,7.70491760658767,4.41589984169561,7.612,Other
Greece,GRC,2006,6.44339762487436,3.19594684144545,8.906,Europe
Grenada,GRD,2006,-3.99532824427482,4.25195321977967,,Other
Greenland,GRL,2006,5.55569490080012,,,Other
Guatemala,GTM,2006,5.35139778711536,6.56085282795384,2.96,Americas
Guam,GUM,2006,-3.65251727541954,,7.4,Other
Guyana,GUY,2006,5.12960934773,6.67715790410028,10.7,Other
"Hong Kong SAR, China",HKG,2006,7.03264766297669,2.00025160397534,4.77,Other
Honduras,HND,2006,6.56724355177587,5.57775207654292,3.574,Americas
Croatia,HRV,2006,5.06986521577841,3.18982591472949,11.13,Other
Haiti,HTI,2006,1.76875060288195,11.3452152244299,15.866,Other
Hungary,HUN,2006,3.93393162712054,3.93032603841001,7.494,Europe
Indonesia,IDN,2006,5.50095178520348,13.108670985346,7.551,Asia
Isle of Man,IMN,2006,7.69999871253432,,,Other
India,IND,2006,8.06073257305057,5.79652337561634,7.553,Asia
Ireland,IRL,2006,4.98785364537615,3.93576114001354,4.355,Other
"Iran, Islamic Rep.",IRN,2006,4.99979526181222,10.0158982511924,11.519,Middle East
Iraq,IRQ,2006,5.63829915220637,53.230962911428,8.411,Middle East
Iceland,ISL,2006,5.67161248703039,6.68707906136667,2.83,Other
Israel,ISR,2006,5.59106550120008,2.05407914587443,10.707,Middle East
Italy,ITA,2006,1.79947992234244,2.09084391012754,6.777,Europe
Jamaica,JAM,2006,2.89912534481287,8.56106408706157,6.605,Other
Jordan,JOR,2006,8.09297527811921,6.25172466656443,14.0,Middle East
Japan,JPN,2006,1.54630843078741,0.249355116079085,4.192,Asia
Kazakhstan,KAZ,2006,10.7,8.72169386091726,7.79,Asia
Kenya,KEN,2006,6.47249430015484,14.4537342081708,2.673,Africa
Kyrgyz Republic,KGZ,2006,3.10289874199981,5.55212333162542,2.962,Other
Cambodia,KHM,2006,10.9433600681694,5.81068550464306,1.16,Asia
Kiribati,KIR,2006,5.77693449836185,,,Oceania
St. Kitts and Nevis,KNA,2006,3.15038119968223,8.48748575845879,,Other
"Korea, Rep.",KOR,2006,5.24500550580342,2.24234028518921,3.254,Asia
Kuwait,KWT,2006,7.51477300024021,3.05701339166722,1.3,Middle East
Lao PDR,LAO,2006,8.61926620832807,6.54559439052787,1.199,Other
Lebanon,LBN,2006,1.54951500083213,,8.679,Middle East
Liberia,LBR,2006,8.04390997190059,7.34144608278558,2.28,Other
Libya,LBY,2006,6.50052541959279,1.45926876202722,18.805,Other
St. Lucia,LCA,2006,6.19525729141048,2.39562082529168,16.0,Other
Liechtenstein,LIE,2006,8.64496857267281,,,Other
Sri Lanka,LKA,2006,7.66829190107919,10.0201836057035,6.5,Asia
Lesotho,LSO,2006,4.23009522805209,6.07271879734293,16.054,Other
Lithuania,LTU,2006,7.39548122468629,3.73912004060664,5.78,Other
Luxembourg,LUX,2006,6.01662739677904,2.66631494577077,4.731,Other
Latvia,LVA,2006,12.825017846905,6.53619908765872,7.03,Other
"Macao SAR, China",MAC,2006,13.3921711919351,5.14997337750692,3.822,Other
Morocco,MAR,2006,7.7908200104027,3.28476166954811,9.67,Africa
Monaco,MCO,2006,5.81764849670007,,,Other
Moldova,MDA,2006,4.79999983670831,12.777755783035,4.26,Other
Madagascar,MDG,2006,5.3985084485368,10.7656371554865,2.945,Africa
Maldives,MDV,2006,23.6302719852686,2.73842131602099,8.345,Other
Mexico,MEX,2006,4.80501351664901,3.62946762439132,3.566,Americas
Marshall Islands,MHL,2006,0.175953079178882,,,Other
North Macedonia,MKD,2006,5.13702516153505,3.21362929606345,36.392,Other
Mali,MLI,2006,3.68960265255278,1.54352596927582,1.395,Africa
Malta,MLT,2006,2.33618870316785,2.77378006481472,6.798,Other
Myanmar,MMR,2006,13.0761013792372,19.9964873359214,0.676,Asia
Montenegro,MNE,2006,8.56641991756757,2.92451258123648,24.815,Other
Mongolia,MNG,2006,8.55623481664365,5.09516661663157,7.193,Asia
Northern Mariana Islands,MNP,2006,-6.87146321746161,,,Other
Mozambique,MOZ,2006,9.91067756782915,13.2450879070999,3.037,Africa
Mauritania,MRT,2006,18.3331987597713,6.2410332814282,9.313,Other
Mauritius,MUS,2006,4.86554460775534,8.91350105650142,9.04,Other
Malawi,MWI,2006,4.69999976404691,13.9742943548388,4.954,Other
Malaysia,MYS,2006,5.5848470671515,3.60923564224389,3.32,Asia
Namibia,NAM,2006,7.07317531845825,4.96116689298916,21.848,Other
New Caledonia,NCL,2006,,,15.256,Other
Niger,NER,2006,5.93104997350342,0.0404858299595074,2.528,Africa
Nigeria,NGA,2006,6.05942803202491,8.22743678120907,3.749,Africa
Nicaragua,NIC,2006,4.15294559846254,9.1401996677772,5.31,Americas
Netherlands,NLD,2006,3.53729585853395,1.10150106517709,5.007,Europe
Norway,NOR,2006,2.84726376691944,2.3293498075755,3.397,Europe
Nepal,NPL,2006,3.36461478056277,6.92033580707589,10.609,Asia
Naoero,NRU,2006,8.45070422535204,,,Other
New Zealand,NZL,2006,2.7744428588158,3.36540196171993,3.857,Oceania
Oman,OMN,2006,4.66981481939328,3.54498591605033,4.387,Middle East
Pakistan,PAK,2006,6.05163767569996,7.92108440058789,0.582,Asia
Panama,PAN,2006,9.85723870564752,2.45789346442102,5.792,Americas
Peru,PER,2006,7.5288990440594,2.00225801248819,4.17,Americas
Philippines,PHL,2006,5.31641682136939,5.4852320675105,4.052,Asia
Palau,PLW,2006,0.228102952380539,4.42981143370254,,Other
Papua New Guinea,PNG,2006,5.40994409107307,2.3684623841683,2.285,Oceania
Poland,POL,2006,6.20210710934373,1.28469394366416,13.794,Europe
Puerto Rico (US),PRI,2006,-1.40941405684823,,11.01,Other
"Korea, Dem. People's Rep.",PRK,2006,,,3.55,Other
Portugal,PRT,2006,1.62503532956156,3.1076654587105,7.649,Europe
Paraguay,PRY,2006,4.80711719268376,9.58934941129229,5.277,Americas
West Bank and Gaza,PSE,2006,-0.996556103477076,3.84234125624782,19.014,Other
French Polynesia,PYF,2006,0.889584117597607,,11.768,Other
Qatar,QAT,2006,26.17039955781,11.8358096197431,0.87,Middle East
Romania,ROU,2006,8.02881107599163,6.55851412276983,7.27,Europe
Russian Federation,RUS,2006,8.20006825456321,9.66865454789265,7.055,Other
Rwanda,RWA,2006,9.22707576994632,8.88282654777923,11.586,Africa
Saudi Arabia,SAU,2006,3.31348473625901,2.20902314069647,6.254,Middle East
Sudan,SDN,2006,6.5314117467792,7.19912990114709,15.542,Other
Senegal,SEN,2006,2.33077098330239,2.11228583877117,2.755,Africa
Singapore,SGP,2006,9.00676607871758,0.965657519018511,4.48,Other
Solomon Islands,SLB,2006,4.13726239664898,11.2199870214146,1.916,Oceania
Sierra Leone,SLE,2006,4.28311062264335,,3.89,Other
El Salvador,SLV,2006,4.3369986028604,4.03712359429612,6.57,Americas
San Marino,SMR,2006,3.83008356545962,2.09525935611432,,Other
"Somalia, Fed. Rep.",SOM,2006,6.48637073273908,,18.705,Other
Serbia,SRB,2006,3.90066644620993,11.7240229980834,20.85,Other
South Sudan,SSD,2006,,,12.268,Other
Sao Tome and Principe,STP,2006,8.86610935944026,23.0770373451381,16.65,Other
Suriname,SUR,2006,5.79354358463304,11.2813043273975,9.142,Other
Slovak Republic,SVK,2006,8.92568704770216,4.48333120449615,13.395,Other
Slovenia,SVN,2006,5.90878130011174,2.45792444195863,5.95,Other
Sweden,SWE,2006,4.67607488877992,1.36021468627693,7.066,Europe
Eswatini,SWZ,2006,6.72880946564094,5.30463946338728,27.693,Other
Sint Maarten (Dutch part),SXM,2006,,0.300601202404805,,Other
Seychelles,SYC,2006,9.40612855732827,-0.353465498693756,,Other
Syrian Arab Republic,SYR,2006,5.04600280095076,10.0241105377571,8.17,Middle East
Chad,TCD,2006,-0.54282957080251,8.03628897951331,0.716,Other
Togo,TGO,2006,2.65013209943473,2.22897779414027,4.229,Other
Thailand,THA,2006,4.96781089246107,4.63747436011764,1.22,Asia
Tajikistan,TJK,2006,7.00000321108996,10.0108651886461,3.65,Asia
Turkmenistan,TKM,2006,10.9733082952862,,6.601,Other
Timor-Leste,TLS,2006,-4.11609268942114,3.93616259929866,3.634,Other
Tonga,TON,2006,-2.16566342680382,6.14911606456568,1.09,Oceania
Trinidad and Tobago,TTO,2006,13.2080586051735,8.32960351465347,6.27,Other
Tunisia,TUN,2006,5.24409983246916,3.22525337438917,12.51,Other
Turkiye,TUR,2006,7.06762607623939,9.59724212288446,10.227,Other
Tuvalu,TUV,2006,1.30103846348952,,,Other
Tanzania,TZA,2006,6.53222138847813,7.25097262082546,3.299,Africa
Uganda,UGA,2006,10.7847443857453,7.31067613561864,2.264,Other
Ukraine,UKR,2006,7.57142076322967,9.05252491133248,6.81,Europe
Uruguay,URY,2006,4.09857735445401,6.39764974385131,10.844,Americas
United States,USA,2006,2.78453963674239,3.22594410070404,4.623,Americas
Uzbekistan,UZB,2006,7.45141847621767,,6.035,Asia
St. Vincent and the Grenadines,VCT,2006,6.99692626758825,2.74067516070673,19.162,Other
"Venezuela, RB",VEN,2006,9.89247311827957,,8.606,Americas
Virgin Islands (U.S.),VIR,2006,3.50499314666143,,9.734,Other
Viet Nam,VNM,2006,6.97795481056711,7.41801715108469,2.046,Asia
Vanuatu,VUT,2006,8.46069747205426,2.04081632653062,8.006,Oceania
Samoa,WSM,2006,2.13212714677351,3.70008680555553,5.321,Oceania
Kosovo,XKX,2006,,0.621646938601728,,Other
"Yemen, Rep.",YEM,2006,3.17040935922364,10.8447986914257,12.349,Middle East
South Africa,ZAF,2006,5.60380645895889,3.2439076541923,22.304,Africa
Zambia,ZMB,2006,7.90369444480079,9.01957247226486,13.229,Other
Zimbabwe,ZWE,2006,-3.46140290336963,,4.767,Other
Aruba,ABW,2007,3.0895443848509,5.39256784475516,,Other
Afghanistan,AFG,2007,13.8263195471281,8.68057078513406,7.841,Asia
Angola,AGO,2007,13.0026889457976,12.2514974459487,16.066,Africa
Albania,ALB,2007,6.50009261158209,2.93268248162317,15.966,Other
Andorra,AND,2007,1.55318814103222,,,Other
United Arab Emirates,ARE,2007,3.18441281459761,,2.934,Middle East
Argentina,ARG,2007,9.00765087504757,,8.47,Americas
Armenia,ARM,2007,13.7000000015467,4.40736089644516,10.394,Other
American Samoa,ASM,2007,1.85185185185186,,,Other
Antigua and Barbuda,ATG,2007,9.31518272315685,1.41605259409741,,Other
Australia,AUS,2007,3.78947119882653,2.32761442623159,4.381,Oceania
Austria,AUT,2007,3.77522468729185,2.16855528800757,4.909,Europe
Azerbaijan,AZE,2007,25.4632157314482,16.6997549618244,6.33,Other
Burundi,BDI,2007,3.44449364663615,8.41206285772544,2.404,Other
Belgium,BEL,2007,3.67692462515802,1.8230563002681,7.459,Europe
Benin,BEN,2007,5.98634932177609,1.29806813334152,0.902,Other
Burkina Faso,BFA,2007,4.11137901761516,-0.230627306273049,3.3,Africa
Bangladesh,BGD,2007,7.05859935449848,9.10698496905383,4.015,Asia
Bulgaria,BGR,2007,6.65438512368812,8.40253419005893,6.878,Other
Bahrain,BHR,2007,8.29396129093843,3.25666666666703,1.006,Middle East
"Bahamas, The",BHS,2007,1.44609991235758,2.49257794939396,7.88,Other
Bosnia and Herzegovina,BIH,2007,5.85911689412598,1.50077710611542,28.984,Other
Belarus,BLR,2007,8.60000659811426,8.42675273505306,7.41,Other
Belize,BLZ,2007,3.33939738340764,2.31808274642021,8.51,Other
Bermuda,BMU,2007,3.34513970877607,,,Other
Bolivia,BOL,2007,4.56438425143126,8.70560923578869,2.614,Americas
Brazil,BRA,2007,6.06987060678338,3.64127299102652,9.28,Americas
Barbados,BRB,2007,2.07918360507011,4.0342298288507,7.41,Other
Brunei Darussalam,BRN,2007,-3.76362326254647,0.967774119525101,6.187,Other
Bhutan,BTN,2007,16.1047836542012,5.15611138758463,3.7,Other
Botswana,BWA,2007,5.79255577727118,7.08099847172693,16.976,Other
Central African Republic,CAF,2007,4.60753485452025,0.95991761945711,5.562,Other
Canada,CAN,2007,2.04990459443619,2.13838399266837,6.156,Other
Switzerland,CHE,2007,3.98319384807056,0.732350603122236,3.641,Europe
Channel Islands,CHI,2007,,,5.23,Other
Chile,CHL,2007,5.16823098528431,4.40779938398044,8.427,Americas
China,CHN,2007,14.1507710506103,4.81676767378834,4.35,Asia
Cote d'Ivoire,CIV,2007,1.10142976793477,1.89200629349598,6.284,Africa
Cameroon,CMR,2007,4.32758900972871,0.921402245650095,3.063,Africa
"Congo, Dem. Rep.",COD,2007,8.58332298445387,16.945100654195,3.404,Other
"Congo, Rep.",COG,2007,-6.61399480441001,2.65464645060703,19.909,Other
Colombia,COL,2007,6.73819469090975,5.54438485815156,11.204,Americas
Comoros,COM,2007,0.803599788247752,4.46616710098132,4.474,Other
Cabo Verde,CPV,2007,15.1706879735517,4.41099704193489,13.294,Other
Costa Rica,CRI,2007,8.21513209207497,9.35724456417157,4.557,Americas
Cuba,CUB,2007,7.26213696647943,,1.788,Americas
Curacao,CUW,2007,2.46996322836787,2.99572039942908,,Other
Cayman Islands,CYM,2007,3.16262522652799,,,Other
Cyprus,CYP,2007,5.09822614854798,2.37265183669718,3.946,Other
Czechia,CZE,2007,5.48882595164517,2.8531243721117,5.316,Europe
Germany,DEU,2007,2.8891174138025,2.29834400700951,8.732,Europe
Djibouti,DJI,2007,,4.96597654553301,26.292,Other
Dominica,DMA,2007,5.3579375575878,3.63222129317821,,Other
Denmark,DNK,2007,0.987173815945127,1.69326586220324,3.801,Europe
Dominican Republic,DOM,2007,7.41840577774235,6.14356655248047,5.158,Americas
Algeria,DZA,2007,3.10000000128674,3.67899574741699,13.79,Africa
Ecuador,ECU,2007,1.90242859700484,2.27618478002121,3.142,Americas
"Egypt, Arab Rep.",EGY,2007,7.08782742675582,9.3189690579923,8.8,Africa
Eritrea,ERI,2007,1.42682221120323,,5.719,Other
Spain,ESP,2007,3.53350013165972,2.7867974580495,8.232,Europe
Estonia,EST,2007,7.57091879311882,6.60132603055637,4.592,Other
Ethiopia,ETH,2007,11.4561670019891,17.2404008340898,2.337,Africa
Finland,FIN,2007,5.31280176694145,2.5106656524034,6.854,Europe
Fiji,FJI,2007,-0.8506533546566,4.80370641306989,4.109,Oceania
France,FRA,2007,2.53048188351066,1.4879980595386,8.008,Europe
"Micronesia, Fed. Sts.",FSM,2007,-1.65975103734441,3.30634278002699,,Oceania
Gabon,GAB,2007,6.00810802487668,5.03031883679951,18.257,Other
United Kingdom,GBR,2007,2.93091133582351,2.38656150773327,5.399,Europe
Georgia,GEO,2007,12.5755698246405,9.24489745592404,13.28,Other
Ghana,GHA,2007,4.34681910440079,10.7342665456292,5.104,Africa
Guinea,GIN,2007,6.81747111070281,18.1755656108597,4.787,Africa
"Gambia, The",GMB,2007,3.04324950829739,5.36913473801957,10.425,Other
Guinea-Bissau,GNB,2007,2.55982647078751,4.61743772241997,3.125,Other
Equatorial Guinea,GNQ,2007,15.2821139194857,2.80373831775704,7.592,Other
Greece,GRC,2007,3.50686976639459,2.89500321516578,8.351,Europe
Grenada,GRD,2007,6.12345094741467,3.85882922469653,,Other
Greenland,GRL,2007,2.3524379811805,,,Other
Guatemala,GTM,2007,6.33771869016203,6.82161753590326,2.847,Americas
Guam,GUM,2007,0.717213114754102,,8.3,Other
Guyana,GUY,2007,7.19123624057457,12.2001544446648,10.84,Other
"Hong Kong SAR, China",HKG,2007,6.46482809096842,2.03502713369511,4.01,Other
Honduras,HND,2007,6.18832716678008,6.93621470895786,3.211,Americas
Croatia,HRV,2007,5.04884076732965,2.89928275583389,9.909,Other
Haiti,HTI,2007,4.70652994008303,6.55722772638066,16.8,Other
Hungary,HUN,2007,0.332354337878925,7.9587451654491,7.406,Europe
Indonesia,IDN,2007,6.34502222667214,6.40656087966005,8.06,Asia
Isle of Man,IMN,2007,7.50000022988817,,,Other
India,IND,2007,7.66081506510766,6.37288135593231,7.562,Asia
Ireland,IRL,2007,5.31011830898613,4.88574537540802,4.98,Other
"Iran, Islamic Rep.",IRN,2007,8.15577352358517,17.3410404624277,10.772,Middle East
Iraq,IRQ,2007,1.88853936243953,-10.0674925768978,8.646,Middle East
Iceland,ISL,2007,8.74132941862472,5.05155736492143,2.251,Other
Israel,ISR,2007,6.31307137087018,0.466226972936065,9.379,Middle East
Italy,ITA,2007,1.46229205289291,1.82974112202403,6.076,Europe
Jamaica,JAM,2007,1.43195403769627,9.24482067275562,6.607,Other
Jordan,JOR,2007,8.17616995204655,4.74390639021648,13.1,Middle East
Japan,JPN,2007,1.72837912865577,0.060039454498669,3.888,Asia
Kazakhstan,KAZ,2007,8.89999999999405,10.8468362075557,7.26,Asia
Kenya,KEN,2007,6.85072976998784,9.75888023027529,2.642,Africa
Kyrgyz Republic,KGZ,2007,8.54287477507607,10.2301032660484,3.094,Other
Cambodia,KHM,2007,10.398458101201,8.70882770568049,1.257,Asia
Kiribati,KIR,2007,3.05507981566669,3.59252131266417,,Oceania
St. Kitts and Nevis,KNA,2007,0.600602326543751,4.48088608614726,,Other
"Korea, Rep.",KOR,2007,5.8419633918717,2.53457382137932,3.013,Asia
Kuwait,KWT,2007,5.99157551059315,5.48494983277596,1.5,Middle East
Lao PDR,LAO,2007,7.59682880054878,4.66197269469701,1.068,Other
Lebanon,LBN,2007,9.31062252641144,,8.98,Middle East
Liberia,LBR,2007,9.53527536282282,11.3918966807102,2.232,Other
Libya,LBY,2007,6.22998278561838,6.25098782993553,18.771,Other
St. Lucia,LCA,2007,1.69161857433913,2.82310373736929,14.0,Other
Liechtenstein,LIE,2007,3.325963509369,,,Other
Sri Lanka,LKA,2007,6.79682611892866,15.8421114924843,5.97,Asia
Lesotho,LSO,2007,4.18791409957151,8.01243669043409,15.942,Other
Lithuania,LTU,2007,11.0779282578673,5.73717382799842,4.25,Other
Luxembourg,LUX,2007,8.09852098069817,2.31245861786126,4.065,Other
Latvia,LVA,2007,10.4145372792714,10.0929775849169,6.052,Other
"Macao SAR, China",MAC,2007,14.4817728129028,5.57149689143952,3.269,Other
Morocco,MAR,2007,3.44106776690418,2.04208512673344,9.56,Africa
Monaco,MCO,2007,14.4375144375144,,,Other
Moldova,MDA,2007,3.00000022585525,12.3671668414302,2.749,Other
Madagascar,MDG,2007,5.71056419885052,10.2879663187671,3.202,Africa
Maldives,MDV,2007,7.13338024717898,6.79477353930168,9.421,Other
Mexico,MEX,2007,2.0778639395329,3.96684905458235,3.628,Americas
Marshall Islands,MHL,2007,3.68852459016394,,,Other
North Macedonia,MKD,2007,6.47348685752347,2.2517579830545,35.231,Other
Mali,MLI,2007,1.76004607852802,1.41200201714577,1.372,Africa
Malta,MLT,2007,5.03640177981643,1.24921923797629,6.472,Other
Myanmar,MMR,2007,11.9914352402146,35.0245970717698,0.684,Asia
Montenegro,MNE,2007,7.13755016459636,4.34712215656112,19.4,Other
Mongolia,MNG,2007,10.2480163590057,9.63096309630964,7.2,Asia
Northern Mariana Islands,MNP,2007,-6.68402777777779,,,Other
Mozambique,MOZ,2007,7.64935393795867,8.48948675497455,3.082,Africa
Mauritania,MRT,2007,-1.96942275160761,7.25410841304887,9.482,Other
Mauritius,MUS,2007,5.76380219453068,8.82729272393294,8.475,Other
Malawi,MWI,2007,9.59999987683469,7.9522099086403,4.876,Other
Malaysia,MYS,2007,6.29878592740947,2.02735317779569,3.31,Asia
Namibia,NAM,2007,5.37404415167634,6.54788141101717,22.12,Other
New Caledonia,NCL,2007,,,14.754,Other
Niger,NER,2007,3.14272408386731,0.0539592607581562,2.021,Africa
Nigeria,NGA,2007,6.59113036066867,5.38610421570143,3.794,Africa
Nicaragua,NIC,2007,5.0763520180987,11.1269347446118,4.89,Americas
Netherlands,NLD,2007,3.88542348324803,1.61385859802102,4.153,Europe
Norway,NOR,2007,3.42030119916608,0.712589073634201,2.493,Europe
Nepal,NPL,2007,3.41156027980276,2.26921924439074,10.642,Asia
Naoero,NRU,2007,-22.077922077922,,,Other
New Zealand,NZL,2007,3.06312221869514,2.37614310290659,3.661,Oceania
Oman,OMN,2007,4.98065467051528,5.8304841809271,4.309,Middle East
Pakistan,PAK,2007,4.4448143398844,7.59868441050774,0.398,Asia
Panama,PAN,2007,13.1530653782933,4.1686330029888,5.665,Americas
Peru,PER,2007,8.5183877690955,1.77998644680372,4.08,Americas
Philippines,PHL,2007,6.51929155018938,2.90000000000003,3.434,Asia
Palau,PLW,2007,0.687060932625798,3.23875035826881,,Other
Papua New Guinea,PNG,2007,7.81518922862388,0.91135045567524,2.169,Oceania
Poland,POL,2007,6.7604478527626,2.4587431238539,9.551,Europe
Puerto Rico (US),PRI,2007,-1.16280665573993,,10.93,Other
"Korea, Dem. People's Rep.",PRK,2007,,,3.547,Other
Portugal,PRT,2007,2.50657937751231,2.45396528138746,7.965,Europe
Paraguay,PRY,2007,5.42162287218235,8.13047417698577,4.713,Americas
West Bank and Gaza,PSE,2007,3.78828152085981,1.85974379351111,18.282,Other
French Polynesia,PYF,2007,1.70497563803002,,11.74,Other
Qatar,QAT,2007,17.9852165615129,13.7581625759964,0.52,Middle East
Romania,ROU,2007,7.23380774362805,4.83732928313989,6.413,Europe
Russian Federation,RUS,2007,8.49997776916511,9.00729868861079,6.002,Other
Rwanda,RWA,2007,7.63329819042882,9.08072205873158,11.58,Africa
Saudi Arabia,SAU,2007,2.21365396372528,4.16782358431579,5.734,Middle East
Sudan,SDN,2007,5.73527423664484,14.7542770780084,15.534,Other
Senegal,SEN,2007,2.82711920133374,5.85330428467681,2.8,Africa
Singapore,SGP,2007,9.02151951268893,2.10980166714574,3.9,Other
Solomon Islands,SLB,2007,3.63973499569106,7.66602013484806,1.978,Oceania
Sierra Leone,SLE,2007,3.74975804751641,11.6499744518106,4.022,Other
El Salvador,SLV,2007,1.84760220587859,4.57808572377153,6.41,Americas
San Marino,SMR,2007,7.10932260228034,2.49894575725803,,Other
"Somalia, Fed. Rep.",SOM,2007,6.69435192552552,,18.687,Other
Serbia,SRB,2007,7.83207023027602,6.39170644391413,18.06,Other
South Sudan,SSD,2007,,,12.266,Other
Sao Tome and Principe,STP,2007,3.64147185166024,18.5485136325779,16.021,Other
Suriname,SUR,2007,5.11148777773458,6.42627934470524,9.017,Other
Slovak Republic,SVK,2007,10.8186295074904,2.75672371638135,11.16,Other
Slovenia,SVN,2007,7.1392312914716,3.657495632841,4.818,Other
Sweden,SWE,2007,3.22486814096095,2.21216883436733,6.161,Europe
Eswatini,SWZ,2007,4.31772144872362,8.07608827861589,28.24,Other
Sint Maarten (Dutch part),SXM,2007,,4.43245754245754,,Other
Seychelles,SYC,2007,8.87606645570879,5.32060027285142,,Other
Syrian Arab Republic,SYR,2007,5.6747382107833,3.90770950443607,8.42,Middle East
Chad,TCD,2007,4.20017418353298,-8.9747396200927,0.839,Other
Togo,TGO,2007,-1.1751368996605,0.945673271705214,3.822,Other
Thailand,THA,2007,5.43515169050809,2.24154095286802,1.18,Asia
Tajikistan,TJK,2007,7.80000011872161,13.1491247062982,2.874,Asia
Turkmenistan,TKM,2007,11.0592995865825,,5.719,Other
Timor-Leste,TLS,2007,10.2653884542201,10.3009020174895,3.523,Other
Tonga,TON,2007,-2.46430779100223,5.8422487490138,1.21,Oceania
Trinidad and Tobago,TTO,2007,4.75420970092722,7.89438834757299,5.54,Other
Tunisia,TUN,2007,6.70952097453554,2.96694432477349,12.365,Other
Turkiye,TUR,2007,5.10818513903604,8.75618090972632,10.285,Other
Tuvalu,TUV,2007,6.90547330117343,,,Other
Tanzania,TZA,2007,6.76853520293716,7.02551436974771,3.023,Africa
Uganda,UGA,2007,8.41242596551071,6.1385108328505,2.667,Other
Ukraine,UKR,2007,8.21584445165715,12.8387796190181,6.351,Europe
Uruguay,URY,2007,6.54151084504817,8.11464561179313,9.403,Americas
United States,USA,2007,2.0038583039496,2.85267248150138,4.622,Americas
Uzbekistan,UZB,2007,9.47300530544537,,4.99,Asia
St. Vincent and the Grenadines,VCT,2007,3.3229685982929,7.23614701584807,18.934,Other
"Venezuela, RB",VEN,2007,8.80626223091976,,7.279,Americas
Virgin Islands (U.S.),VIR,2007,4.01059402194477,,9.523,Other
Viet Nam,VNM,2007,7.12950448605439,8.34444889773847,2.026,Asia
Vanuatu,VUT,2007,2.87589228775376,3.93548387096774,6.855,Oceania
Samoa,WSM,2007,0.485982550017255,5.57706393219629,5.425,Oceania
Kosovo,XKX,2007,,4.35849695328369,,Other
"Yemen, Rep.",YEM,2007,3.33842795605096,7.9051177898873,12.486,Middle East
South Africa,ZAF,2007,5.36047405394162,6.17781214809388,22.26,Africa
Zambia,ZMB,2007,8.35243624447406,10.6573496000153,10.559,Other
Zimbabwe,ZWE,2007,-3.653250914872,,5.008,Other
Aruba,ABW,2008,1.83575517191368,8.95598705177784,,Other
Afghanistan,AFG,2008,3.92498381999467,26.4186641547444,7.879,Asia
Angola,AGO,2008,10.7866360496581,12.4758291326398,16.152,Africa
Albania,ALB,2008,6.90706230713707,3.32087090389275,13.06,Other
Andorra,AND,2008,-5.55918636850581,,,Other
United Arab Emirates,ARE,2008,3.19181235452885,12.2504202448139,2.818,Middle East
Argentina,ARG,2008,4.05723310346406,,7.837,Americas
Armenia,ARM,2008,6.90000000042959,8.94995335353387,17.1,Other
American Samoa,ASM,2008,-2.65734265734265,,,Other
Antigua and Barbuda,ATG,2008,-0.0140065981851762,5.33380639820233,,Other
Australia,AUS,2008,3.62398503565633,4.35029726664093,4.242,Oceania
Austria,AUT,2008,1.45330562142114,3.2159503323988,4.198,Europe
Azerbaijan,AZE,2008,10.591437462476,20.8490871772712,5.86,Other
Burundi,BDI,2008,4.90874190813545,24.4069510353914,1.634,Other
Belgium,BEL,2008,0.446905130727231,4.48944420508404,6.976,Europe
Benin,BEN,2008,4.89657708429647,7.94729876067854,0.895,Other
Burkina Faso,BFA,2008,5.79999174105387,10.6597978997424,3.501,Africa
Bangladesh,BGD,2008,6.01378975738535,8.90194489465154,4.49,Asia
Bulgaria,BGR,2008,6.12955885899744,12.3487195994021,5.609,Other
Bahrain,BHR,2008,6.24501094995797,3.52600316363721,1.015,Middle East
"Bahamas, The",BHS,2008,-2.32364807041851,4.4895599537506,8.18,Other
Bosnia and Herzegovina,BIH,2008,5.44184730165964,7.42704310332953,23.405,Other
Belarus,BLR,2008,10.1999994860937,14.8378764828254,6.728,Other
Belize,BLZ,2008,-1.62747776449082,6.39443100250034,8.18,Other
Bermuda,BMU,2008,-1.86595582635186,,,Other
Bolivia,BOL,2008,6.14849787777658,14.0068107702519,2.603,Americas
Brazil,BRA,2008,5.09419544658736,5.67859390284168,8.268,Americas
Barbados,BRB,2008,0.633460425791839,8.1081081081078,8.12,Other
Brunei Darussalam,BRN,2008,-3.90071101715114,2.08498023715415,6.312,Other
Bhutan,BTN,2008,4.52944877696235,8.32716049382713,3.848,Other
Botswana,BWA,2008,3.25207295796832,12.7021883920076,16.293,Other
Central African Republic,CAF,2008,2.05413096200485,9.25895099417076,5.51,Other
Canada,CAN,2008,0.995406371264522,2.37027067444299,6.284,Other
Switzerland,CHE,2008,2.53159615417233,2.42604117060157,3.35,Europe
Channel Islands,CHI,2008,,,5.295,Other
Chile,CHL,2008,3.78939280635238,8.71626873039607,9.285,Americas
China,CHN,2008,9.66877608164454,5.92525137041092,4.59,Asia
Cote d'Ivoire,CIV,2008,4.7826659787672,6.30852769152578,6.382,Africa
Cameroon,CMR,2008,2.8476778892105,5.33780627627498,3.386,Africa
"Congo, Dem. Rep.",COD,2008,7.43333574200602,17.3013845700157,3.627,Other
"Congo, Rep.",COG,2008,6.30637595585259,4.95875092023152,19.962,Other
Colombia,COL,2008,3.28344618616541,6.99688495554511,11.273,Americas
Comoros,COM,2008,3.96461118871815,1.7007817628453,4.416,Other
Cabo Verde,CPV,2008,7.03901129565128,6.77443546371143,13.307,Other
Costa Rica,CRI,2008,4.73817511214847,13.4244635507284,4.934,Americas
Cuba,CUB,2008,4.11682804164681,,1.583,Americas
Curacao,CUW,2008,2.18804308019168,6.8763239367776,,Other
Cayman Islands,CYM,2008,-0.357401201092983,,,Other
Cyprus,CYP,2008,3.64698922103939,4.66900841902491,3.756,Other
Czechia,CZE,2008,2.61226807205139,6.3586638015237,4.392,Europe
Germany,DEU,2008,0.887902330743628,2.62837981637219,7.508,Europe
Djibouti,DJI,2008,,11.9586206896552,26.183,Other
Dominica,DMA,2008,7.12131217762231,6.35992183336295,,Other
Denmark,DNK,2008,-0.417178439991005,3.41626794258374,3.683,Europe
Dominican Republic,DOM,2008,3.26808671288212,10.6446210953712,4.764,Americas
Algeria,DZA,2008,2.49999999929371,4.85859062814939,11.33,Africa
Ecuador,ECU,2008,6.56492068224719,8.40009593987462,3.917,Americas
"Egypt, Arab Rep.",EGY,2008,7.15628356711522,18.3168316831684,8.517,Africa
Eritrea,ERI,2008,-9.78303001782456,,5.683,Other
Spain,ESP,2008,0.767165748290694,4.0753433595734,11.254,Europe
Estonia,EST,2008,-5.12531154308803,10.3623580313683,5.455,Other
Ethiopia,ETH,2008,10.7885216870332,44.3566858766952,2.326,Africa
Finland,FIN,2008,0.784431235717051,4.06595355358383,6.369,Europe
Fiji,FJI,2008,1.03279368777636,7.73227857918422,4.187,Oceania
France,FRA,2008,0.380171435849121,2.81286194914785,7.386,Europe
"Micronesia, Fed. Sts.",FSM,2008,-2.53164556962025,8.42372566246186,,Oceania
Gabon,GAB,2008,-3.30843064878751,5.26430145575285,19.212,Other
United Kingdom,GBR,2008,-0.0494116727402769,3.52140856342539,5.748,Europe
Georgia,GEO,2008,2.42161440960641,9.99948761552747,17.87,Other
Ghana,GHA,2008,9.14979893831817,16.494639613412,5.144,Africa
Guinea,GIN,2008,4.13301615965833,23.065612938798,4.803,Africa
"Gambia, The",GMB,2008,6.25590553394287,4.4436549094501,10.065,Other
Guinea-Bissau,GNB,2008,4.52457514610252,10.4600731354706,3.157,Other
Equatorial Guinea,GNQ,2008,17.7991091333811,6.55176691184535,7.571,Other
Greece,GRC,2008,0.0574740238200775,4.15279708110293,7.664,Europe
Grenada,GRD,2008,0.947542624907697,8.0332732765034,,Other
Greenland,GRL,2008,6.1661327018619,,,Other
Guatemala,GTM,2008,3.29352400028485,11.355761126315,2.898,Americas
Guam,GUM,2008,2.03458799593082,,8.892,Other
Guyana,GUY,2008,1.75522349592019,8.10202206969276,11.018,Other
"Hong Kong SAR, China",HKG,2008,2.12793685154209,4.30315484104921,3.56,Other
Honduras,HND,2008,4.23160011009342,11.4034270813932,3.156,Americas
Croatia,HRV,2008,1.97176786914632,6.07696838798352,8.53,Other
Haiti,HTI,2008,2.6580323082747,15.2817744823772,16.204,Other
Hungary,HUN,2008,0.993437085479655,6.0425125388106,7.817,Europe
Indonesia,IDN,2008,6.01370360009123,10.2266663272483,7.208,Asia
Isle of Man,IMN,2008,4.90000100081545,,,Other
India,IND,2008,3.08669805950082,8.34926704907575,7.629,Asia
Ireland,IRL,2008,-4.48407081043062,4.03568834941391,6.774,Other
"Iran, Islamic Rep.",IRN,2008,0.250856553493634,25.4105090311987,10.63,Middle East
Iraq,IRQ,2008,8.22810710383277,12.6628528269228,8.466,Middle East
Iceland,ISL,2008,1.69961072411662,12.6943942775877,2.946,Other
Israel,ISR,2008,3.2158134842205,4.52744765138651,7.704,Middle East
Italy,ITA,2008,-1.02313851177097,3.34783258401022,6.723,Europe
Jamaica,JAM,2008,-0.811736702186792,22.0228384991843,6.666,Other
Jordan,JOR,2008,7.22038637280149,13.9712310012729,12.7,Middle East
Japan,JPN,2008,-1.16662209355141,1.3800788616492,4.002,Asia
Kazakhstan,KAZ,2008,3.30000000021091,17.139899777207,6.63,Asia
Kenya,KEN,2008,0.232282744812977,26.2398166445063,2.751,Africa
Kyrgyz Republic,KGZ,2008,8.40161604861429,24.5201024234102,3.207,Other
Cambodia,KHM,2008,7.47636606631011,24.096851930605,0.825,Asia
Kiribati,KIR,2008,-2.98473121631831,13.6653995252441,,Oceania
St. Kitts and Nevis,KNA,2008,11.3170358267109,5.30029675072584,,Other
"Korea, Rep.",KOR,2008,3.00440451679569,4.67389655533408,2.959,Asia
Kuwait,KWT,2008,2.47975694278544,10.5827097865144,1.75,Middle East
Lao PDR,LAO,2008,7.82490276337012,7.62880887577516,0.944,Other
Lebanon,LBN,2008,9.06912826789082,,7.666,Middle East
Liberia,LBR,2008,7.14569112811476,17.489448642993,2.221,Other
Libya,LBY,2008,-0.162048238799883,10.3607288954998,19.041,Other
St. Lucia,LCA,2008,4.94932194028057,5.54954769383937,12.72,Other
Liechtenstein,LIE,2008,1.79808847836411,,,Other
Sri Lanka,LKA,2008,5.95008814473897,22.5644955300126,5.22,Asia
Lesotho,LSO,2008,5.52341966978646,10.7156661309681,15.851,Other
Lithuania,LTU,2008,2.59946154605602,10.9258856241655,5.826,Other
Luxembourg,LUX,2008,-0.302272983306707,3.4018796302557,5.06,Other
Latvia,LVA,2008,-3.38871665849958,15.4023191064986,7.739,Other
"Macao SAR, China",MAC,2008,3.39251560752048,8.61101858637,2.999,Other
Morocco,MAR,2008,5.68453936284732,3.71484311494064,9.57,Africa
Monaco,MCO,2008,0.746871215179652,,,Other
Moldova,MDA,2008,7.80000014541523,12.7830472618821,2.097,Other
Madagascar,MDG,2008,6.71263253913001,9.29650839381057,3.431,Africa
Maldives,MDV,2008,8.97645459033633,12.0414583505108,10.361,Other
Mexico,MEX,2008,0.943331872912935,5.12498274575896,3.874,Americas
Marshall Islands,MHL,2008,-7.56634669678148,,,Other
North Macedonia,MKD,2008,5.47200139015595,8.33189666968108,33.93,Other
Mali,MLI,2008,3.63871070923719,9.17098813667678,1.383,Africa
Malta,MLT,2008,4.41059689827608,4.25862171897073,5.977,Other
Myanmar,MMR,2008,10.2553053929808,26.7995371934022,0.7,Asia
Montenegro,MNE,2008,6.89860030860218,8.75872769588798,17.15,Other
Mongolia,MNG,2008,8.90036794067551,27.9556650246306,5.565,Asia
Northern Mariana Islands,MNP,2008,-11.0697674418605,,,Other
Mozambique,MOZ,2008,6.87802942560995,14.5028053002268,3.112,Africa
Mauritania,MRT,2008,-0.331079195278377,7.34663541249786,9.715,Other
Mauritius,MUS,2008,5.4630565042284,9.73228317146887,7.17,Other
Malawi,MWI,2008,7.63973639944591,8.71260186609043,4.796,Other
Malaysia,MYS,2008,4.83176988913097,5.44078221100769,3.34,Asia
Namibia,NAM,2008,2.64981203780268,9.0946430719281,22.005,Other
New Caledonia,NCL,2008,,,14.36,Other
Niger,NER,2008,7.73141422777337,11.3051098827019,1.584,Africa
Nigeria,NGA,2008,6.76447277784263,11.583054796681,3.792,Africa
Nicaragua,NIC,2008,3.43571693608081,19.8262031287429,6.2,Americas
Netherlands,NLD,2008,2.11674514240192,2.48650198289457,3.658,Europe
Norway,NOR,2008,0.822805797014865,3.75393081761005,2.521,Europe
Nepal,NPL,2008,6.10463914373472,9.9078300530648,10.597,Asia
Naoero,NRU,2008,19.9999999999999,,,Other
New Zealand,NZL,2008,-1.02561134479848,3.9589493731206,4.167,Oceania
Oman,OMN,2008,8.95005895005896,12.3754091529912,4.142,Middle East
Pakistan,PAK,2008,2.1204410433083,20.2861210929554,0.423,Asia
Panama,PAN,2008,10.1974325907958,8.7586831772878,5.639,Americas
Peru,PER,2008,9.1265683014642,5.78587598206755,4.03,Americas
Philippines,PHL,2008,4.34448730509183,8.26044703595725,3.72,Asia
Palau,PLW,2008,-5.55349767521281,11.9655746807329,,Other
Papua New Guinea,PNG,2008,-0.296457845880582,10.7614182326827,2.168,Oceania
Poland,POL,2008,4.38377069274605,4.16497193524779,7.069,Europe
Puerto Rico (US),PRI,2008,-1.84413421831884,,11.48,Other
"Korea, Dem. People's Rep.",PRK,2008,,,3.48,Other
Portugal,PRT,2008,0.319247344434558,2.58850657657956,7.553,Europe
Paraguay,PRY,2008,6.4962921197091,10.1547846489023,4.415,Americas
West Bank and Gaza,PSE,2008,7.42918225547835,9.88999788691849,22.913,Other
French Polynesia,PYF,2008,0.0067675506631275,,11.76,Other
Qatar,QAT,2008,17.6630346842674,15.0501451570333,0.31,Middle East
Romania,ROU,2008,9.30746717077338,7.85080255714482,5.787,Europe
Russian Federation,RUS,2008,5.19996926404957,14.1107677840442,6.205,Other
Rwanda,RWA,2008,11.161247324054,15.4382138709255,11.517,Africa
Saudi Arabia,SAU,2008,6.2379875365458,9.87024816760266,5.085,Middle East
Sudan,SDN,2008,3.84674473121058,14.2971224481434,15.566,Other
Senegal,SEN,2008,3.70316906391386,7.34720236578406,2.816,Africa
Singapore,SGP,2008,1.86348345462035,6.63544058395309,3.96,Other
Solomon Islands,SLB,2008,6.22590636247851,17.3200651968774,1.998,Oceania
Sierra Leone,SLE,2008,3.68605969932123,8.21112432289608,4.132,Other
El Salvador,SLV,2008,2.15440298282768,6.70792293515939,5.88,Americas
San Marino,SMR,2008,-0.500939261114581,4.29320249287704,,Other
"Somalia, Fed. Rep.",SOM,2008,6.69435192582009,,18.714,Other
Serbia,SRB,2008,5.16089327231823,12.410986775178,13.67,Other
South Sudan,SSD,2008,,,12.298,Other
Sao Tome and Principe,STP,2008,6.2287850696102,31.9901039492573,15.421,Other
Suriname,SUR,2008,4.14340681165626,14.6671427437912,8.854,Other
Slovak Republic,SVK,2008,5.36337721231949,4.59817976325028,9.514,Other
Slovenia,SVN,2008,3.37223866114127,5.64742380573939,4.371,Other
Sweden,SWE,2008,-0.923113250067971,3.43704910602875,6.235,Europe
Eswatini,SWZ,2008,1.44055358727118,12.6574601863915,27.891,Other
Sint Maarten (Dutch part),SXM,2008,,-0.417929020080758,,Other
Seychelles,SYC,2008,-2.72594626154864,36.9647582875289,,Other
Syrian Arab Republic,SYR,2008,4.47662154277957,15.7453252219709,10.94,Middle East
Turks and Caicos Islands,TCA,2008,8.27189312486149,,,Other
Chad,TCD,2008,3.08119033854541,10.2969758221254,0.922,Other
Togo,TGO,2008,4.03561315398862,8.69482814363902,3.279,Other
Thailand,THA,2008,1.72569884866334,5.46848949649846,1.18,Asia
Tajikistan,TJK,2008,7.89999827154939,20.4705219109964,4.942,Asia
Turkmenistan,TKM,2008,14.7000000144534,,4.852,Other
Timor-Leste,TLS,2008,11.3948048266465,9.06423621948942,3.434,Other
Tonga,TON,2008,4.86284132376997,10.4469875128223,1.279,Oceania
Trinidad and Tobago,TTO,2008,3.39173707807387,12.0303445477177,4.63,Other
Tunisia,TUN,2008,4.23778147502819,4.34502807623045,12.444,Other
Turkiye,TUR,2008,0.920118221365883,10.4441283764885,10.965,Other
Tuvalu,TUV,2008,6.57919977159274,,,Other
Tanzania,TZA,2008,5.68641685905224,10.2783937621135,2.775,Africa
Uganda,UGA,2008,8.70875190154499,12.0508555482886,3.035,Other
Ukraine,UKR,2008,2.24349159628288,25.226461707384,6.363,Europe
Uruguay,URY,2008,7.17614466455107,7.87707374730888,8.025,Americas
United States,USA,2008,0.113587247501258,3.839100296651,5.784,Americas
Uzbekistan,UZB,2008,9.02916101784781,,4.89,Asia
St. Vincent and the Grenadines,VCT,2008,0.404640808638888,10.0662418245849,18.79,Other
"Venezuela, RB",VEN,2008,5.21582733812949,,6.245,Americas
Virgin Islands (U.S.),VIR,2008,1.21862495452891,,9.605,Other
Viet Nam,VNM,2008,5.66177120891362,23.1154483474477,1.889,Asia
Vanuatu,VUT,2008,5.60099182147225,4.84171322160149,5.663,Oceania
Samoa,WSM,2008,3.55610467395,11.565906838454,5.538,Oceania
Kosovo,XKX,2008,,9.35041764658178,,Other
"Yemen, Rep.",YEM,2008,3.64756947012633,18.9762574318076,12.656,Middle East
South Africa,ZAF,2008,3.1910438863288,9.90998456005467,22.407,Africa
Zambia,ZMB,2008,7.77389581542363,12.4455793463192,7.93,Other
Zimbabwe,ZWE,2008,-17.6689987958491,,5.401,Other
Aruba,ABW,2009,-11.6777413693852,-2.13542872046937,,Other
Afghanistan,AFG,2009,21.3905283926492,-6.81116108898996,7.808,Asia
Angola,AGO,2009,1.99558909788963,13.7302839288408,16.383,Africa
Albania,ALB,2009,2.69075152362146,2.26692209450826,13.674,Other
Andorra,AND,2009,-5.30284654348291,,,Other
United Arab Emirates,ARE,2009,-5.2429219073683,1.5618131744907,2.932,Middle East
Argentina,ARG,2009,-5.91852507634947,,8.645,Americas
Armenia,ARM,2009,-14.1000000006998,3.40676682683801,19.295,Other
American Samoa,ASM,2009,-4.16666666666666,,,Other
Antigua and Barbuda,ATG,2009,-11.9628794703471,-0.550159995508914,,Other
Australia,AUS,2009,1.95484826298522,1.77112025681656,5.565,Oceania
Austria,AUT,2009,-3.58626472551299,0.506308827696504,5.371,Europe
Azerbaijan,AZE,2009,9.36950260277183,1.45704835970321,5.74,Other
Burundi,BDI,2009,3.7870758305051,10.5554355299529,1.622,Other
Belgium,BEL,2009,-1.90644105515335,-0.0531456741254177,7.908,Europe
Benin,BEN,2009,2.31929213912838,0.896072355749069,0.95,Other
Burkina Faso,BFA,2009,2.96195085866692,2.60817666368314,3.723,Africa
Bangladesh,BGD,2009,5.04512479919337,5.42347236174679,5.0,Asia
Bulgaria,BGR,2009,-3.34714308501542,2.75320223914819,6.817,Other
Bahrain,BHR,2009,2.53988570158225,2.79551283550412,1.07,Middle East
"Bahamas, The",BHS,2009,-4.17542805647342,2.06273473452682,14.25,Other
Bosnia and Herzegovina,BIH,2009,-3.0044555389081,-0.381464282453057,24.068,Other
Belarus,BLR,2009,0.199995231733979,12.9456563410402,6.1,Other
Belize,BLZ,2009,-0.446709636828217,-1.10431044864355,8.323,Other
Bermuda,BMU,2009,-5.6266977105161,,,Other
Bolivia,BOL,2009,3.35699958346049,3.34645420142014,2.973,Americas
Brazil,BRA,2009,-0.125812002161169,4.88803479876799,9.419,Americas
Barbados,BRB,2009,-5.01727544996282,3.64386189258337,10.02,Other
Brunei Darussalam,BRN,2009,-1.90025367202547,1.03571774271613,6.457,Other
Bhutan,BTN,2009,7.66749238553135,4.36112219119805,3.96,Other
Botswana,BWA,2009,-14.1442346163423,8.02729703109582,16.169,Other
Central African Republic,CAF,2009,8.58726042640994,3.52126227238643,5.575,Other
Canada,CAN,2009,-2.91508627059555,0.299466803009299,8.46,Other
Switzerland,CHE,2009,-1.93490944903913,-0.480481936423305,4.109,Europe
Channel Islands,CHI,2009,,,6.674,Other
Chile,CHL,2009,-1.11803723642878,0.353045178360937,11.313,Americas
China,CHN,2009,9.40610014336416,-0.728165250932898,4.72,Asia
Cote d'Ivoire,CIV,2009,3.60332156667053,1.01950457731138,6.573,Africa
Cameroon,CMR,2009,2.57925177738754,3.04361847939999,3.743,Africa
"Congo, Dem. Rep.",COD,2009,0.541570197421564,2.79999999999982,3.882,Other
"Congo, Rep.",COG,2009,11.6372888615758,4.41500374795223,19.844,Other
Colombia,COL,2009,1.13964864548062,4.20251661216482,12.066,Americas
Comoros,COM,2009,3.24074074074075,4.36234829325719,4.303,Other
Cabo Verde,CPV,2009,-1.50358672385678,0.991103480568085,13.517,Other
Costa Rica,CRI,2009,-0.87345608994562,7.84270167700654,7.824,Americas
Cuba,CUB,2009,1.4513054307407,,1.67,Americas
Curacao,CUW,2009,-0.531308242338184,1.75331605427595,,Other
Cayman Islands,CYM,2009,-7.20048244664706,,,Other
Cyprus,CYP,2009,-2.01508203683694,0.326276652249793,5.594,Other
Czechia,CZE,2009,-4.79832416684926,1.0193773532923,6.662,Europe
Germany,DEU,2009,-5.54455451920674,0.312739007368447,7.88,Europe
Djibouti,DJI,2009,,1.67549587285963,26.325,Other
Dominica,DMA,2009,-1.13575145648322,0.0062635710706685,,Other
Denmark,DNK,2009,-4.97447905669058,1.30470991024336,6.409,Europe
Dominican Republic,DOM,2009,1.00345293018719,1.44215131834353,5.467,Americas
Algeria,DZA,2009,1.19999999969519,5.73706036145628,10.16,Africa
Ecuador,ECU,2009,1.0910129698311,5.15996829181047,4.608,Americas
"Egypt, Arab Rep.",EGY,2009,4.67359980000663,11.7634954386443,9.087,Africa
Eritrea,ERI,2009,3.8765015275421,,5.757,Other
Spain,ESP,2009,-3.76813306940053,-0.287813083535241,17.857,Europe
Estonia,EST,2009,-14.6302225427906,-0.0784083112809768,13.548,Other
Ethiopia,ETH,2009,8.8025531990487,8.48364404530282,2.326,Africa
Finland,FIN,2009,-8.07603116552393,-9.17360424903996e-07,8.249,Europe
Fiji,FJI,2009,-1.38603752085589,3.13103559015967,4.309,Oceania
France,FRA,2009,-2.82455153714783,0.0876204781574653,9.122,Europe
Faroe Islands,FRO,2009,-4.55329824103478,,,Other
"Micronesia, Fed. Sts.",FSM,2009,1.29870129870129,6.39360257735201,,Oceania
Gabon,GAB,2009,0.130331119816617,1.88570754577918,19.76,Other
United Kingdom,GBR,2009,-4.58740819226323,1.96173173560109,7.683,Europe
Georgia,GEO,2009,-3.65075229596822,1.7275146113791,20.71,Other
Ghana,GHA,2009,4.84448705175076,19.2469482220857,5.362,Africa
Guinea,GIN,2009,-1.12264204848687,4.68438868976504,4.914,Africa
"Gambia, The",GMB,2009,6.6657243078367,4.56150687670983,9.778,Other
Guinea-Bissau,GNB,2009,2.44795106098685,-1.65139733620775,3.163,Other
Equatorial Guinea,GNQ,2009,1.34335628806095,4.69106567747375,7.702,Other
Greece,GRC,2009,-4.11927606715011,1.21007269197809,9.546,Europe
Grenada,GRD,2009,-6.61328134799545,-0.308654779585642,,Other
Greenland,GRL,2009,0.865952328886948,,,Other
Guatemala,GTM,2009,0.476898106596394,1.85910254733028,3.22,Americas
Guam,GUM,2009,0.438683948155543,,9.3,Other
Guyana,GUY,2009,3.61150847218585,2.95230096381001,11.307,Other
"Hong Kong SAR, China",HKG,2009,-2.45909150468412,0.579441418472608,5.26,Other
Honduras,HND,2009,-2.43162787988011,5.49634273772203,3.292,Americas
Croatia,HRV,2009,-6.81168973851901,2.37852845904671,9.202,Other
Haiti,HTI,2009,5.89037894844316,0.393886040173341,15.398,Other
Hungary,HUN,2009,-6.7401660845502,4.21171171171171,10.03,Europe
Indonesia,IDN,2009,4.62887118256153,4.38641311792074,6.106,Asia
Isle of Man,IMN,2009,2.10000027181374,,,Other
India,IND,2009,7.8618888330338,10.8823529411764,7.636,Asia
Ireland,IRL,2009,-5.09578277913846,-4.44754686876746,12.609,Other
"Iran, Islamic Rep.",IRN,2009,1.00738545790475,13.5515548281506,12.113,Middle East
Iraq,IRQ,2009,3.37929909442771,6.87361547212555,8.415,Middle East
Iceland,ISL,2009,-8.32146414938261,12.0031298461743,7.22,Other
Israel,ISR,2009,1.22017480850096,3.3676231727125,9.534,Middle East
Italy,ITA,2009,-5.30515401233991,0.774768131387381,7.749,Europe
Jamaica,JAM,2009,-4.34530185828071,9.59224598930482,7.314,Other
Jordan,JOR,2009,5.11667226950634,-0.739069743144777,12.9,Middle East
Japan,JPN,2009,-5.9359411383964,-1.35283672951719,5.068,Asia
Kazakhstan,KAZ,2009,1.19999999942873,7.31607858288578,6.55,Asia
Kenya,KEN,2009,3.30693981631089,9.23412592394652,2.816,Africa
Kyrgyz Republic,KGZ,2009,2.88629457537731,6.83656248105368,3.343,Other
Cambodia,KHM,2009,4.07477850599065,-1.24171754189637,0.579,Asia
Kiribati,KIR,2009,0.536801194648319,9.81643884508657,,Oceania
St. Kitts and Nevis,KNA,2009,-3.40474015376245,2.05793709041836,,Other
"Korea, Rep.",KOR,2009,0.81986175641795,2.7564965449393,3.363,Asia
Kuwait,KWT,2009,-7.07605643073411,4.60959548447787,1.64,Middle East
Lao PDR,LAO,2009,7.50177491225853,0.141187674980385,0.835,Other
Lebanon,LBN,2009,10.232155577776,1.19509671165543,6.355,Middle East
Liberia,LBR,2009,5.30054050291531,7.42764305914919,2.241,Other
Libya,LBY,2009,-4.4001817631021,2.45990025609954,19.29,Other
St. Lucia,LCA,2009,-2.82889954830628,-0.156936087168669,15.37,Other
Liechtenstein,LIE,2009,-1.15748291975636,,,Other
Sri Lanka,LKA,2009,3.53891205317842,3.46496322106074,5.85,Asia
Lesotho,LSO,2009,-1.25375779920832,-16.8596910540644,16.115,Other
Lithuania,LTU,2009,-14.8386117894848,4.45304456518535,13.785,Other
Luxembourg,LUX,2009,-3.23895268839308,0.368041997888867,5.194,Other
Latvia,LVA,2009,-16.0400195313042,3.53410672858934,17.515,Other
"Macao SAR, China",MAC,2009,1.29837946885112,1.16906695453767,3.58,Other
Morocco,MAR,2009,3.74576940136258,0.971862998667636,8.96,Africa
Monaco,MCO,2009,-11.3369865758365,,,Other
Moldova,MDA,2009,-6.00000026352828,-0.0627185967109007,3.024,Other
Madagascar,MDG,2009,-3.9787086116544,8.95421802392949,3.885,Africa
Maldives,MDV,2009,-8.34069861571051,4.53017659132801,11.697,Other
Mexico,MEX,2009,-6.29525056697287,5.29735584228856,5.356,Americas
Marshall Islands,MHL,2009,3.66524129505193,,,Other
North Macedonia,MKD,2009,-0.358614856979671,-0.739633963061192,32.351,Other
Mali,MLI,2009,5.45473562683669,2.46375188572299,1.406,Africa
Malta,MLT,2009,-1.39524956144803,2.08432746082343,6.896,Other
Myanmar,MMR,2009,10.5500090961932,1.47234311385647,0.712,Asia
Montenegro,MNE,2009,-5.99444862538753,3.46672373207793,19.09,Other
Mongolia,MNG,2009,-1.26859893608282,7.6195059351941,5.86,Asia
Northern Mariana Islands,MNP,2009,-17.5732217573222,,,Other
Mozambique,MOZ,2009,5.92897187460815,3.78861330914625,3.207,Africa
Mauritania,MRT,2009,0.0978758719728035,2.22092032381779,10.214,Other
Mauritius,MUS,2009,3.36352090607312,2.51609128145113,7.257,Other
Malawi,MWI,2009,8.3281098524038,8.42204427696655,4.732,Other
Malaysia,MYS,2009,-1.51352871598714,0.583308405623702,3.62,Asia
Namibia,NAM,2009,0.295970914001089,9.45172651521705,22.271,Other
New Caledonia,NCL,2009,,,13.97,Other
Niger,NER,2009,1.96260090694645,0.582906590801122,1.208,Africa
Nigeria,NGA,2009,8.03692510100366,12.5379242951095,3.763,Africa
Nicaragua,NIC,2009,-3.2926651586197,3.68700160498797,8.16,Americas
Netherlands,NLD,2009,-3.66528147002826,1.18977687021548,4.352,Europe
Norway,NOR,2009,-1.61327151945869,2.19738586853568,3.1,Europe
Nepal,NPL,2009,4.5330787246486,11.0948237386987,10.582,Asia
Naoero,NRU,2009,-5.55555555555564,,,Other
New Zealand,NZL,2009,-0.040259885205117,2.1156511055456,6.121,Oceania
Oman,OMN,2009,5.98196694904402,3.46881023754893,3.977,Middle East
Pakistan,PAK,2009,3.47255059567348,13.6477650639761,0.535,Asia
Panama,PAN,2009,1.61186405976055,2.40905304082201,5.857,Americas
Peru,PER,2009,1.0958236592427,2.936231535967,3.96,Americas
Philippines,PHL,2009,1.44832306275669,4.21903052064628,3.858,Asia
Palau,PLW,2009,-6.19509416666021,1.43813538308953,,Other
Papua New Guinea,PNG,2009,6.80042148322096,6.91832532601224,2.089,Oceania
Poland,POL,2009,2.61512859291683,3.79539242483399,8.131,Europe
Puerto Rico (US),PRI,2009,-1.95242518381124,,15.0,Other
"Korea, Dem. People's Rep.",PRK,2009,,,3.48,Other
Portugal,PRT,2009,-3.12207827545093,-0.835530021504157,9.432,Europe
Paraguay,PRY,2009,-0.261137328080281,2.59194673430567,5.46,Americas
West Bank and Gaza,PSE,2009,8.59349087893864,2.75393485083151,20.452,Other
French Polynesia,PYF,2009,-4.23139183069446,,11.963,Other
Qatar,QAT,2009,11.9575512911227,-4.86327801622565,0.31,Middle East
Romania,ROU,2009,-5.51670615843011,5.58742004264393,6.859,Europe
Russian Federation,RUS,2009,-7.79999391271275,11.6473295764118,8.301,Other
Rwanda,RWA,2009,6.24825750704265,12.9443978401712,11.625,Africa
Saudi Arabia,SAU,2009,-1.06671711240203,5.0572227614833,5.377,Middle East
Sudan,SDN,2009,-2.76770436599138,11.256758706301,13.0,Other
Senegal,SEN,2009,2.75210448455053,-2.2480214785534,2.807,Africa
Singapore,SGP,2009,0.127953382778088,0.589142019610516,5.86,Other
Solomon Islands,SLB,2009,2.86486309630651,7.09271716876286,2.02,Oceania
Sierra Leone,SLE,2009,1.53080323958716,7.46901898540982,4.268,Other
El Salvador,SLV,2009,-2.10876837627522,1.05595029731201,7.33,Americas
San Marino,SMR,2009,-10.3209565764632,2.19959237046011,,Other
"Somalia, Fed. Rep.",SOM,2009,6.69435192556188,,18.724,Other
Serbia,SRB,2009,-3.14261075416574,8.11695092238082,16.116,Other
South Sudan,SSD,2009,5.04164187983342,5.00627361534047,12.438,Other
Sao Tome and Principe,STP,2009,3.30239966645061,16.9574758025945,15.136,Other
Suriname,SUR,2009,3.01369898266211,-0.133636646714877,8.72,Other
Slovak Republic,SVK,2009,-5.50533790972226,1.61510464058236,12.023,Other
Slovenia,SVN,2009,-7.59058614046387,0.839262246793805,5.858,Other
Sweden,SWE,2009,-4.25561384207619,-0.494460544378051,8.351,Europe
Eswatini,SWZ,2009,1.43311134247756,7.44823423445754,27.488,Other
Sint Maarten (Dutch part),SXM,2009,,5.95763688760801,,Other
Seychelles,SYC,2009,-2.47937594726137,31.7544407744178,,Other
Syrian Arab Republic,SYR,2009,5.91229460524147,2.92089711805367,8.14,Middle East
Turks and Caicos Islands,TCA,2009,-19.5502467595022,,,Other
Chad,TCD,2009,-1.40828262637592,9.95242290748864,0.943,Other
Togo,TGO,2009,5.45381096920332,3.71360592035809,2.847,Other
Thailand,THA,2009,-0.690618232300579,-0.845716092316721,1.49,Asia
Tajikistan,TJK,2009,3.90000114826496,6.44823481066697,7.028,Asia
Turkmenistan,TKM,2009,6.10000001746145,,4.0,Other
Timor-Leste,TLS,2009,10.1469544183475,0.669681185965433,3.289,Other
Tonga,TON,2009,-5.12917819150532,1.42685972070539,1.419,Oceania
Trinidad and Tobago,TTO,2009,-4.3917292474614,6.97808725251547,5.28,Other
Tunisia,TUN,2009,3.04345012371552,3.66490330642919,13.29,Other
Turkiye,TUR,2009,-4.88269401706633,6.25097663090626,14.026,Other
Tuvalu,TUV,2009,-5.61992222980298,,,Other
Tanzania,TZA,2009,5.26910524873463,12.1422278742988,2.5,Africa
Uganda,UGA,2009,6.80151734860395,13.0172561889185,3.6,Other
Ukraine,UKR,2009,-15.1364679101502,15.8811924594476,8.84,Europe
Uruguay,URY,2009,4.24349419462426,7.06221874388574,7.74,Americas
United States,USA,2009,-2.5765002366652,-0.355546266299747,9.254,Americas
Uzbekistan,UZB,2009,8.05093332733964,,5.04,Asia
St. Vincent and the Grenadines,VCT,2009,-1.3781936056056,0.421539125687215,19.365,Other
"Venezuela, RB",VEN,2009,-3.07692307692308,27.080941446613,6.097,Americas
Virgin Islands (U.S.),VIR,2009,-6.59478885893981,,10.864,Other
Viet Nam,VNM,2009,5.39789754014181,6.71698269988631,1.737,Asia
Vanuatu,VUT,2009,3.03730354099639,4.29706572955357,4.565,Oceania
Samoa,WSM,2009,-0.541677601834593,6.32495336235228,5.646,Oceania
Kosovo,XKX,2009,5.03485413839893,-2.41026401661229,,Other
"Yemen, Rep.",YEM,2009,3.86622951587742,5.40776098077522,12.762,Middle East
South Africa,ZAF,2009,-1.53808913525583,7.23809523809527,23.523,Africa
Zambia,ZMB,2009,9.2203484058663,13.3952546325895,10.583,Other
Zimbabwe,ZWE,2009,13.2720546167979,,5.476,Other
Aruba,ABW,2010,-2.73345679250639,2.07814071860786,,Other
Afghanistan,AFG,2010,14.3624414710737,2.17853752389419,7.809,Asia
Angola,AGO,2010,5.29366572819954,14.4696564932577,16.595,Africa
Albania,ALB,2010,2.97315442681247,3.6271009151748,14.086,Other
Andorra,AND,2010,-1.97495799965345,,,Other
United Arab Emirates,ARE,2010,1.60285004336325,0.877983288285867,2.798,Middle East
Argentina,ARG,2010,10.1253981561002,,7.714,Americas
Armenia,ARM,2010,2.2000000002151,8.17636138473952,19.523,Other
American Samoa,ASM,2010,0.299850074962521,,,Other
Antigua and Barbuda,ATG,2010,-7.84050683730972,3.37002540220148,,Other
Australia,AUS,2010,2.21004795300735,2.9183370211222,5.214,Oceania
Austria,AUT,2010,1.80898243043663,1.81353438995062,4.883,Europe
Azerbaijan,AZE,2010,4.78883248761557,5.72687224669605,5.63,Other
Burundi,BDI,2010,5.09373697323055,6.49326591473993,1.615,Other
Belgium,BEL,2010,2.71031150254662,2.18929920422458,8.293,Europe
Benin,BEN,2010,2.11406472648392,2.20783532536524,1.04,Other
Burkina Faso,BFA,2010,8.44628157707625,-0.764230734676768,3.725,Africa
Bangladesh,BGD,2010,5.57178818533122,8.12667639169917,3.379,Asia
Bulgaria,BGR,2010,1.55536266288017,2.43899060504117,10.279,Other
Bahrain,BHR,2010,4.3342989754845,1.96188468334623,1.13,Middle East
"Bahamas, The",BHS,2010,1.53866248693835,1.34402738392836,14.435,Other
Bosnia and Herzegovina,BIH,2010,0.865667236280544,1.99621236745887,27.312,Other
Belarus,BLR,2010,7.75001707500896,7.73574804312515,6.052,Other
Belize,BLZ,2010,1.41741099233461,0.917977378808888,8.412,Other
Bermuda,BMU,2010,-2.50287828947368,,,Other
Bolivia,BOL,2010,4.12672258996274,2.50327605844241,2.609,Americas
Brazil,BRA,2010,7.52822581815364,5.03872690108075,8.42,Americas
Barbados,BRB,2010,-8.08072121134387,5.82421853311866,10.69,Other
Brunei Darussalam,BRN,2010,2.74136439456163,0.356869132017561,6.487,Other
Bhutan,BTN,2010,11.9318738376229,7.03638316073019,3.32,Other
Botswana,BWA,2010,10.119723322694,6.94887658743103,17.86,Other
Central African Republic,CAF,2010,4.63081843223307,1.49102370047802,5.658,Other
Canada,CAN,2010,3.09080633744851,1.77687154092627,8.178,Other
Switzerland,CHE,2010,3.26063082122047,0.688238707219975,4.808,Europe
Channel Islands,CHI,2010,-3.60663231572742,,7.024,Other
Chile,CHL,2010,5.85165102224047,1.41071107954321,8.547,Americas
China,CHN,2010,10.5916903885704,3.17532475269199,4.53,Asia
Cote d'Ivoire,CIV,2010,6.84804939907013,1.2264561213548,6.607,Africa
Cameroon,CMR,2010,2.89902472122014,1.27538046242338,4.11,Africa
"Congo, Dem. Rep.",COD,2010,8.61867717510543,7.10000000000037,4.098,Other
"Congo, Rep.",COG,2010,9.93126543095578,0.391525011227612,19.3,Other
Colombia,COL,2010,4.49465897070922,2.27200227892008,11.153,Americas
Comoros,COM,2010,3.77776673684423,3.35475770328919,4.19,Other
Cabo Verde,CPV,2010,1.83641914989978,2.07866470906424,10.67,Other
Costa Rica,CRI,2010,5.36034347722267,5.66275708420021,7.171,Americas
Cuba,CUB,2010,2.39035229650723,,2.5,Americas
Curacao,CUW,2010,0.0823066088131412,2.77944261312587,,Other
Cayman Islands,CYM,2010,-2.71563526217577,0.276140861750108,,Other
Cyprus,CYP,2010,2.28267100119788,2.43004084102251,6.359,Other
Czechia,CZE,2010,2.71466509907701,1.47272727272728,7.281,Europe
Germany,DEU,2010,4.13463778522758,1.1038103778926,7.043,Europe
Djibouti,DJI,2010,,3.95007875923886,26.368,Other
Dominica,DMA,2010,-0.105610857694984,2.99936630549,,Other
Denmark,DNK,2010,1.58289703108802,2.31092436974786,7.746,Europe
Dominican Republic,DOM,2010,8.40114541209596,6.32993220146146,5.212,Americas
Algeria,DZA,2010,4.80000000093564,3.91106195534028,9.96,Africa
Ecuador,ECU,2010,4.02913787986621,3.55437734567843,4.088,Americas
"Egypt, Arab Rep.",EGY,2010,5.14723485746742,11.2651882653185,8.757,Africa
Eritrea,ERI,2010,2.19419034888082,,5.854,Other
Spain,ESP,2010,0.0941223116369514,1.79986457728769,19.86,Europe
Estonia,EST,2010,2.4497502063999,2.97204512015694,16.707,Other
Ethiopia,ETH,2010,12.5505383347633,8.14926402965082,2.295,Africa
Finland,FIN,2010,3.1682879121621,1.18413523154651,8.394,Europe
Fiji,FJI,2010,2.95467268842502,3.68901229670761,4.345,Oceania
France,FRA,2010,2.00032476039051,1.53112270420919,9.279,Europe
Faroe Islands,FRO,2010,-0.379817991218616,,,Other
"Micronesia, Fed. Sts.",FSM,2010,1.7094017094017,3.31370963136217,,Oceania
Gabon,GAB,2010,7.08988731455126,1.46154402720469,20.39,Other
United Kingdom,GBR,2010,2.26054460931586,2.49265472467065,7.973,Europe
Georgia,GEO,2010,6.24640865303363,7.11017897486099,20.203,Other
Ghana,GHA,2010,7.89971194051621,10.7333898354915,5.384,Africa
Guinea,GIN,2010,4.81336016967553,15.0502688559001,5.018,Africa
"Gambia, The",GMB,2010,5.90833580968288,5.04968075857402,9.673,Other
Guinea-Bissau,GNB,2010,5.60536311358261,2.51785140171701,3.121,Other
Equatorial Guinea,GNQ,2010,-8.92417588851806,7.78916547991184,7.847,Other
Greece,GRC,2010,-5.6937412158003,4.71298907760388,12.719,Europe
Grenada,GRD,2010,-0.511146187173722,3.43650905943351,,Other
Greenland,GRL,2010,1.73582505889665,,,Other
Guatemala,GTM,2010,2.88417542800377,3.8595090983316,3.497,Americas
Guam,GUM,2010,2.26325193567601,,8.2,Other
Guyana,GUY,2010,4.13844160137342,4.3005534033896,11.632,Other
"Hong Kong SAR, China",HKG,2010,6.76770683250318,2.29289088604673,4.329,Other
Honduras,HND,2010,3.73114034433009,4.69889064976232,4.119,Americas
Croatia,HRV,2010,-1.33616285467264,1.03055505333576,11.62,Other
Haiti,HTI,2010,-5.65151153448299,4.82734190074673,15.244,Other
Hungary,HUN,2010,1.06795068152046,4.85555795691956,11.172,Europe
Indonesia,IDN,2010,6.22385418062366,5.13420639015885,5.614,Asia
Isle of Man,IMN,2010,3.39999842395957,,,Other
India,IND,2010,8.49758470165625,11.9893899204245,7.631,Asia
Ireland,IRL,2010,1.68297175486512,-0.918388645376774,14.534,Other
"Iran, Islamic Rep.",IRN,2010,5.79793830169604,10.0893629287979,13.679,Middle East
Iraq,IRQ,2010,6.40256484471193,2.42986826837753,8.267,Middle East
Iceland,ISL,2010,-2.22181843777449,5.39673113167484,7.564,Other
Israel,ISR,2010,5.54470607068944,2.70270270270273,8.48,Middle East
Italy,ITA,2010,1.52910573247101,1.52551602118248,8.363,Europe
Jamaica,JAM,2010,-1.45714720850386,12.6105519975603,7.63,Other
Jordan,JOR,2010,2.6377158262256,4.84551875852116,12.5,Middle East
Japan,JPN,2010,4.13645589222239,-0.728243207517779,5.102,Asia
Kazakhstan,KAZ,2010,7.30000000329814,7.40046356341396,5.77,Asia
Kenya,KEN,2010,8.05847360290906,3.96138889115385,2.793,Africa
Kyrgyz Republic,KGZ,2010,-0.471566596791618,7.96772225579684,3.503,Other
Cambodia,KHM,2010,5.07691843229247,3.99639528107218,0.771,Asia
Kiribati,KIR,2010,1.2259519892488,-3.89955040651649,,Oceania
St. Kitts and Nevis,KNA,2010,-0.0541942065330545,0.850878649795844,,Other
"Korea, Rep.",KOR,2010,6.98166138853071,2.93928652655686,3.324,Asia
Kuwait,KWT,2010,-2.37054804425912,4.49640287769787,1.82,Middle East
Lao PDR,LAO,2010,8.52690551739717,5.98254521550082,0.708,Other
Lebanon,LBN,2010,7.97513555844932,3.98347941855833,6.768,Middle East
Liberia,LBR,2010,6.09982524004147,7.28992796890218,2.266,Other
Libya,LBY,2010,5.0272476723775,2.79989500109265,19.321,Other
St. Lucia,LCA,2010,0.330018546071486,3.25034409180129,17.118,Other
Sri Lanka,LKA,2010,8.01596737040464,6.2176488930462,4.784,Asia
Lesotho,LSO,2010,5.26967078056286,-2.40524254598706,16.068,Other
Lithuania,LTU,2010,0.427199566550769,1.31921362055463,17.814,Other
Luxembourg,LUX,2010,3.76040578658925,2.27367911621542,4.423,Other
Latvia,LVA,2010,-3.66125859554762,-1.08463595015155,19.482,Other
"Macao SAR, China",MAC,2010,25.1031075246958,2.80947242060843,2.84,Other
Morocco,MAR,2010,3.49955709403216,0.993557401226392,9.09,Africa
Monaco,MCO,2010,2.06521962654098,,,Other
Moldova,MDA,2010,7.10000010705836,7.48385086350853,2.972,Other
Madagascar,MDG,2010,0.619239744622121,9.24732173644116,4.28,Africa
Maldives,MDV,2010,6.7854678229144,6.14988536750173,10.875,Other
Mexico,MEX,2010,4.9713345832195,4.15672722680174,5.303,Americas
Marshall Islands,MHL,2010,5.53918680023571,,,Other
North Macedonia,MKD,2010,3.35875085773812,1.50997522027613,33.135,Other
Mali,MLI,2010,5.57678859793515,1.10892690670186,1.375,Africa
Malta,MLT,2010,6.19734978656928,1.51563513618532,6.861,Other
Myanmar,MMR,2010,9.6344394520444,7.71838195873614,0.725,Asia
Montenegro,MNE,2010,2.77559782547836,0.654946570148479,19.649,Other
Mongolia,MNG,2010,6.3651616786311,10.0462065881651,6.549,Asia
Northern Mariana Islands,MNP,2010,1.3959390862944,,,Other
Mozambique,MOZ,2010,6.67972935662864,12.4255421735156,3.259,Africa
Mauritania,MRT,2010,2.62022952055378,6.28354087427704,10.093,Other
Mauritius,MUS,2010,4.39672657214976,2.93236301369857,7.654,Other
Malawi,MWI,2010,6.87406585416142,7.41159092883827,4.78,Other
Malaysia,MYS,2010,7.42484738326097,1.62285235577035,3.32,Asia
Namibia,NAM,2010,6.03924947955858,4.8749198764395,22.12,Other
New Caledonia,NCL,2010,,,13.998,Other
Niger,NER,2010,8.57816674262253,0.804073080882659,0.718,Africa
Nigeria,NGA,2010,8.00565591623166,13.7400521363694,3.744,Africa
Nicaragua,NIC,2010,4.41009911716546,5.45513425887423,7.83,Americas
Netherlands,NLD,2010,1.31935287897116,1.27530569556679,4.991,Europe
Norway,NOR,2010,1.00493269017117,2.41890639481003,3.527,Europe
Nepal,NPL,2010,4.81641464694573,9.32650410745395,10.563,Asia
Naoero,NRU,2010,0.0,,,Other
New Zealand,NZL,2010,1.47182504276788,2.30202385958572,6.557,Oceania
Oman,OMN,2010,2.47199856582773,3.25657959078624,3.911,Middle East
Pakistan,PAK,2010,1.50171752152883,12.9388705634889,0.653,Asia
Panama,PAN,2010,6.07339353106087,3.49128872618809,5.845,Americas
Peru,PER,2010,8.33245910749577,1.52832059732901,3.6,Americas
Philippines,PHL,2010,7.33449996034538,3.78983634797591,3.605,Asia
Palau,PLW,2010,-3.02648271979963,1.44219017355169,,Other
Papua New Guinea,PNG,2010,10.1284540720232,6.01360893567856,2.002,Oceania
Poland,POL,2010,3.16892748258036,2.58069370250548,9.578,Europe
Puerto Rico (US),PRI,2010,-0.413254119172365,,16.1,Other
"Korea, Dem. People's Rep.",PRK,2010,,,3.419,Other
Portugal,PRT,2010,1.73762453640036,1.40257289895372,10.771,Europe
Paraguay,PRY,2010,11.0952312685521,4.65116279069765,4.569,Americas
West Bank and Gaza,PSE,2010,5.77736205629419,3.74915727597096,21.416,Other
French Polynesia,PYF,2010,-2.4660641898174,,12.133,Other
Qatar,QAT,2010,16.7315558489187,-2.42525675161714,0.45,Middle East
Romania,ROU,2010,-3.90581157302972,6.09141668601891,6.959,Europe
Russian Federation,RUS,2010,4.49999999920672,6.84939230255025,7.407,Other
Rwanda,RWA,2010,7.33465645016436,-0.246128693436934,11.637,Africa
Saudi Arabia,SAU,2010,5.0395150823517,5.33941733020905,5.55,Middle East
Sudan,SDN,2010,3.85824195230107,12.9776663898014,15.168,Other
Senegal,SEN,2010,3.39088925336209,1.22868119673344,2.795,Africa
Singapore,SGP,2010,14.5197497108994,2.82884527612958,4.12,Other
Solomon Islands,SLB,2010,9.70817235491481,1.05148163321038,1.617,Oceania
Sierra Leone,SLE,2010,6.35566595800495,7.18566275668163,4.34,Other
El Salvador,SLV,2010,2.15419536693635,1.17933576873673,4.893,Americas
San Marino,SMR,2010,-5.47368421052632,2.58541815582587,,Other
"Somalia, Fed. Rep.",SOM,2010,6.69435192550543,,18.741,Other
Serbia,SRB,2010,1.61097281449412,6.14255360247248,19.204,Other
South Sudan,SSD,2010,5.49341639529945,1.16962180301108,12.473,Other
Sao Tome and Principe,STP,2010,1.44845522890635,13.34005235378,14.628,Other
Suriname,SUR,2010,5.16882515225814,6.94108221639996,7.15,Other
Slovak Republic,SVK,2010,6.79058159142423,0.957018132975174,14.387,Other
Slovenia,SVN,2010,1.11213719306735,1.80117022137138,7.236,Other
Sweden,SWE,2010,5.75076477579255,1.15798802715626,8.61,Europe
Eswatini,SWZ,2010,3.82443487429767,4.50923691774369,26.856,Other
Sint Maarten (Dutch part),SXM,2010,3.19999269219366,1.33857621672882,,Other
Seychelles,SYC,2010,4.50513204312067,-2.40463875108227,,Other
Syrian Arab Republic,SYR,2010,5.19150915015936,4.3974138315007,8.61,Middle East
Turks and Caicos Islands,TCA,2010,0.984924853810682,,,Other
Chad,TCD,2010,13.6738272725339,-2.07786574641866,0.911,Other
Togo,TGO,2010,5.85433399076879,1.44594517430864,2.379,Other
Thailand,THA,2010,7.51339053261624,3.24758842443725,0.622,Asia
Tajikistan,TJK,2010,6.49999908585235,6.44531440780658,7.037,Asia
Turkmenistan,TKM,2010,9.20000007329543,,4.0,Other
Timor-Leste,TLS,2010,9.33149490201264,6.76597680236481,3.301,Other
Tonga,TON,2010,0.824396914081831,3.53491239189831,1.501,Oceania
Trinidad and Tobago,TTO,2010,3.32322471027371,10.5492003179988,4.033,Other
Tunisia,TUN,2010,2.97113275066512,3.33897963601069,13.049,Other
Turkiye,TUR,2010,8.54219848467686,8.56644420552976,11.879,Other
Tuvalu,TUV,2010,-2.46826250374198,,,Other
Tanzania,TZA,2010,6.33652342666889,6.20015595647403,3.03,Africa
Uganda,UGA,2010,5.63761163749757,3.97655288478168,3.623,Other
Ukraine,UKR,2010,4.09200436668087,9.37293105078978,8.1,Europe
Uruguay,URY,2010,7.8034096507169,6.69870886978132,7.158,Americas
United States,USA,2010,2.69519258673525,1.6400434423899,9.633,Americas
Uzbekistan,UZB,2010,7.5971679610016,,5.36,Asia
St. Vincent and the Grenadines,VCT,2010,-4.47046793507802,0.747109026311474,19.924,Other
"Venezuela, RB",VEN,2010,-1.5873015873016,28.1874647092039,7.112,Americas
Virgin Islands (U.S.),VIR,2010,0.596383224317051,,11.059,Other
Viet Nam,VNM,2010,6.42324482239482,9.20746648778413,1.114,Asia
Vanuatu,VUT,2010,1.25886720329254,2.76269469477348,4.681,Oceania
Samoa,WSM,2010,6.1247199226125,0.777007268777692,5.621,Oceania
Kosovo,XKX,2010,4.93995095961395,3.48050763735842,,Other
"Yemen, Rep.",YEM,2010,7.70128607527964,11.1748338605044,12.777,Middle East
South Africa,ZAF,2010,3.03973288127956,4.06749555950263,24.683,Africa
Zambia,ZMB,2010,10.2982233241213,8.50176133365265,13.19,Other
Zimbabwe,ZWE,2010,19.6754077019323,3.02267002518892,5.469,Other
Aruba,ABW,2011,3.36923718421511,4.31629742195203,,Other
Afghanistan,AFG,2011,0.426354776777345,11.8041858089129,7.83,Asia
Angola,AGO,2011,3.59386960240222,13.4824679218511,16.77,Africa
Albania,ALB,2011,2.46351683915714,3.42807130141501,13.481,Other
Andorra,AND,2011,-0.0080697534113909,,,Other
United Arab Emirates,ARE,2011,6.73651167897515,0.87734659568512,2.587,Middle East
Argentina,ARG,2011,6.00395169280579,,7.18,Americas
Armenia,ARM,2011,4.69999999867412,7.65000807859294,18.884,Other
American Samoa,ASM,2011,0.0,,,Other
Antigua and Barbuda,ATG,2011,-1.95874262217572,3.4567496723461,,Other
Australia,AUS,2011,2.39473494330615,3.30384784681081,5.083,Oceania
Austria,AUT,2011,2.92746800169145,3.2865791487538,4.637,Europe
Azerbaijan,AZE,2011,-1.5729973511111,7.8583333333334,5.42,Other
Burundi,BDI,2011,4.02442793864228,9.5921660597967,1.602,Other
Belgium,BEL,2011,1.93115502411325,3.5320821072274,7.14,Europe
Benin,BEN,2011,2.96375291904201,2.7042390774728,2.647,Other
Burkina Faso,BFA,2011,6.62256261306693,2.75976724854534,3.827,Africa
Bangladesh,BGD,2011,6.46437912497728,11.3951651552399,3.737,Asia
Bulgaria,BGR,2011,2.09017598337418,4.21990346601872,11.26,Other
Bahrain,BHR,2011,1.92815791170796,-0.40004069748808,1.21,Middle East
"Bahamas, The",BHS,2011,0.613170735890648,3.1987814166032,14.52,Other
Bosnia and Herzegovina,BIH,2011,0.959511709726897,3.67125,27.582,Other
Belarus,BLR,2011,5.54997471638077,53.2286983118172,6.024,Other
Belize,BLZ,2011,-0.13007112300869,1.602056156402,8.424,Other
Bermuda,BMU,2011,-3.74274431740703,,,Other
Bolivia,BOL,2011,5.20409245282328,9.88446419823883,2.255,Americas
Brazil,BRA,2011,3.97442307944702,6.6364496221309,7.578,Americas
Barbados,BRB,2011,-0.074211165126286,9.4322024017722,11.19,Other
Brunei Darussalam,BRN,2011,3.74440625524871,0.13791156316954,6.506,Other
Bhutan,BTN,2011,8.4892584842808,8.848985699468,3.23,Other
Botswana,BWA,2011,6.83841052493574,8.45987233408583,18.049,Other
Central African Republic,CAF,2011,4.19461533741989,1.1944757244985,5.638,Other
Canada,CAN,2011,3.1371944343876,2.91213508872351,7.637,Other
Switzerland,CHE,2011,1.40766067483813,0.2313492076509,4.409,Europe
Channel Islands,CHI,2011,1.12504310895372,,7.244,Other
Chile,CHL,2011,6.22389678509138,3.34121694259302,7.492,Americas
China,CHN,2011,9.46205248298186,5.55389892257493,4.55,Asia
Cote d'Ivoire,CIV,2011,-5.37044724000579,4.9124339505245,7.144,Africa
Cameroon,CMR,2011,3.37921128506045,2.93969946305091,3.988,Africa
"Congo, Dem. Rep.",COD,2011,-0.403164081254445,15.316515913949,4.317,Other
"Congo, Rep.",COG,2011,2.20591936286718,1.75958704273803,19.435,Other
Colombia,COL,2011,6.94789198173555,3.4150334477625,10.288,Americas
Comoros,COM,2011,4.14350668765977,1.8426630075619,4.12,Other
Cabo Verde,CPV,2011,3.92471821338283,4.47388342165023,10.956,Other
Costa Rica,CRI,2011,4.40315921836142,4.87799830970702,9.518,Americas
Cuba,CUB,2011,2.80230083647626,,3.18,Americas
Curacao,CUW,2011,0.50845748203723,2.3325315256217,,Other
Cayman Islands,CYM,2011,1.16906219839106,1.32543575779664,,Other
Cyprus,CYP,2011,0.416711868408683,3.2894493956421,7.942,Other
Czechia,CZE,2011,1.77238085338473,1.9172191363555,6.712,Europe
Germany,DEU,2011,3.75796884489337,2.07517283735874,5.967,Europe
Djibouti,DJI,2011,,5.0687139477798,26.31,Other
Dominica,DMA,2011,0.0427388878891435,1.1312313652648,,Other
Denmark,DNK,2011,1.3108037609606,2.7586822605125,7.769,Europe
Dominican Republic,DOM,2011,3.19196227475523,5.79676809206533,6.087,Americas
Algeria,DZA,2011,2.99999999941909,4.5242115050527,9.96,Africa
Ecuador,ECU,2011,8.48147656332823,4.4745326579584,3.458,Americas
"Egypt, Arab Rep.",EGY,2011,1.76457194806041,10.0649259874818,11.849,Africa
Eritrea,ERI,2011,8.67980010138049,,5.801,Other
Spain,ESP,2011,-0.639920636520344,3.19610188833792,21.39,Europe
Estonia,EST,2011,7.60697458913162,4.9819013145361,12.328,Other
Ethiopia,ETH,2011,11.1782962297008,33.2499598823344,2.27,Africa
Finland,FIN,2011,2.39039455396828,3.4168075425521,7.781,Europe
Fiji,FJI,2011,2.70514231228027,7.278117827085,4.406,Oceania
France,FRA,2011,2.43757653729007,2.11159795175,9.228,Europe
Faroe Islands,FRO,2011,3.56636317884431,,,Other
"Micronesia, Fed. Sts.",FSM,2011,3.78151260504202,5.08259403890371,,Oceania
Gabon,GAB,2011,7.09175334258654,1.26331707837421,19.895,Other
United Kingdom,GBR,2011,0.851437739020326,3.8561124468282,8.195,Europe
Georgia,GEO,2011,7.9343365253078,8.5429333333333,19.632,Other
Ghana,GHA,2011,14.0471235803149,8.7284593709302,4.213,Africa
Guinea,GIN,2011,5.61211177430975,21.3169268542577,5.024,Africa
"Gambia, The",GMB,2011,-8.13044422315659,4.7958826618311,10.276,Other
Guinea-Bissau,GNB,2011,8.08504167173554,5.046102263202,3.072,Other
Equatorial Guinea,GNQ,2011,6.52392362989873,4.805389221557,7.837,Other
Greece,GRC,2011,-9.87677875300243,3.3298532335065,17.973,Europe
Grenada,GRD,2011,0.764773550338731,3.0334728033474,,Other
Greenland,GRL,2011,-0.496519391959083,,,Other
Guatemala,GTM,2011,4.16390688293349,6.214123930671,3.169,Americas
Guam,GUM,2011,0.0776548243059523,,13.3,Other
Guyana,GUY,2011,5.19625156051602,4.4073041447003,11.811,Other
"Hong Kong SAR, China",HKG,2011,4.81466801092733,5.3052489299392,3.422,Other
Honduras,HND,2011,3.83569066207505,6.7622795731476,4.474,Americas
Croatia,HRV,2011,-0.111527124990047,2.27272727272722,13.678,Other
Haiti,HTI,2011,5.09821354410036,6.33279483849042,14.506,Other
Hungary,HUN,2011,1.91670916599742,3.9299209893507,11.029,Europe
Indonesia,IDN,2011,6.16978420771008,5.35604849112582,5.153,Asia
Isle of Man,IMN,2011,1.99999938207415,,,Other
India,IND,2011,5.24131620024293,8.9117933648336,7.609,Asia
Ireland,IRL,2011,1.60886648916944,2.5489783020855,15.354,Other
"Iran, Islamic Rep.",IRN,2011,2.6457179180628,26.2933856738608,12.491,Middle East
Iraq,IRQ,2011,7.546471200426,5.6040514426601,8.193,Middle East
Iceland,ISL,2011,1.37999669197329,4.0010266434312,7.028,Other
Israel,ISR,2011,5.51341969081251,3.48837209302323,7.139,Middle East
Italy,ITA,2011,0.695463154440176,2.78063272879323,8.359,Europe
Jamaica,JAM,2011,1.73037627006349,7.555856465809,8.034,Other
Jordan,JOR,2011,2.90729315392207,4.1624416292779,12.9,Middle East
Japan,JPN,2011,-0.20035785332982,-0.27245561610124,4.55,Asia
Kazakhstan,KAZ,2011,7.40000000144188,8.4529046617679,5.39,Asia
Kenya,KEN,2011,5.1211061197056,14.0224913014704,2.699,Africa
Kyrgyz Republic,KGZ,2011,5.95627429693504,16.6363262731495,3.644,Other
Cambodia,KHM,2011,7.28665813879552,5.4784474961745,0.577,Asia
Kiribati,KIR,2011,3.26372719532225,1.4974097987597,,Oceania
St. Kitts and Nevis,KNA,2011,1.61660730423688,5.8351651957086,,Other
"Korea, Rep.",KOR,2011,3.6880320602952,4.0259650043609,2.992,Asia
Kuwait,KWT,2011,9.62863419534361,4.8394034987095,2.051,Middle East
Lao PDR,LAO,2011,8.03865268023725,7.5689885610998,0.96,Other
Lebanon,LBN,2011,0.86733987855277,4.97148571692384,7.352,Middle East
Liberia,LBR,2011,8.20076822497064,8.488167518494,2.211,Other
Libya,LBY,2011,-50.3385151384986,15.5184815317562,19.504,Other
St. Lucia,LCA,2011,4.32694280532142,2.76940794144093,18.86,Other
Sri Lanka,LKA,2011,8.66948301160571,6.7167684358854,4.118,Asia
Lesotho,LSO,2011,4.61641394528752,5.0366305210156,16.115,Other
Lithuania,LTU,2011,6.32363664821298,4.13027562645085,15.39,Other
Luxembourg,LUX,2011,1.0442860057217,3.4106834106835,5.122,Other
Latvia,LVA,2011,3.03634482668815,4.37073559939223,16.206,Other
"Macao SAR, China",MAC,2011,21.6223064381087,5.80624616691043,2.56,Other
Morocco,MAR,2011,5.52464523319847,0.9069249096918,8.91,Africa
Monaco,MCO,2011,7.02235694617619,,,Other
Moldova,MDA,2011,5.81816614684824,7.68725103356181,2.677,Other
Madagascar,MDG,2011,1.57842705366555,9.48254048582992,2.516,Africa
Maldives,MDV,2011,8.84342600490342,11.2734146055937,10.043,Other
Mexico,MEX,2011,3.44404505297089,3.40737824605742,5.175,Americas
Marshall Islands,MHL,2011,-0.502512562814076,,,Other
North Macedonia,MKD,2011,2.33988604520331,3.9047542206974,31.502,Other
Mali,MLI,2011,2.93537897118415,2.95564395229392,1.403,Africa
Malta,MLT,2011,0.992201768011597,2.9629852819288,6.388,Other
Myanmar,MMR,2011,5.59148237823661,5.0214601462073,0.749,Asia
Montenegro,MNE,2011,3.40978812497193,3.4501431124869,19.759,Other
Mongolia,MNG,2011,17.2907775869555,8.41121495327101,4.769,Asia
Northern Mariana Islands,MNP,2011,-7.38423028785982,,,Other
Mozambique,MOZ,2011,7.13405842300445,11.1666056127874,3.295,Africa
Mauritania,MRT,2011,4.17278328304418,5.68631959575954,9.976,Other
Mauritius,MUS,2011,4.14555262561014,6.52249254869341,7.447,Other
Malawi,MWI,2011,4.93266999813729,7.6228226284852,4.829,Other
Malaysia,MYS,2011,5.29391283414003,3.1744709215131,3.05,Asia
Namibia,NAM,2011,5.09133813864338,5.005595180812,19.481,Other
New Caledonia,NCL,2011,,2.42899693753383,13.988,Other
Niger,NER,2011,2.35775693603874,2.9423851401332,0.316,Africa
Nigeria,NGA,2011,5.30792420293915,10.8261371880018,3.77,Africa
Nicaragua,NIC,2011,6.31668553491842,8.082387980991,6.613,Americas
Netherlands,NLD,2011,1.77330320575034,2.34107017751373,4.977,Europe
Norway,NOR,2011,1.38505117083945,1.2849515880916,3.196,Europe
Nepal,NPL,2011,3.42180870116162,9.2270754612596,10.627,Asia
Naoero,NRU,2011,14.7058823529412,0.3003003003003,,Other
New Zealand,NZL,2011,2.1445004445998,4.0279066739204,6.491,Oceania
Oman,OMN,2011,2.89460973541192,4.0421886711639,3.95,Middle East
Pakistan,PAK,2011,2.68011685421705,11.9160927116277,0.796,Asia
Panama,PAN,2011,11.9088772249531,5.87580243678763,4.03,Americas
Peru,PER,2011,6.32719240161117,3.36931095333853,3.477,Americas
Philippines,PHL,2011,3.85823282795663,4.7184170471842,3.592,Asia
Palau,PLW,2011,4.5453422056307,4.6746987951807,,Other
Papua New Guinea,PNG,2011,1.10754362619616,4.44083401028971,2.62,Oceania
Poland,POL,2011,5.25546256612796,4.23940149625932,9.576,Europe
Puerto Rico (US),PRI,2011,-0.358510636850312,,15.7,Other
"Korea, Dem. People's Rep.",PRK,2011,,,3.516,Other
Portugal,PRT,2011,-1.71352745905065,3.6530110043073,12.715,Europe
Paraguay,PRY,2011,4.28637120702282,8.2539682539683,4.67,Americas
West Bank and Gaza,PSE,2011,9.60080848913594,2.8772435849594,17.597,Other
French Polynesia,PYF,2011,-2.96195745427229,,12.257,Other
Qatar,QAT,2011,13.0214050496923,1.13836623529202,0.56,Middle East
Romania,ROU,2011,4.49558909946313,5.7892532881588,7.177,Europe
Russian Federation,RUS,2011,4.30002918604238,8.4404648593257,6.571,Other
Rwanda,RWA,2011,7.95838869909085,3.0801706924026,11.756,Africa
Saudi Arabia,SAU,2011,11.758820686671,5.8262163739404,5.77,Middle East
Sudan,SDN,2011,-3.21353209253371,18.0966171221351,17.44,Other
Senegal,SEN,2011,1.33409107961258,3.40322829786971,2.853,Africa
Singapore,SGP,2011,6.21493416858989,5.25115624639373,3.89,Other
Solomon Islands,SLB,2011,7.43023752099302,7.34270706018,1.292,Oceania
Sierra Leone,SLE,2011,8.10065518714917,6.79138291952621,4.388,Other
El Salvador,SLV,2011,3.80688113429295,5.1289237668161,4.297,Americas
San Marino,SMR,2011,-8.3147735708983,2.89979584300123,,Other
"Somalia, Fed. Rep.",SOM,2011,6.69435192567755,,18.761,Other
Serbia,SRB,2011,0.0542724836581954,11.1373976342129,22.959,Other
South Sudan,SSD,2011,-4.64031673600859,46.8521757193597,12.585,Other
Sao Tome and Principe,STP,2011,1.99943210333259,14.3271667616801,14.229,Other
Suriname,SUR,2011,5.84936767173009,17.7117796414558,7.54,Other
Slovak Republic,SVK,2011,2.56242473215553,3.91928599146291,13.634,Other
Slovenia,SVN,2011,0.655438128379743,1.8028517194191,8.166,Other
Sweden,SWE,2011,3.16388567406926,2.9611507382214,7.804,Europe
Eswatini,SWZ,2011,1.83973625916165,6.10742714590251,26.105,Other
Sint Maarten (Dutch part),SXM,2011,4.60000341415395,4.58475435650401,,Other
Seychelles,SYC,2011,9.5097833517957,2.55926772230953,,Other
Syrian Arab Republic,SYR,2011,2.8502205980333,4.7531638888563,8.626,Middle East
Turks and Caicos Islands,TCA,2011,4.62049892978239,,,Other
Chad,TCD,2011,4.49542967058827,2.0292405367826,0.92,Other
Togo,TGO,2011,5.82325622135289,3.5635147290396,1.982,Other
Thailand,THA,2011,0.840132083053334,3.81191694558332,0.66,Asia
Tajikistan,TJK,2011,7.40000059956711,12.4315490430406,7.04,Asia
Turkmenistan,TKM,2011,14.7183120474814,,4.003,Other
Timor-Leste,TLS,2011,5.95855605611087,13.499840238577,3.385,Other
Tonga,TON,2011,6.70369746238768,6.27075302995692,1.594,Oceania
Trinidad and Tobago,TTO,2011,-0.294354409043763,5.1071328926456,3.425,Other
Tunisia,TUN,2011,-2.04663389535644,3.24002842009531,18.334,Other
Turkiye,TUR,2011,10.9799625273598,6.471879671151,9.789,Other
Tuvalu,TUV,2011,7.52010985962886,0.5005807431527,,Other
Tanzania,TZA,2011,7.67215543486064,12.6909694699162,3.47,Africa
Uganda,UGA,2011,9.3916554927176,16.5643496174515,3.523,Other
Ukraine,UKR,2011,5.44528081048476,7.95572466274652,7.851,Europe
Uruguay,URY,2011,5.16213302463606,8.0928320630299,6.307,Americas
United States,USA,2011,1.56440685205419,3.156841568622,8.949,Americas
Uzbekistan,UZB,2011,8.12793681625645,13.7797446476602,4.96,Asia
St. Vincent and the Grenadines,VCT,2011,-0.60627665148327,3.1860311155246,20.006,Other
"Venezuela, RB",VEN,2011,4.12186379928315,26.0902123160959,6.902,Americas
Virgin Islands (U.S.),VIR,2011,-8.20424555364315,,11.337,Other
Viet Nam,VNM,2011,6.41316889681683,18.6777322770706,0.999,Asia
Vanuatu,VUT,2011,3.13980290023437,0.8737931047811,4.811,Oceania
Samoa,WSM,2011,3.84907794660396,5.23541591478434,5.68,Oceania
Kosovo,XKX,2011,6.31981022896761,7.3364177131527,,Other
"Yemen, Rep.",YEM,2011,-12.7148969035133,19.5435617131144,13.311,Middle East
South Africa,ZAF,2011,3.16855627858818,5.0008533879502,24.639,Africa
Zambia,ZMB,2011,5.56925219263019,6.4293968107234,10.548,Other
Zimbabwe,ZWE,2011,14.1939156801139,3.4661297281749,5.368,Other
Aruba,ABW,2012,-1.04079988436683,0.627471992893372,,Other
Afghanistan,AFG,2012,12.7522870926697,6.44121280934117,7.875,Asia
Angola,AGO,2012,8.50312283866612,10.2779049218839,16.539,Africa
Albania,ALB,2012,0.984129880204108,2.03159268395296,13.376,Other
Andorra,AND,2012,-4.97444371853503,,,Other
United Arab Emirates,ARE,2012,4.68325642918792,0.662268900269009,2.323,Middle East
Argentina,ARG,2012,-1.0264204544321,,7.217,Americas
Armenia,ARM,2012,7.20000000096486,2.55802007757907,17.511,Other
American Samoa,ASM,2012,-4.33482810164425,,,Other
Antigua and Barbuda,ATG,2012,3.37314273947959,3.37688044338874,,Other
Australia,AUS,2012,3.95247138119184,1.76278299052228,5.225,Oceania
Austria,AUT,2012,0.628246239479637,2.48567562177015,4.909,Europe
Azerbaijan,AZE,2012,2.20293891708398,1.06621339720303,5.19,Other
Burundi,BDI,2012,4.42303118490126,18.1610453065451,1.593,Other
Belgium,BEL,2012,0.215803612089744,2.83966343445899,7.542,Europe
Benin,BEN,2012,4.811223315688,6.74468253340712,2.458,Other
Burkina Faso,BFA,2012,6.45267237953146,3.8181524025238,3.849,Africa
Bangladesh,BGD,2012,6.52145877906443,6.21750422069284,4.07,Asia
Bulgaria,BGR,2012,0.748814556346105,2.95456829831012,12.27,Other
Bahrain,BHR,2012,3.80302899043062,2.75739669962979,1.2,Middle East
"Bahamas, The",BHS,2012,4.52003886739061,1.97336755976254,14.02,Other
Bosnia and Herzegovina,BIH,2012,-0.821837252962993,2.05267452001717,28.01,Other
Belarus,BLR,2012,1.70785253368828,59.2197360232519,5.962,Other
Belize,BLZ,2012,3.94389321816617,1.30058074547858,8.378,Other
Bermuda,BMU,2012,-5.30529910675297,,,Other
Bolivia,BOL,2012,5.12227560125973,4.51560291399376,2.066,Americas
Brazil,BRA,2012,1.92117598576537,5.40349914036997,7.251,Americas
Barbados,BRB,2012,-2.85797051387257,4.53334753888775,11.59,Other
Brunei Darussalam,BRN,2012,0.913135189664487,0.111766261400307,6.571,Other
Bhutan,BTN,2012,5.16482012683895,10.919656944683,2.05,Other
Botswana,BWA,2012,-0.170857099335691,7.53690261091916,17.916,Other
Central African Republic,CAF,2012,5.05376125356918,5.47829594346117,5.58,Other
Canada,CAN,2012,1.75566133205234,1.51567823124517,7.392,Other
Switzerland,CHE,2012,1.12413575027705,-0.692552018105163,4.491,Europe
Channel Islands,CHI,2012,-5.75366122139113,,8.028,Other
Chile,CHL,2012,6.15534001855494,3.00744840213047,6.79,Americas
China,CHN,2012,7.8578201481217,2.61952432645541,4.58,Asia
Cote d'Ivoire,CIV,2012,7.62041176451649,1.30451119915606,7.223,Africa
Cameroon,CMR,2012,4.62597872209571,2.73529677529539,3.836,Africa
"Congo, Dem. Rep.",COD,2012,8.66859360586926,9.72182806273364,4.485,Other
"Congo, Rep.",COG,2012,9.94715314257564,5.01018773134471,19.491,Other
Colombia,COL,2012,3.91263576716115,3.16930188840055,9.959,Americas
Comoros,COM,2012,3.1684098843342,6.31474450315177,4.091,Other
Cabo Verde,CPV,2012,1.08364848376166,2.54039644167109,11.145,Other
Costa Rica,CRI,2012,4.88259252932575,4.49545314354605,9.11,Americas
Cuba,CUB,2012,3.01490028898772,,3.46,Americas
Curacao,CUW,2012,-0.34895082430242,3.18398746349455,,Other
Cayman Islands,CYM,2012,1.22975365701149,1.18894845245608,,Other
Cyprus,CYP,2012,-3.44738151374587,2.38905410042326,12.097,Other
Czechia,CZE,2012,-0.770668190622743,3.28762306610411,6.979,Europe
Germany,DEU,2012,0.463512036709204,2.00848884782956,5.372,Europe
Djibouti,DJI,2012,,3.73120950756887,26.179,Other
Dominica,DMA,2012,-0.15739179314221,1.3567714780886,,Other
Denmark,DNK,2012,-0.0054323016167074,2.3979148566464,7.798,Europe
Dominican Republic,DOM,2012,2.77567100848816,3.69449707884777,6.722,Americas
Algeria,DZA,2012,2.40000000034432,8.89145091062317,10.97,Africa
Ecuador,ECU,2012,5.783212336172,5.10172180958666,3.235,Americas
"Egypt, Arab Rep.",EGY,2012,2.22619979818487,7.11172943343083,12.597,Africa
Eritrea,ERI,2012,,,5.692,Other
Spain,ESP,2012,-2.86511368637748,2.44612782366809,24.789,Europe
Estonia,EST,2012,3.67201872506541,3.93339987296985,10.021,Other
Ethiopia,ETH,2012,8.64781163513926,23.600417677317,2.252,Africa
Finland,FIN,2012,-1.52284013040689,2.80833622561574,7.689,Europe
Fiji,FJI,2012,1.41131415220703,3.42337523401979,4.375,Oceania
France,FRA,2012,0.183835264973013,1.9541953161351,9.841,Europe
Faroe Islands,FRO,2012,7.08148344487884,,,Other
"Micronesia, Fed. Sts.",FSM,2012,-1.61943319838058,5.01850353045616,,Oceania
Gabon,GAB,2012,5.25107691750407,2.65241828695626,19.661,Other
United Kingdom,GBR,2012,1.52826034721852,2.5732347965453,8.279,Europe
Georgia,GEO,2012,6.57883101954195,-0.943658853270964,19.653,Other
Ghana,GHA,2012,9.2927894063005,11.1863409441067,3.126,Africa
Guinea,GIN,2012,5.91528626133322,15.2262941038638,4.874,Africa
"Gambia, The",GMB,2012,5.24156924630741,4.25432199813899,10.346,Other
Guinea-Bissau,GNB,2012,-1.71286958446419,2.13054580274503,3.135,Other
Equatorial Guinea,GNQ,2012,8.31287184445641,3.65662048278806,7.761,Other
Greece,GRC,2012,-8.33113421099992,1.50152696177758,24.731,Europe
Grenada,GRD,2012,-1.15483816409801,2.41077704021862,,Other
Greenland,GRL,2012,1.39419335955625,,,Other
Guatemala,GTM,2012,2.97470856847661,3.78180754679678,2.765,Americas
Guam,GUM,2012,2.13385063045585,,12.2,Other
Guyana,GUY,2012,5.27633062046809,2.39057526653742,12.029,Other
"Hong Kong SAR, China",HKG,2012,1.70032214482865,4.05390950903844,3.285,Other
Honduras,HND,2012,4.12868774866939,5.19618615531848,3.755,Americas
Croatia,HRV,2012,-2.23702049605232,3.41207349081368,16.046,Other
Haiti,HTI,2012,0.502424403581585,5.01804155429246,14.1,Other
Hungary,HUN,2012,-1.33948446518181,5.65214517088646,11.003,Europe
Indonesia,IDN,2012,6.03005065305615,4.2795142691943,4.468,Asia
Isle of Man,IMN,2012,7.30389108511717,,,Other
India,IND,2012,5.45638755164772,9.47899691419793,7.645,Asia
Ireland,IRL,2012,-0.40502941658977,1.69474116680366,15.451,Other
"Iran, Islamic Rep.",IRN,2012,-3.74717139864109,27.2568127242908,12.275,Middle East
Iraq,IRQ,2012,13.9364301737537,6.0890964159516,7.965,Middle East
Iceland,ISL,2012,1.16931174934061,5.18589988750698,6.0,Other
Israel,ISR,2012,2.40993765217618,1.67553715750052,6.762,Middle East
Italy,ITA,2012,-3.12523877282996,3.04136333226775,10.655,Europe
Jamaica,JAM,2012,-0.613636042132399,6.87397708674309,8.695,Other
Jordan,JOR,2012,2.40465716535539,4.5152295667099,12.2,Middle East
Japan,JPN,2012,1.64893452981225,-0.0440645104432602,4.358,Asia
Kazakhstan,KAZ,2012,4.79999999528297,5.19568369035073,5.29,Asia
Kenya,KEN,2012,4.56867961444982,9.37777003547598,2.678,Africa
Kyrgyz Republic,KGZ,2012,-0.0881501998439376,2.76844236540957,3.786,Other
Cambodia,KHM,2012,7.65025657870362,2.93431609293951,0.505,Asia
Kiribati,KIR,2012,5.80365974645258,-3.04586292775571,,Oceania
St. Kitts and Nevis,KNA,2012,-0.737636737448398,0.816089281562459,,Other
"Korea, Rep.",KOR,2012,2.54766550568242,2.18707104433314,2.812,Asia
Kuwait,KWT,2012,6.62587485078971,3.25514600287211,2.227,Middle East
Lao PDR,LAO,2012,8.02609843461283,4.2551267783209,1.208,Other
Lebanon,LBN,2012,2.56479133680038,6.58147447683677,7.952,Middle East
Liberia,LBR,2012,7.99381444555367,6.83178703418548,2.146,Other
Libya,LBY,2012,86.8267484395784,6.05980392156855,19.03,Other
St. Lucia,LCA,2012,-0.108756148262358,4.17763587102515,19.06,Other
Sri Lanka,LKA,2012,8.6321813769906,7.54291373239437,3.88,Asia
Lesotho,LSO,2012,6.33408374679448,6.05143662139967,15.761,Other
Lithuania,LTU,2012,4.38290584355157,3.08998277055417,13.365,Other
Luxembourg,LUX,2012,1.64971134354685,2.66284165508011,5.03,Other
Latvia,LVA,2012,7.30524057200897,2.25778924374585,15.047,Other
"Macao SAR, China",MAC,2012,9.21747479596735,6.10738928336549,1.97,Other
Morocco,MAR,2012,3.06234368502997,1.28712240079219,8.99,Africa
Monaco,MCO,2012,1.01221841230461,,,Other
Moldova,MDA,2012,-0.589733954762579,4.54633427355302,2.189,Other
Madagascar,MDG,2012,3.01114811621208,5.71384434191053,0.599,Africa
Maldives,MDV,2012,2.38928797963442,10.884695658563,9.134,Other
Mexico,MEX,2012,3.55321076010608,4.11150981070289,4.892,Americas
Marshall Islands,MHL,2012,-1.29068462401796,,,Other
North Macedonia,MKD,2012,-0.456183223607937,3.31605566687647,31.096,Other
Mali,MLI,2012,-1.07239924147837,5.32312847064058,1.462,Africa
Malta,MLT,2012,4.10167460261891,2.37582057760386,6.203,Other
Myanmar,MMR,2012,7.33267044704149,1.46758322674679,0.768,Asia
Montenegro,MNE,2012,-2.48732882965353,4.14524724981119,19.808,Other
Mongolia,MNG,2012,12.3198198494032,14.3303348325838,3.905,Asia
Northern Mariana Islands,MNP,2012,0.810810810810807,,,Other
Mozambique,MOZ,2012,7.9945031610722,2.60245456956618,3.304,Africa
Mauritania,MRT,2012,4.47001318233693,4.90242727217997,9.864,Other
Mauritius,MUS,2012,3.51062090167264,3.85216033315983,7.472,Other
Malawi,MWI,2012,1.90000000072909,21.2712650013779,4.949,Other
Malaysia,MYS,2012,5.47345419253853,1.66357102479206,3.04,Asia
Namibia,NAM,2012,5.0616820696264,6.72199777334886,16.771,Other
New Caledonia,NCL,2012,,1.74967234600262,14.116,Other
Niger,NER,2012,10.5489445763446,0.455089820359289,2.177,Africa
Nigeria,NGA,2012,4.23006117492493,12.2242413020582,3.761,Africa
Nicaragua,NIC,2012,6.4961364710876,7.1935505333896,5.208,Americas
Netherlands,NLD,2012,-0.977826121310997,2.45554765291614,5.821,Europe
Norway,NOR,2012,2.82395673492459,0.696864111498263,3.129,Europe
Nepal,NPL,2012,4.67014192446953,9.45980980357125,10.632,Asia
Naoero,NRU,2012,24.3589743589745,-0.124750499001971,,Other
New Zealand,NZL,2012,2.30256429520961,1.05991318445632,6.931,Oceania
Oman,OMN,2012,8.86312225557018,2.94773495257209,3.753,Middle East
Pakistan,PAK,2012,3.02758391088629,9.68235186055684,3.667,Asia
Panama,PAN,2012,9.62729346439019,5.69819959165993,3.691,Americas
Peru,PER,2012,6.13972470560435,3.61121294940163,3.238,Americas
Philippines,PHL,2012,6.89695171050985,3.02696391124796,3.504,Asia
Palau,PLW,2012,2.06132919740671,3.61418047882138,,Other
Papua New Guinea,PNG,2012,4.65711959686239,4.53720508166972,2.634,Oceania
Poland,POL,2012,1.51178167644575,3.56037151702793,10.031,Europe
Puerto Rico (US),PRI,2012,0.0292751500944064,,14.5,Other
"Korea, Dem. People's Rep.",PRK,2012,,,3.542,Other
Portugal,PRT,2012,-4.05090267621935,2.77333854051576,15.509,Europe
Paraguay,PRY,2012,-0.708043112316886,3.67591897974496,4.085,Americas
West Bank and Gaza,PSE,2012,6.09645656326154,2.77908768282492,19.202,Other
French Polynesia,PYF,2012,-0.927537712532072,,12.134,Other
Qatar,QAT,2012,4.62623675511804,2.31534853431661,0.48,Middle East
Romania,ROU,2012,1.90361696799603,3.33492267693442,6.794,Europe
Russian Federation,RUS,2012,4.0240861571798,5.07474300799149,5.484,Other
Rwanda,RWA,2012,8.64150815708138,10.2710182318876,11.671,Africa
Saudi Arabia,SAU,2012,5.76157382270968,2.86627029905053,5.622,Middle East
Sudan,SDN,2012,-17.0046884048945,35.5590574147024,16.973,Other
Senegal,SEN,2012,4.00299555090457,1.41822871177854,3.896,Africa
Singapore,SGP,2012,4.43549759378537,4.58084479423094,3.72,Other
Solomon Islands,SLB,2012,2.46591837712438,5.91200602491155,0.984,Oceania
Sierra Leone,SLE,2012,10.578331663387,6.58776239392585,4.378,Other
El Salvador,SLV,2012,2.82262371802327,1.72973481581383,3.843,Americas
San Marino,SMR,2012,-7.04453441295546,2.8273322422258,,Other
"Somalia, Fed. Rep.",SOM,2012,6.69435192556698,,18.771,Other
Serbia,SRB,2012,-0.443956070983248,7.33038589596646,24.0,Other
South Sudan,SSD,2012,-46.0821223743007,45.5258978371706,12.803,Other
Sao Tome and Principe,STP,2012,2.94294277416023,10.6379353431628,13.59,Other
Suriname,SUR,2012,2.69034974668847,5.00686319367273,8.1,Other
Slovak Republic,SVK,2012,1.56917104702706,3.6061026352289,13.966,Other
Slovenia,SVN,2012,-2.91553782040462,2.59741386039003,8.841,Other
Sweden,SWE,2012,-0.414397702454409,0.888377506923735,7.976,Europe
Eswatini,SWZ,2012,4.09048190124592,8.93964682788212,25.226,Other
Sint Maarten (Dutch part),SXM,2012,1.39054456773131,4.01518421081576,,Other
Seychelles,SYC,2012,3.1106784939243,7.11037062326403,,Other
Syrian Arab Republic,SYR,2012,-26.338904668983,36.7022953364139,13.8,Middle East
Turks and Caicos Islands,TCA,2012,-2.66655562053364,,,Other
Chad,TCD,2012,9.06180392253447,7.51662364663833,0.886,Other
Togo,TGO,2012,6.30271426865185,2.57718174055848,2.029,Other
Thailand,THA,2012,7.24279620249642,3.00948610403357,0.58,Asia
Tajikistan,TJK,2012,7.49999946321525,5.83116601031462,7.022,Asia
Turkmenistan,TKM,2012,11.0508311776258,,3.994,Other
Timor-Leste,TLS,2012,4.86062186827468,11.8003096701544,3.47,Other
Tonga,TON,2012,0.919761024923076,1.14753853706055,1.638,Oceania
Trinidad and Tobago,TTO,2012,6.71074625448722,9.26028137068292,3.718,Other
Tunisia,TUN,2012,4.21667711535632,4.6118443220664,17.63,Other
Turkiye,TUR,2012,4.80762696633448,8.89156996512163,9.21,Other
Tuvalu,TUV,2012,-2.8527626821171,,,Other
Tanzania,TZA,2012,4.50015356010131,16.0010938506338,3.223,Africa
Uganda,UGA,2012,3.83745560605229,12.6790377224659,3.551,Other
Ukraine,UKR,2012,0.152314967200653,0.568727971803862,7.529,Europe
Uruguay,URY,2012,3.53817872056869,8.09776580573602,6.451,Americas
United States,USA,2012,2.28911339009767,2.06933726526067,8.069,Americas
Uzbekistan,UZB,2012,7.35682138899483,13.2088026688373,4.87,Asia
St. Vincent and the Grenadines,VCT,2012,1.16911218376478,2.59844414147101,19.833,Other
"Venezuela, RB",VEN,2012,5.67986230636832,21.0689956331876,6.601,Americas
Virgin Islands (U.S.),VIR,2012,-14.8125,,11.387,Other
Viet Nam,VNM,2012,5.5045447041189,9.09470339557193,1.027,Asia
Vanuatu,VUT,2012,1.01004768692017,1.34740362877658,4.936,Oceania
Samoa,WSM,2012,-3.73213020890266,2.0490188352116,8.752,Oceania
Kosovo,XKX,2012,1.71219595890548,2.47673782156533,,Other
"Yemen, Rep.",YEM,2012,2.39299021364694,9.88538714484871,13.473,Middle East
South Africa,ZAF,2012,2.39623238465745,5.73797139141739,24.727,Africa
Zambia,ZMB,2012,7.59738104901994,6.57589970757698,7.85,Other
Zimbabwe,ZWE,2012,16.6654290410337,3.72532666110646,5.057,Other
Aruba,ABW,2013,6.43146080719245,-2.37206524252261,,Other
Afghanistan,AFG,2013,5.60074465863221,7.38577178397855,7.921,Asia
Angola,AGO,2013,4.88306129688392,8.77781429332624,16.464,Africa
Albania,ALB,2013,1.7072283175406,1.93762080205223,15.866,Other
Andorra,AND,2013,-3.54759651549344,,,Other
United Arab Emirates,ARE,2013,4.9184505919085,1.1011183637571,2.125,Middle East
Argentina,ARG,2013,2.40532378079436,,7.1,Americas
Armenia,ARM,2013,3.3,5.78966778544651,16.576,Other
American Samoa,ASM,2013,-2.5,,,Other
Antigua and Barbuda,ATG,2013,-0.600982329599361,1.05949782356169,,Other
Australia,AUS,2013,2.65445302592404,2.44988248109259,5.663,Oceania
Austria,AUT,2013,-0.250726423318454,2.00015616900597,5.367,Europe
Azerbaijan,AZE,2013,5.84341590483928,2.41571745279419,4.97,Other
Burundi,BDI,2013,4.92392485117456,7.93795807492418,1.584,Other
Belgium,BEL,2013,0.305494549070232,1.1130959402754,8.425,Europe
Benin,BEN,2013,7.19143372144946,0.428888888888884,2.198,Other
Burkina Faso,BFA,2013,5.79258484509867,0.533738507090536,4.054,Africa
Bangladesh,BGD,2013,6.01360565834344,7.53040640913172,4.426,Asia
Bulgaria,BGR,2013,-0.542753400392826,0.890093540913096,12.941,Other
Bahrain,BHR,2013,5.29262224906203,3.30001156888442,1.184,Middle East
"Bahamas, The",BHS,2013,-2.86320081549439,0.722414784530551,16.18,Other
Bosnia and Herzegovina,BIH,2013,2.34985873172397,-0.0930456838317588,27.49,Other
Belarus,BLR,2013,0.998719299661161,18.3122610377873,5.942,Other
Belize,BLZ,2013,4.06646561608865,0.50974776898322,8.349,Other
Bermuda,BMU,2013,-0.279708545423034,,,Other
Bolivia,BOL,2013,6.79601141268498,5.73640023719607,2.437,Americas
Brazil,BRA,2013,3.00482266944432,6.20431066640101,7.071,Americas
Barbados,BRB,2013,0.195322007310409,1.81410436049096,11.55,Other
Brunei Darussalam,BRN,2013,-2.12478292664558,0.389205053123632,6.709,Other
Bhutan,BTN,2013,1.73634039505693,8.77638345268213,2.87,Other
Botswana,BWA,2013,11.1029068737822,5.88460707056817,18.167,Other
Central African Republic,CAF,2013,-36.3919770983887,6.98879341970198,5.566,Other
Canada,CAN,2013,2.32581356612762,0.938291897815317,7.143,Other
Switzerland,CHE,2013,1.83612392927999,-0.217323155115673,4.747,Europe
Channel Islands,CHI,2013,0.493931120528785,,8.572,Other
Chile,CHL,2013,3.30850824710085,1.7895555398459,6.361,Americas
China,CHN,2013,7.77842954757257,2.62105001748115,4.6,Asia
Cote d'Ivoire,CIV,2013,10.7602131311256,2.58117037252936,4.255,Africa
Cameroon,CMR,2013,4.99552916130783,2.05034718001741,3.686,Africa
"Congo, Dem. Rep.",COD,2013,17.5159124688348,0.808223101487111,4.469,Other
"Congo, Rep.",COG,2013,-0.712434451876447,4.63161619729461,19.845,Other
Colombia,COL,2013,5.13399351995672,2.01699224310383,9.246,Americas
Comoros,COM,2013,4.46624729869704,-4.29487331536756,3.98,Other
Cabo Verde,CPV,2013,0.632136727385131,1.50654285701407,11.398,Other
Costa Rica,CRI,2013,2.49476596233289,5.23133614174428,8.218,Americas
Cuba,CUB,2013,2.74760256257211,,3.29,Americas
Curacao,CUW,2013,-0.635696907591139,1.33232086152117,,Other
Cayman Islands,CYM,2013,1.27933101999021,2.16061146813391,,Other
Cyprus,CYP,2013,-6.58747751118347,-0.399357676464425,16.131,Other
Czechia,CZE,2013,-0.0418124160447491,1.4382978723404,6.953,Europe
Germany,DEU,2013,0.396995583779145,1.50472330251876,5.316,Europe
Djibouti,DJI,2013,,2.70603242872186,26.149,Other
Dominica,DMA,2013,0.0045039972976042,-0.0464116468805992,,Other
Denmark,DNK,2013,1.39267343161971,0.789071780078062,7.384,Europe
Dominican Republic,DOM,2013,4.93473300709881,4.830950967408,7.351,Americas
Algeria,DZA,2013,2.60000000061164,3.25423910998847,9.82,Africa
Ecuador,ECU,2013,7.21123653679159,2.72177577710371,3.083,Americas
"Egypt, Arab Rep.",EGY,2013,2.18546605363386,9.46971981064921,13.154,Africa
Eritrea,ERI,2013,,,5.624,Other
Spain,ESP,2013,-1.42732224757626,1.40858109183009,26.094,Europe
Estonia,EST,2013,1.75649379621869,2.78056658954988,8.631,Other
Ethiopia,ETH,2013,10.5822700502552,7.46402192944517,2.251,Africa
Finland,FIN,2013,-0.979741024949618,1.4782861568881,8.193,Europe
Fiji,FJI,2013,4.7342203729816,2.91354193603992,4.356,Oceania
France,FRA,2013,0.781756446231,0.863715497861804,9.913,Europe
Faroe Islands,FRO,2013,5.85614389735763,,,Other
"Micronesia, Fed. Sts.",FSM,2013,-3.70370370370371,1.75232737350762,,Oceania
Gabon,GAB,2013,5.63869900338696,0.505441058915615,19.736,Other
United Kingdom,GBR,2013,1.71846961308464,2.29166666666659,7.752,Europe
Georgia,GEO,2013,5.13288531209382,-0.512058410947092,19.416,Other
Ghana,GHA,2013,7.31252501678145,11.6661923071729,2.173,Africa
Guinea,GIN,2013,3.94568708624053,11.8875884481828,4.944,Africa
"Gambia, The",GMB,2013,2.872768790327,5.69912989637382,9.454,Other
Guinea-Bissau,GNB,2013,3.25607190852087,1.20712555668405,3.173,Other
Equatorial Guinea,GNQ,2013,-4.13319850131583,2.94887694639662,7.675,Other
Greece,GRC,2013,-2.27211699888024,-0.921269454256994,27.686,Europe
Grenada,GRD,2013,2.35109801677905,-0.0439997864828058,,Other
Greenland,GRL,2013,-1.29828069335511,,,Other
Guatemala,GTM,2013,3.69476814623695,4.34337131279521,3.017,Americas
Guam,GUM,2013,1.69040835707501,,11.5,Other
Guyana,GUY,2013,3.65338433338232,1.9111250917408,12.296,Other
"Hong Kong SAR, China",HKG,2013,3.10155262780289,4.33799342105267,3.4,Other
Honduras,HND,2013,2.79155975746801,5.16189898581494,5.646,Americas
Croatia,HRV,2013,-0.132561080066893,2.21658206429779,17.231,Other
Haiti,HTI,2013,4.32478411472874,4.76502404779142,13.704,Other
Hungary,HUN,2013,2.03216990678146,1.73319984983101,10.177,Europe
Indonesia,IDN,2013,5.5572636889101,6.41249457900391,4.336,Asia
Isle of Man,IMN,2013,4.14186158753493,,,Other
India,IND,2013,6.38610640091713,10.0178784746104,7.678,Asia
Ireland,IRL,2013,2.1929375750029,0.515099484900573,13.735,Other
"Iran, Islamic Rep.",IRN,2013,-1.52197920494184,36.6030355191029,10.595,Middle East
Iraq,IRQ,2013,7.62828592298754,1.87949800749416,9.222,Middle East
Iceland,ISL,2013,3.59695697128252,3.8722792374824,5.376,Other
Israel,ISR,2013,4.09013743330735,1.58976347421476,6.137,Middle East
Italy,ITA,2013,-1.81802510749792,1.21999342274306,12.149,Europe
Jamaica,JAM,2013,0.517686011311724,9.34150076569673,9.698,Other
Jordan,JOR,2013,2.72311205964112,4.82462314269537,12.6,Middle East
Japan,JPN,2013,1.99727653399265,0.335037912184741,4.038,Asia
Kazakhstan,KAZ,2013,5.99999999671084,5.94283871648418,5.2,Asia
Kenya,KEN,2013,3.7978483925754,5.71749357037733,2.762,Africa
Kyrgyz Republic,KGZ,2013,10.9154694528045,6.61375202358082,3.881,Other
Cambodia,KHM,2013,7.8574997554252,2.94162509547349,0.438,Asia
Kiribati,KIR,2013,7.73092188699647,-1.488059084681,,Oceania
St. Kitts and Nevis,KNA,2013,5.72728087234704,1.10698554000129,,Other
"Korea, Rep.",KOR,2013,3.2913959543442,1.30134754547413,3.067,Asia
Kuwait,KWT,2013,1.14946552780648,2.68229684085039,2.465,Middle East
Lao PDR,LAO,2013,8.02630022699017,6.37142717782947,1.469,Other
Lebanon,LBN,2013,3.8278734986016,4.82101956297399,8.477,Middle East
Liberia,LBR,2013,8.68728781639683,7.577306817414,2.08,Other
Libya,LBY,2013,-17.9979615745681,2.60581802719517,19.311,Other
St. Lucia,LCA,2013,-1.81877603735991,1.46856511035428,22.21,Other
Sri Lanka,LKA,2013,4.0517463303875,6.90845034828452,4.186,Asia
Lesotho,LSO,2013,1.79252555575545,4.86511899496385,15.926,Other
Lithuania,LTU,2013,4.04691318575325,1.04747937065344,11.77,Other
Luxembourg,LUX,2013,3.17168513780955,1.73403963519162,6.045,Other
Latvia,LVA,2013,2.09609028156248,-0.029454778257828,11.867,Other
"Macao SAR, China",MAC,2013,10.7816711590297,5.50057779178484,1.82,Other
Morocco,MAR,2013,4.12221286860944,1.88065466724086,9.23,Africa
Monaco,MCO,2013,9.57709832354816,,,Other
Moldova,MDA,2013,9.0438656074181,4.59787897363136,1.894,Other
Madagascar,MDG,2013,2.30037622800727,5.8264294445198,0.995,Africa
Maldives,MDV,2013,6.97496226412528,3.8056300091943,8.295,Other
Mexico,MEX,2013,0.852101550164704,3.80639069747204,4.921,Americas
Marshall Islands,MHL,2013,3.80898237635019,,,Other
North Macedonia,MKD,2013,2.92525766450484,2.78500056726109,29.017,Other
Mali,MLI,2013,3.29068742053545,-0.606736356351563,1.517,Africa
Malta,MLT,2013,6.29233378116625,1.1802843636655,6.115,Other
Myanmar,MMR,2013,8.42600102501767,5.64303883425501,0.775,Asia
Montenegro,MNE,2013,3.38612548540247,2.20589268141178,19.585,Other
Mongolia,MNG,2013,11.6489161878925,10.4906567588241,4.231,Asia
Northern Mariana Islands,MNP,2013,2.68096514745308,,,Other
Mozambique,MOZ,2013,6.57141389665537,4.26135250941963,3.345,Africa
Mauritania,MRT,2013,4.15081318627171,4.12910173783393,9.926,Other
Mauritius,MUS,2013,3.39755085220649,3.54329573934839,7.322,Other
Malawi,MWI,2013,5.41034999817167,27.2833333333334,4.978,Other
Malaysia,MYS,2013,4.69372252557893,2.10501231233612,3.14,Asia
Namibia,NAM,2013,5.61471962254485,5.60092502290401,19.028,Other
New Caledonia,NCL,2013,,1.27761318992718,14.39,Other
Niger,NER,2013,5.31513063394726,2.29723114955317,1.401,Africa
Nigeria,NGA,2013,6.67133539308232,8.49551838265678,3.711,Africa
Nicaragua,NIC,2013,4.92709413447304,7.13546785289407,5.28,Americas
Netherlands,NLD,2013,-0.0302410184270769,2.50689852657875,7.241,Europe
Norway,NOR,2013,1.27290177696287,2.12048620353112,3.425,Europe
Nepal,NPL,2013,3.52515317129149,9.04016311917645,10.666,Asia
Naoero,NRU,2013,4.12371134020613,,,Other
New Zealand,NZL,2013,2.5648360739867,1.13442266445817,5.839,Oceania
Oman,OMN,2013,5.22770408145942,1.05354820265932,3.553,Middle East
Pakistan,PAK,2013,4.36686504978387,7.69215611899565,2.954,Asia
Panama,PAN,2013,6.32435388662846,4.02715991571061,3.674,Americas
Peru,PER,2013,5.85251821084928,2.76789666082002,3.575,Americas
Philippines,PHL,2013,6.75053130142255,2.58268766141795,3.497,Asia
Palau,PLW,2013,-1.39368330622723,3.35481004221287,,Other
Papua New Guinea,PNG,2013,3.82494632800675,4.9603174603175,2.698,Oceania
Poland,POL,2013,0.684240607051805,0.991982606332335,10.293,Europe
Puerto Rico (US),PRI,2013,-0.306826666941774,,14.3,Other
"Korea, Dem. People's Rep.",PRK,2013,,,3.567,Other
Portugal,PRT,2013,-0.984106574148328,0.274416666666663,16.237,Europe
Paraguay,PRY,2013,8.29307648940471,2.68385738718582,4.385,Americas
West Bank and Gaza,PSE,2013,4.69856986552234,1.72439933626931,19.894,Other
French Polynesia,PYF,2013,0.398801414346934,,12.027,Other
Qatar,QAT,2013,4.43070196521455,3.22197756829293,0.28,Middle East
Romania,ROU,2013,0.278771877470234,3.9847123554813,7.096,Europe
Russian Federation,RUS,2013,1.75542214916291,6.75466833903486,5.513,Other
Rwanda,RWA,2013,4.71984856950924,5.92426867984854,11.768,Africa
Saudi Arabia,SAU,2013,2.94563789152025,3.51104209799866,5.6,Middle East
Sudan,SDN,2013,1.95514463302422,36.5223449139154,16.273,Other
Senegal,SEN,2013,2.41238527605579,0.710245486695176,5.012,Africa
Singapore,SGP,2013,4.81763099120676,2.36439793742726,3.86,Other
Solomon Islands,SLB,2013,5.23744704670068,5.3913638858756,0.694,Oceania
Sierra Leone,SLE,2013,14.6633238075229,5.52412877994266,4.376,Other
El Salvador,SLV,2013,2.23562439198375,0.757669184522973,3.693,Americas
San Marino,SMR,2013,-0.78397212543554,1.60439298078082,,Other
"Somalia, Fed. Rep.",SOM,2013,10.9592986164311,,18.655,Other
Serbia,SRB,2013,0.451578805330726,7.69426362896655,22.154,Other
South Sudan,SSD,2013,13.1297311406943,-0.0580909784225664,12.665,Other
Sao Tome and Principe,STP,2013,5.11967735428513,8.10583270875476,12.476,Other
Suriname,SUR,2013,2.9334416518612,1.92343604108305,6.6,Other
Slovak Republic,SVK,2013,0.703323545247201,1.40047368963025,14.226,Other
Slovenia,SVN,2013,-0.823776417691676,1.76920085881897,10.103,Other
Sweden,SWE,2013,1.13766671801426,-0.044292970148682,8.052,Europe
Eswatini,SWZ,2013,4.09458522119226,5.62130623468948,24.556,Other
Sint Maarten (Dutch part),SXM,2013,1.30673103459678,2.5286478853837,,Other
Seychelles,SYC,2013,1.25373496242949,4.33893848329099,,Other
Syrian Arab Republic,SYR,2013,-26.3002577493205,40.0318378290723,14.5,Middle East
Turks and Caicos Islands,TCA,2013,1.07088049554032,,,Other
Chad,TCD,2013,2.83821524730293,0.222671564624551,0.955,Other
Togo,TGO,2013,5.82425069283059,1.82539475909162,2.084,Other
Thailand,THA,2013,2.68749556320556,2.18617704418967,0.249,Asia
Tajikistan,TJK,2013,7.39999974700379,5.00964645344951,7.019,Asia
Turkmenistan,TKM,2013,10.1628450365084,,3.993,Other
Timor-Leste,TLS,2013,3.10436683211147,11.0849085109954,3.57,Other
Tonga,TON,2013,0.393922530137331,0.77562932236742,1.75,Oceania
Trinidad and Tobago,TTO,2013,3.36819291689019,5.19981740465611,2.683,Other
Tunisia,TUN,2013,2.42993096446429,5.31623531326689,15.934,Other
Turkiye,TUR,2013,8.48825689298511,7.49309030547693,9.713,Other
Tuvalu,TUV,2013,3.80502330116951,,,Other
Tanzania,TZA,2013,6.78158560065316,7.87072364573959,2.93,Africa
Uganda,UGA,2013,3.58690582623025,4.90520875694557,1.91,Other
Ukraine,UKR,2013,0.045439094492707,-0.238948626045407,7.17,Europe
Uruguay,URY,2013,4.63753862902416,8.57513504005397,6.444,Americas
United States,USA,2013,2.11783009443471,1.46483265562717,7.375,Americas
Uzbekistan,UZB,2013,7.9217749261021,11.8414333622049,4.86,Asia
St. Vincent and the Grenadines,VCT,2013,2.4624841721544,0.805127804267928,19.356,Other
"Venezuela, RB",VEN,2013,1.30293159609121,40.6394275161589,7.54,Americas
Virgin Islands (U.S.),VIR,2013,-6.28515529469308,,11.802,Other
Viet Nam,VNM,2013,5.55351081026072,6.59267475899192,1.316,Asia
Vanuatu,VUT,2013,0.463390415135436,1.45893371757921,5.038,Oceania
Samoa,WSM,2013,0.107293276488932,0.61008572090503,8.772,Oceania
Kosovo,XKX,2013,5.34079911900278,1.76732428354892,,Other
"Yemen, Rep.",YEM,2013,4.82351908493912,10.9684421500198,13.673,Middle East
South Africa,ZAF,2013,2.48546800826588,5.78016910069176,24.561,Africa
Zambia,ZMB,2013,5.05753695047252,6.97767605490307,7.272,Other
Zimbabwe,ZWE,2013,1.98948554025198,1.63495041543822,4.948,Other
Aruba,ABW,2014,1.42609951155575,0.421440918881214,,Other
Afghanistan,AFG,2014,2.72454336219565,4.67399603536345,7.915,Asia
Angola,AGO,2014,4.65572356315585,7.28038730361121,16.372,Africa
Albania,ALB,2014,2.24022695382642,1.62586504402614,18.055,Other
Andorra,AND,2014,2.50446552114518,,,Other
United Arab Emirates,ARE,2014,4.63291785879667,2.34626865671643,1.999,Middle East
Argentina,ARG,2014,-2.51261532081394,,7.268,Americas
Armenia,ARM,2014,3.60000000058993,2.98130868933672,17.498,Other
American Samoa,ASM,2014,1.76282051282051,,,Other
Antigua and Barbuda,ATG,2014,2.19829188738797,1.08944157435355,,Other
Australia,AUS,2014,2.60118978187332,2.48792932080492,6.078,Oceania
Austria,AUT,2014,0.755798850316665,1.60581182954474,5.674,Europe
Azerbaijan,AZE,2014,2.79758521448559,1.37344181533176,4.91,Other
Burundi,BDI,2014,4.24490803087248,4.40535234185293,1.572,Other
Belgium,BEL,2014,1.76554038149924,0.340002833356922,8.523,Europe
Benin,BEN,2014,6.35767909791932,-0.548757550948181,1.952,Other
Burkina Faso,BFA,2014,4.32684561452976,-0.258089517535291,4.255,Africa
Bangladesh,BGD,2014,6.0610593588495,6.99163889220849,4.417,Asia
Bulgaria,BGR,2014,0.949449772002041,-1.4181838026484,11.424,Other
Bahrain,BHR,2014,4.30885692657077,2.64755321246189,1.144,Middle East
"Bahamas, The",BHS,2014,1.8469701294558,1.51375643050831,13.8,Other
Bosnia and Herzegovina,BIH,2014,1.15384793371298,-0.897194054194333,27.517,Other
Belarus,BLR,2014,1.65112470228097,18.1195543526734,5.908,Other
Belize,BLZ,2014,3.89226067249989,1.20139964481058,8.244,Other
Bermuda,BMU,2014,-3.70106759364258,,,Other
Bolivia,BOL,2014,5.46056949136766,5.76660074579144,2.021,Americas
Brazil,BRA,2014,0.503955740242247,6.32904015516139,6.755,Americas
Barbados,BRB,2014,0.807325350394564,1.76950322089729,12.17,Other
Brunei Darussalam,BRN,2014,-2.50788727590711,-0.207108731719822,6.862,Other
Bhutan,BTN,2014,5.88108550658288,8.27106093949328,2.63,Other
Botswana,BWA,2014,5.69714422072884,4.40225309243427,18.484,Other
Central African Republic,CAF,2014,0.0810705153264877,14.898684179755,5.633,Other
Canada,CAN,2014,2.87346675579731,1.90663590717861,7.023,Other
Switzerland,CHE,2014,2.54342347675991,-0.0132025387515946,4.826,Europe
Channel Islands,CHI,2014,2.42710178482311,,8.319,Other
Chile,CHL,2014,1.79264947139259,4.71867527854672,6.761,Americas
China,CHN,2014,7.46100735778161,1.92164162788521,4.63,Asia
Cote d'Ivoire,CIV,2014,9.37199994240375,0.448682076766141,3.274,Africa
Cameroon,CMR,2014,5.71981814509198,1.85489850366777,3.534,Africa
"Congo, Dem. Rep.",COD,2014,7.30227750870263,1.24303889760803,4.436,Other
"Congo, Rep.",COG,2014,6.64606540928447,0.912139545450097,19.696,Other
Colombia,COL,2014,4.49903000110972,2.89883787761738,8.799,Americas
Comoros,COM,2014,2.10665760321017,7.54755379096711,3.984,Other
Cabo Verde,CPV,2014,0.696666840118581,-0.238778144990624,11.689,Other
Costa Rica,CRI,2014,3.54210997703849,4.51920098516954,8.499,Americas
Cuba,CUB,2014,1.04757663187654,,2.7,Americas
Curacao,CUW,2014,-0.637397373327133,1.4987396961643,,Other
Cayman Islands,CYM,2014,2.65452798451271,1.27397911533388,,Other
Cyprus,CYP,2014,-1.77605867728616,-1.35498885446315,16.277,Other
Czechia,CZE,2014,2.24521219862635,0.343988589646794,6.108,Europe
Germany,DEU,2014,2.18018602168017,0.906794000434246,4.979,Europe
Djibouti,DJI,2014,7.19298728463697,1.34186494340162,26.16,Other
Dominica,DMA,2014,2.33521742067693,0.799250372687492,,Other
Denmark,DNK,2014,1.27799983192831,0.56402054044954,6.925,Europe
Dominican Republic,DOM,2014,7.11122629673892,2.99864226125219,6.719,Americas
Algeria,DZA,2014,4.09999999866501,2.91692692067458,10.207,Africa
Ecuador,ECU,2014,4.22606520388456,3.58922016616663,3.48,Americas
"Egypt, Arab Rep.",EGY,2014,2.91591188052836,10.0702154687481,13.105,Africa
Eritrea,ERI,2014,,,5.637,Other
Spain,ESP,2014,1.52048593647231,-0.151114837527235,24.441,Europe
Estonia,EST,2014,3.32278988182702,-0.10617514652171,7.352,Other
Ethiopia,ETH,2014,10.2574929627477,6.89001951597192,2.361,Africa
Finland,FIN,2014,-0.4780684247837,1.0411962117843,8.663,Europe
Fiji,FJI,2014,5.60351397766961,0.519306474579107,4.323,Oceania
France,FRA,2014,0.997832947295251,0.50775882293799,10.273,Europe
Faroe Islands,FRO,2014,5.43214206841004,,,Other
"Micronesia, Fed. Sts.",FSM,2014,-2.56410256410257,0.650284891767944,,Oceania
Gabon,GAB,2014,4.31496444107469,4.69045751826284,19.873,Other
United Kingdom,GBR,2014,3.16017351468152,1.45112016293279,6.398,Europe
Georgia,GEO,2014,4.09049059581743,3.06881210379543,17.439,Other
Ghana,GHA,2014,2.85624016330883,15.4896160333318,4.403,Africa
Guinea,GIN,2014,3.69655311664086,6.1505055670642,5.044,Africa
"Gambia, The",GMB,2014,-1.40738249510954,5.94799935696626,8.191,Other
Guinea-Bissau,GNB,2014,0.964525745841428,-1.50924460570494,3.285,Other
Equatorial Guinea,GNQ,2014,0.415066301596866,4.30999866149107,7.669,Other
Greece,GRC,2014,0.792225060962835,-1.31226096405506,26.708,Europe
Grenada,GRD,2014,7.34212396037948,-0.98360305555498,,Other
Greenland,GRL,2014,4.7421356730152,,,Other
Guatemala,GTM,2014,4.44397825774911,3.4183616966296,2.717,Americas
Guam,GUM,2014,1.79305192379529,,7.6,Other
Guyana,GUY,2014,1.68649445019584,0.683700250354637,12.637,Other
"Hong Kong SAR, China",HKG,2014,2.76241378329884,4.42364532019699,3.296,Other
Honduras,HND,2014,3.0580805621437,6.12924930313031,7.078,Americas
Croatia,HRV,2014,-0.559537666687092,-0.215196159576176,17.209,Other
Haiti,HTI,2014,2.88877250863379,3.43816659958601,13.808,Other
Hungary,HUN,2014,4.33435364113967,-0.227566270988219,7.725,Europe
Indonesia,IDN,2014,5.006668425755,6.39492882396559,4.049,Asia
Isle of Man,IMN,2014,5.15509983748599,,,Other
India,IND,2014,7.41022760516977,6.66565671867899,7.656,Asia
Ireland,IRL,2014,9.38579335130922,0.190916398713745,11.858,Other
"Iran, Islamic Rep.",IRN,2014,4.98477506709476,16.6065532357449,10.68,Middle East
Iraq,IRQ,2014,2.26368817563613,2.23597407904726,10.59,Middle East
Iceland,ISL,2014,1.91381613095174,2.04461481539342,4.897,Other
Israel,ISR,2014,3.718144149431,0.467557251908503,5.789,Middle East
Italy,ITA,2014,-0.0013876173045446,0.241047429826756,12.683,Europe
Jamaica,JAM,2014,0.689822359762587,8.27407886231419,9.046,Other
Jordan,JOR,2014,3.32287328047509,2.89947905006057,11.9,Middle East
Japan,JPN,2014,0.905915486065865,2.75922671353253,3.589,Asia
Kazakhstan,KAZ,2014,4.20000000566705,6.84944977003358,5.06,Asia
Kenya,KEN,2014,5.02011100232484,6.87815499275949,2.767,Africa
Kyrgyz Republic,KGZ,2014,4.02403863083252,7.5342472977589,4.02,Other
Cambodia,KHM,2014,8.00032074618566,3.85568861424207,0.692,Asia
Kiribati,KIR,2014,1.26366268044595,2.10398520925043,,Oceania
St. Kitts and Nevis,KNA,2014,7.57696602328922,0.247865392364942,,Other
"Korea, Rep.",KOR,2014,3.21468019683108,1.27477446401322,3.082,Asia
Kuwait,KWT,2014,0.500914669444924,2.90892672858625,2.9,Middle East
Lao PDR,LAO,2014,7.61196343979319,4.12924306873771,1.733,Other
Lebanon,LBN,2014,2.48406010500743,1.8546042134091,8.84,Middle East
Liberia,LBR,2014,0.701393100287518,9.86111285574904,2.079,Other
Libya,LBY,2014,-23.0428058282215,2.43294141599233,19.295,Other
St. Lucia,LCA,2014,1.32809022110105,3.51695551369241,21.583,Other
Sri Lanka,LKA,2014,6.37797889684965,3.1790022823606,4.157,Asia
Lesotho,LSO,2014,1.71054990545476,5.37028961008587,16.066,Other
Lithuania,LTU,2014,3.7725437958099,0.103758009433708,10.698,Other
Luxembourg,LUX,2014,2.62308838097542,0.628543985440717,6.044,Other
Latvia,LVA,2014,2.0949597710559,0.620490636732421,10.846,Other
"Macao SAR, China",MAC,2014,-2.03874227961819,6.04823452094076,1.67,Other
Morocco,MAR,2014,2.7192440802029,0.442310053557048,9.7,Africa
Monaco,MCO,2014,7.18702777537968,,,Other
Moldova,MDA,2014,4.99962585407656,5.08878554625869,1.45,Other
Madagascar,MDG,2014,3.33920311195367,6.08040811088302,1.385,Africa
Maldives,MDV,2014,7.86068643108074,2.12000175718134,7.461,Other
Mexico,MEX,2014,2.50376350783593,4.01861608078679,4.819,Americas
Marshall Islands,MHL,2014,-1.25958378970427,,,Other
North Macedonia,MKD,2014,3.62912351276373,-0.281705032928494,28.215,Other
Mali,MLI,2014,6.50263878386326,0.883814547137841,1.476,Africa
Malta,MLT,2014,7.6313628225042,0.310306472181665,5.737,Other
Myanmar,MMR,2014,8.16990745558277,4.953299184844,0.763,Asia
Montenegro,MNE,2014,2.37030892464516,-0.710514051710227,18.054,Other
Mongolia,MNG,2014,7.88522548204762,12.2539808129759,4.798,Asia
Northern Mariana Islands,MNP,2014,4.177545691906,,,Other
Mozambique,MOZ,2014,7.70256844839309,2.55974875844295,3.377,Africa
Mauritania,MRT,2014,4.27482327130284,3.53436856147324,10.026,Other
Mauritius,MUS,2014,3.85773905280689,3.21769191994684,7.467,Other
Malawi,MWI,2014,5.62527000105139,23.7920649469687,4.967,Other
Malaysia,MYS,2014,6.00672194558203,3.14299050879095,2.88,Asia
Namibia,NAM,2014,6.09251915977956,5.35016966859602,18.521,Other
New Caledonia,NCL,2014,,0.178851060785511,14.59,Other
Niger,NER,2014,6.64213665495603,-0.930287259984466,0.524,Africa
Nigeria,NGA,2014,6.30971865521856,8.04741087967907,3.9,Africa
Nicaragua,NIC,2014,4.78546013589983,6.03596861798425,4.52,Americas
Netherlands,NLD,2014,1.61255885112396,0.976035079699679,7.419,Europe
Norway,NOR,2014,2.09521388080101,2.04170286707211,3.486,Europe
Nepal,NPL,2014,6.01148284250441,8.36415469659563,10.62,Asia
Naoero,NRU,2014,15.8415841584163,,,Other
New Zealand,NZL,2014,3.81933619307242,1.227507505974,5.428,Oceania
Oman,OMN,2014,1.29225229411081,1.01401483924156,3.453,Middle East
Pakistan,PAK,2014,4.11642817161422,7.18938402847028,1.827,Asia
Panama,PAN,2014,4.62581375565551,2.62652699929143,4.391,Americas
Peru,PER,2014,2.38215737180541,3.41194579807465,3.208,Americas
Philippines,PHL,2014,6.34798748260867,3.59782343864211,3.6,Asia
Palau,PLW,2014,4.21392368136632,4.19174548581256,,Other
Papua New Guinea,PNG,2014,13.5437706216546,5.22211720226841,2.54,Oceania
Poland,POL,2014,3.92050862390032,0.0538213132399802,8.971,Europe
Puerto Rico (US),PRI,2014,-1.19036347346942,,13.9,Other
"Korea, Dem. People's Rep.",PRK,2014,,,3.509,Other
Portugal,PRT,2014,0.741391420706506,-0.278153367467428,13.88,Europe
Paraguay,PRY,2014,5.30123864473624,5.02882767456766,5.034,Americas
West Bank and Gaza,PSE,2014,-0.157866650855297,1.73298510037447,20.526,Other
French Polynesia,PYF,2014,0.593554452942286,,11.894,Other
Qatar,QAT,2014,4.11911527912761,3.34972085659523,0.2,Middle East
Romania,ROU,2014,4.11600109267832,1.06830987684298,6.802,Europe
Russian Federation,RUS,2014,0.736267221403651,7.82016970013845,5.212,Other
Rwanda,RWA,2014,5.66845354233575,2.35449052820358,11.837,Africa
Saudi Arabia,SAU,2014,4.02467158380668,2.24185348779063,5.877,Middle East
Sudan,SDN,2014,4.66137954229873,36.9066427863595,15.41,Other
Senegal,SEN,2014,6.22407443790986,-1.09025507446895,5.849,Africa
Singapore,SGP,2014,3.93554027709007,1.03316955857629,3.74,Other
Solomon Islands,SLB,2014,1.18945509547778,5.16590237925171,0.73,Oceania
Sierra Leone,SLE,2014,-7.81501512457241,4.63931171409667,4.678,Other
El Salvador,SLV,2014,1.70870628357073,1.14134467538233,4.154,Americas
San Marino,SMR,2014,-0.702370500438988,1.11296303373851,,Other
"Somalia, Fed. Rep.",SOM,2014,8.97800590574617,,18.595,Other
Serbia,SRB,2014,-1.80427041681132,2.08244793880154,19.223,Other
South Sudan,SSD,2014,3.37364847715736,1.6742990629552,12.561,Other
Sao Tome and Principe,STP,2014,4.90621048664867,6.99849943966421,11.428,Other
Suriname,SUR,2014,0.255503031645475,3.38341272749477,6.94,Other
Slovak Republic,SVK,2014,2.70795151449488,-0.0761653295419871,11.536,Other
Slovenia,SVN,2014,2.76283327639742,0.199343826570844,9.668,Other
Sweden,SWE,2014,2.29577238758284,-0.179638494114635,7.954,Europe
Eswatini,SWZ,2014,2.05738179246586,5.68134885776447,23.931,Other
Sint Maarten (Dutch part),SXM,2014,1.58038221539113,1.88675466275266,,Other
Seychelles,SYC,2014,4.0636918123521,1.38583454581263,,Other
Syrian Arab Republic,SYR,2014,-10.3103412087823,10.9271141804297,14.782,Middle East
Turks and Caicos Islands,TCA,2014,8.71129580824217,,,Other
Chad,TCD,2014,2.06283074361411,1.6819731392567,0.984,Other
Togo,TGO,2014,5.63323739145223,0.19087507624975,2.141,Other
Thailand,THA,2014,0.984468863619426,1.89455652481545,0.576,Asia
Tajikistan,TJK,2014,6.70000069016253,6.10442765129667,7.024,Asia
Turkmenistan,TKM,2014,10.3497353947965,,4.005,Other
Timor-Leste,TLS,2014,4.47249846569638,0.726275016139465,3.618,Other
Tonga,TON,2014,1.99053769890816,2.51087633253696,1.914,Oceania
Trinidad and Tobago,TTO,2014,3.67086851032413,5.68441814595659,2.477,Other
Tunisia,TUN,2014,3.09032803070775,4.62555099534031,14.259,Other
Turkiye,TUR,2014,4.60079447270559,8.85457271364316,9.901,Other
Tuvalu,TUV,2014,1.66722583350807,,,Other
Tanzania,TZA,2014,6.73246186832483,6.13161432988012,2.125,Africa
Uganda,UGA,2014,5.10630732539796,3.07570668958641,2.357,Other
Ukraine,UKR,2014,-10.0788949840953,12.0718562874251,9.27,Europe
Uruguay,URY,2014,3.23879122952364,8.87735333229828,6.547,Americas
United States,USA,2014,2.52381981757846,1.62222297740817,6.168,Americas
Uzbekistan,UZB,2014,7.71373911707978,9.28309356162695,5.09,Asia
St. Vincent and the Grenadines,VCT,2014,1.1457271877622,0.193858560794015,19.237,Other
"Venezuela, RB",VEN,2014,-3.85852090032154,62.1686499794829,6.821,Americas
Virgin Islands (U.S.),VIR,2014,-1.77453027139875,,11.871,Other
Viet Nam,VNM,2014,6.42224312118567,4.08455446637625,1.256,Asia
Vanuatu,VUT,2014,3.10512947273315,0.798863838097023,5.137,Oceania
Samoa,WSM,2014,0.659923768782861,-0.40681608842489,8.72,Oceania
Kosovo,XKX,2014,3.34880478431623,0.428957808324092,,Other
"Yemen, Rep.",YEM,2014,-0.188690241954504,8.10472583623915,13.467,Middle East
South Africa,ZAF,2014,1.41382645223793,6.13282953059149,24.89,Africa
Zambia,ZMB,2014,4.69328316376705,7.80687553566333,6.576,Other
Zimbabwe,ZWE,2014,2.37698561663417,-0.19778481012661,4.774,Other
Aruba,ABW,2015,3.61147906591042,0.474763597342641,,Other
Afghanistan,AFG,2015,1.45131466066431,-0.661709164713742,9.032,Asia
Angola,AGO,2015,0.763177710914789,9.35597215533784,16.472,Africa
Albania,ALB,2015,2.2277040745779,1.89617402592356,17.193,Other
Andorra,AND,2015,1.43414039522716,,,Other
United Arab Emirates,ARE,2015,7.08766622657654,4.06996608361593,1.793,Middle East
Argentina,ARG,2015,2.73115982828944,,7.577,Americas
Armenia,ARM,2015,3.19999999896625,3.73169119261693,18.261,Other
American Samoa,ASM,2015,3.14960629921259,,,Other
Antigua and Barbuda,ATG,2015,1.42161997595372,0.968993458825638,,Other
Australia,AUS,2015,2.16434780647852,1.50836803138463,6.055,Oceania
Austria,AUT,2015,1.30352331826198,0.89656333526032,5.802,Europe
Azerbaijan,AZE,2015,1.04954641215085,4.02768573742726,4.96,Other
Burundi,BDI,2015,-0.404525595204191,5.54468891259779,1.449,Other
Belgium,BEL,2015,1.47416433731927,0.561429152790158,8.482,Europe
Benin,BEN,2015,1.77815106030278,0.218785923536245,1.886,Other
Burkina Faso,BFA,2015,3.9212287937935,0.724838981070517,4.472,Africa
Bangladesh,BGD,2015,6.55263987816197,6.19428022984984,4.397,Asia
Bulgaria,BGR,2015,3.39755351999294,-0.104633261008479,9.143,Other
Bahrain,BHR,2015,2.50787205267615,1.84862742374977,1.164,Middle East
"Bahamas, The",BHS,2015,0.997411675486745,1.86148302863371,12.0,Other
Bosnia and Herzegovina,BIH,2015,4.28413016137854,-1.03602303425474,27.695,Other
Belarus,BLR,2015,-3.82957056812593,13.5344897649734,5.881,Other
Belize,BLZ,2015,2.7602602736023,-0.861584009427748,7.578,Other
Bermuda,BMU,2015,0.775529699568978,,,Other
Bolivia,BOL,2015,4.85718718508603,4.05961041135645,3.111,Americas
Brazil,BRA,2015,-3.54576339269425,9.02990102416136,8.538,Americas
Barbados,BRB,2015,-0.772620078410995,-1.11278992510958,9.803,Other
Brunei Darussalam,BRN,2015,-0.392383749502031,-0.488347420743522,7.703,Other
Bhutan,BTN,2015,6.66080128866197,4.54814395082205,2.45,Other
Botswana,BWA,2015,-4.85132507409779,3.06203169580558,18.915,Other
Central African Republic,CAF,2015,4.33712103020231,1.40297017136816,5.775,Other
Canada,CAN,2015,0.64997101491096,1.12524136094277,6.945,Other
Switzerland,CHE,2015,1.45450336491099,-1.14390867228178,4.801,Europe
Channel Islands,CHI,2015,0.374367083829384,,7.928,Other
Chile,CHL,2015,2.15194249981184,4.34877353217044,6.605,Americas
China,CHN,2015,6.98162255562367,1.43702380935655,4.65,Asia
Cote d'Ivoire,CIV,2015,7.19494942728191,1.25149954781468,2.573,Africa
Cameroon,CMR,2015,5.66695298703932,2.676235314199,3.518,Africa
"Congo, Dem. Rep.",COD,2015,6.35973756164829,0.74419899478147,4.441,Other
"Congo, Rep.",COG,2015,0.415193061293763,3.16909796750829,20.02,Other
Colombia,COL,2015,2.95590137527523,4.9898311584953,8.572,Americas
Comoros,COM,2015,1.14735632260047,-0.11717388419007,4.031,Other
Cabo Verde,CPV,2015,0.936026507808833,0.131187999024545,11.923,Other
Costa Rica,CRI,2015,3.65208093006359,0.801982005099623,8.415,Americas
Cuba,CUB,2015,4.4383335888395,,2.4,Americas
Curacao,CUW,2015,0.458151544160046,-0.476542049801405,,Other
Cayman Islands,CYM,2015,2.8331222262961,-2.34752770165615,,Other
Cyprus,CYP,2015,3.41892038889013,-2.0969976905312,15.026,Other
Czechia,CZE,2015,4.95875848915604,0.309364548494975,5.048,Europe
Germany,DEU,2015,1.66300602334775,0.514426137125456,4.612,Europe
Djibouti,DJI,2015,7.30898563450799,-0.522166521445793,26.063,Other
Dominica,DMA,2015,-3.37338262476895,-0.84382698463833,,Other
Denmark,DNK,2015,2.10441456445301,0.452034153691575,6.278,Europe
Dominican Republic,DOM,2015,6.98771131236387,0.836746346724557,7.605,Americas
Algeria,DZA,2015,3.20000000089023,4.78444700693889,11.206,Africa
Ecuador,ECU,2015,0.119692109287612,3.96664623255358,3.616,Americas
"Egypt, Arab Rep.",EGY,2015,4.37201907781687,10.370490343517,13.052,Africa
Eritrea,ERI,2015,,,5.751,Other
Spain,ESP,2015,4.06086672473866,-0.500365709903243,22.057,Europe
Estonia,EST,2015,1.83815262882932,-0.49232600654737,6.412,Other
Ethiopia,ETH,2015,10.3924630141307,9.56889955968623,2.442,Africa
Finland,FIN,2015,0.466503766322674,-0.207928839905177,9.376,Europe
Fiji,FJI,2015,4.50120064471365,1.37488542621447,4.288,Oceania
France,FRA,2015,1.06675474783462,0.0375143805125182,10.354,Europe
Faroe Islands,FRO,2015,0.958001934486234,,,Other
"Micronesia, Fed. Sts.",FSM,2015,4.3859649122807,-0.2981158373807,,Oceania
Gabon,GAB,2015,3.8788993950789,-0.338795188753406,19.943,Other
United Kingdom,GBR,2015,2.14040560033371,0.36804684232536,5.552,Europe
Georgia,GEO,2015,3.35102350265353,4.00357820695097,16.506,Other
Ghana,GHA,2015,2.12075933817334,17.1499695007878,6.806,Africa
Guinea,GIN,2015,3.82591056949435,11.7800825029834,5.15,Africa
"Gambia, The",GMB,2015,4.0580738039996,6.8084549457961,7.226,Other
Guinea-Bissau,GNB,2015,6.1340893623123,1.47672048910485,3.168,Other
Equatorial Guinea,GNQ,2015,-9.11004114881537,1.67663085315988,7.778,Other
Greece,GRC,2015,-0.228301892172851,-1.73588804765284,24.981,Europe
Grenada,GRD,2015,6.44522314693144,-0.515448031435329,,Other
Greenland,GRL,2015,-2.52931802394475,,,Other
Guatemala,GTM,2015,4.09217170075418,2.3887203283955,2.506,Americas
Guam,GUM,2015,0.825688073394488,,6.9,Other
Guyana,GUY,2015,0.687404590619494,-0.865401289233742,13.009,Other
"Hong Kong SAR, China",HKG,2015,2.38780116013344,2.99084819322581,3.314,Other
Honduras,HND,2015,3.84007997093951,3.15783117980915,6.147,Americas
Croatia,HRV,2015,2.32056679330526,-0.464499004645003,16.15,Other
Haiti,HTI,2015,1.40000000859727,6.73184069658997,13.785,Other
Hungary,HUN,2015,3.65981615406955,-0.0616446800641672,6.813,Europe
Indonesia,IDN,2015,4.87632230022123,6.36312061196646,4.514,Asia
Isle of Man,IMN,2015,-0.385866882198087,,,Other
India,IND,2015,7.99625378567987,4.90697344127249,7.629,Asia
Ireland,IRL,2015,24.6239856364006,-0.330959783371788,9.908,Other
"Iran, Islamic Rep.",IRN,2015,-1.42488493937503,12.4846815611533,11.166,Middle East
Iraq,IRQ,2015,2.60676642939541,1.39333028780268,10.865,Middle East
Iceland,ISL,2015,3.76859020213645,1.63305558181335,3.979,Other
Israel,ISR,2015,2.23599889603805,-0.617342577642765,5.176,Middle East
Italy,ITA,2015,0.885667635240807,0.0387903996579733,11.896,Europe
Jamaica,JAM,2015,0.92148712399856,3.69154228855725,8.825,Other
Jordan,JOR,2015,2.52261671092148,-0.876851359704049,13.075,Middle East
Japan,JPN,2015,1.79997735783475,0.795279630579839,3.385,Asia
Kazakhstan,KAZ,2015,1.20000000053288,6.67828585615236,4.93,Asia
Kenya,KEN,2015,4.96772112759767,6.58215429284779,2.762,Africa
Kyrgyz Republic,KGZ,2015,3.87582544512439,6.50331838993384,4.138,Other
Cambodia,KHM,2015,7.20703472529512,1.22393195511119,0.393,Asia
Kiribati,KIR,2015,11.2653209431294,0.572015743634256,,Oceania
St. Kitts and Nevis,KNA,2015,0.694135527876625,-2.30187563045616,,Other
"Korea, Rep.",KOR,2015,2.92029267301234,0.70633177245575,3.546,Asia
Kuwait,KWT,2015,0.592770817217982,3.27170166092133,2.2,Middle East
Lao PDR,LAO,2015,7.27006584373785,1.27735427102992,2.006,Other
Lebanon,LBN,2015,0.462320792597581,-3.74914524799629,9.312,Middle East
Liberia,LBR,2015,-0.0185649695590939,7.74869687621322,2.557,Other
Libya,LBY,2015,-0.842656252118843,10.4022933588151,19.69,Other
St. Lucia,LCA,2015,0.101917836412952,-0.983600952696996,20.84,Other
Sri Lanka,LKA,2015,4.20595547501601,3.76836783062096,4.519,Asia
Lesotho,LSO,2015,3.12406678044546,3.21844513655931,16.223,Other
Lithuania,LTU,2015,2.83280643343234,-0.884097405500596,9.12,Other
Luxembourg,LUX,2015,2.26836572735107,0.474743161437871,6.796,Other
Latvia,LVA,2015,3.78336712084972,0.174242243625186,9.873,Other
"Macao SAR, China",MAC,2015,-21.7540078753246,4.56056338028173,1.81,Other
St. Martin (French part),MAF,2015,1.0,,,Other
Morocco,MAR,2015,4.34458297635238,1.5579071134626,9.46,Africa
Monaco,MCO,2015,4.91037176536236,,,Other
Moldova,MDA,2015,-0.338235622387202,9.67624033101859,1.781,Other
Madagascar,MDG,2015,3.13229807490305,7.40419174202129,1.785,Africa
Maldives,MDV,2015,3.86813536494475,0.953206658777607,6.611,Other
Mexico,MEX,2015,2.70232343024026,2.72064064964023,4.311,Americas
Marshall Islands,MHL,2015,1.88574597892401,,,Other
North Macedonia,MKD,2015,3.85586514041738,-0.299920475631462,26.395,Other
Mali,MLI,2015,6.23887890181064,1.45069057605961,1.404,Africa
Malta,MLT,2015,9.62070302842181,1.10054826378929,5.389,Other
Myanmar,MMR,2015,6.99284029026121,9.45417189526018,0.766,Asia
Montenegro,MNE,2015,2.52306333975571,1.54869158222486,17.555,Other
Mongolia,MNG,2015,2.37983580731722,5.73568281938327,4.861,Asia
Northern Mariana Islands,MNP,2015,3.38345864661653,,,Other
Mozambique,MOZ,2015,7.3930936986377,3.55075967356746,3.426,Africa
Mauritania,MRT,2015,5.37633923694936,3.25472688117631,10.104,Other
Mauritius,MUS,2015,3.71766362108832,1.28654970760232,7.41,Other
Malawi,MWI,2015,2.80000000003355,21.8673475542553,4.953,Other
Malaysia,MYS,2015,5.09153242155011,2.10438980238359,3.1,Asia
Namibia,NAM,2015,4.26417453763675,3.39401538410559,20.791,Other
New Caledonia,NCL,2015,,0.570508141048402,13.621,Other
Niger,NER,2015,4.39264883207291,-0.576090369833189,0.556,Africa
Nigeria,NGA,2015,2.65269329541779,9.00943498007706,4.134,Africa
Nicaragua,NIC,2015,4.79226768332697,3.99737996694396,4.7,Americas
Netherlands,NLD,2015,2.12064007193544,0.600248147278776,6.872,Europe
Norway,NOR,2015,2.04428845501438,2.17113665389527,4.296,Europe
Nepal,NPL,2015,3.97605327162971,7.86890895590891,10.643,Asia
Naoero,NRU,2015,3.41880341880281,,,Other
New Zealand,NZL,2015,3.72968312125018,0.292704628136101,5.415,Oceania
Oman,OMN,2015,5.01705799719045,0.0652901330286599,3.403,Middle East
Pakistan,PAK,2015,4.21794209572506,2.52932817254229,3.566,Asia
Panama,PAN,2015,5.26691719595516,0.137492058461588,4.335,Americas
Peru,PER,2015,3.25224477218451,3.39809194746308,3.272,Americas
Philippines,PHL,2015,6.34830971672761,0.674192536845408,3.068,Asia
Palau,PLW,2015,8.57000568228419,0.949040643697081,,Other
Papua New Guinea,PNG,2015,6.57835632304275,5.99595778127107,2.507,Oceania
Poland,POL,2015,4.43176700264478,-0.874125874125862,7.475,Europe
Puerto Rico (US),PRI,2015,-1.04929003238674,,12.0,Other
"Korea, Dem. People's Rep.",PRK,2015,,,3.523,Other
Portugal,PRT,2015,1.58979803702681,0.48793862390472,12.405,Europe
Paraguay,PRY,2015,2.95715168367079,3.12900274473925,4.556,Americas
West Bank and Gaza,PSE,2015,3.72129967114788,1.43161145810476,23.005,Other
French Polynesia,PYF,2015,1.80334081452726,,11.794,Other
Qatar,QAT,2015,4.75334572438737,1.8140772393776,0.17,Middle East
Romania,ROU,2015,3.1570360543854,-0.594156437495203,6.812,Europe
Russian Federation,RUS,2015,-1.9727192264298,15.5343959935701,5.615,Other
Rwanda,RWA,2015,8.87036752872743,2.52850284192421,11.831,Africa
Saudi Arabia,SAU,2015,4.65512316652699,1.22269318552328,5.6,Middle East
Sudan,SDN,2015,1.91017689052751,16.9095706050977,14.39,Other
Senegal,SEN,2015,6.36704365066983,0.135211933635165,6.757,Africa
Singapore,SGP,2015,2.97679931634806,-0.521975611895763,3.79,Other
Solomon Islands,SLB,2015,1.67578612030815,-0.57446928635949,0.736,Oceania
Sierra Leone,SLE,2015,-4.36333262093788,6.68943562498681,4.483,Other
El Salvador,SLV,2015,2.40000008852115,-0.731384487387957,3.998,Americas
San Marino,SMR,2015,2.29150309460655,0.145686073241066,,Other
"Somalia, Fed. Rep.",SOM,2015,10.4621881235147,,18.495,Other
Serbia,SRB,2015,1.2957386351958,1.39235822000187,17.66,Other
South Sudan,SSD,2015,-10.7933646271143,52.7663304192143,12.464,Other
Sao Tome and Principe,STP,2015,1.5397042826735,5.24587835022454,10.591,Other
Suriname,SUR,2015,-3.41304268067621,6.89390359168238,7.22,Other
Slovak Republic,SVK,2015,5.17687909722133,-0.325219777427765,11.492,Other
Slovenia,SVN,2015,2.39330621338168,-0.525552285820783,8.962,Other
Sweden,SWE,2015,4.38824673608589,-0.0467847449832812,7.432,Europe
Eswatini,SWZ,2015,1.70425806017289,4.95124493704919,23.431,Other
Sint Maarten (Dutch part),SXM,2015,0.105813149997005,0.330027165141066,,Other
Seychelles,SYC,2015,8.9140088750469,4.04194410725617,,Other
Syrian Arab Republic,SYR,2015,-4.17969204561759,38.4611429599733,14.244,Middle East
Turks and Caicos Islands,TCA,2015,11.3148293929929,,,Other
Chad,TCD,2015,3.30415979779805,4.37712665065654,1.032,Other
Togo,TGO,2015,5.4680413807304,2.58500390801595,2.204,Other
Thailand,THA,2015,3.13404724911635,-0.898143410569433,0.597,Asia
Tajikistan,TJK,2015,6.01930331771186,5.7145594964971,7.033,Asia
Turkmenistan,TKM,2015,6.45254918531575,,4.016,Other
Timor-Leste,TLS,2015,2.48004040218397,0.552796026277853,3.678,Other
Tonga,TON,2015,1.11374402398066,-1.05399831971283,2.022,Oceania
Trinidad and Tobago,TTO,2015,-0.406283288730492,4.66121598098264,2.428,Other
Tunisia,TUN,2015,0.967834205635981,4.437371273215,15.159,Other
Turkiye,TUR,2015,5.80557386628684,7.67085364845885,10.304,Other
Tuvalu,TUV,2015,9.37896384662504,,,Other
Tanzania,TZA,2015,6.16062877406682,5.58816952959298,2.009,Africa
Uganda,UGA,2015,5.18785986002466,5.58968606251725,2.681,Other
Ukraine,UKR,2015,-9.7729872128676,48.6998646434424,9.14,Europe
Uruguay,URY,2015,0.370741257681345,8.66626987079328,7.488,Americas
United States,USA,2015,2.94555045227337,0.118627135552451,5.28,Americas
Uzbekistan,UZB,2015,7.94477659311639,8.75188196737508,5.15,Asia
St. Vincent and the Grenadines,VCT,2015,2.78509791763551,-1.73361194953959,19.135,Other
"Venezuela, RB",VEN,2015,-6.18729096989966,121.738085297503,6.139,Americas
Virgin Islands (U.S.),VIR,2015,-0.425079702444208,,11.649,Other
Viet Nam,VNM,2015,6.98715430598611,0.631200905175685,1.848,Asia
Vanuatu,VUT,2015,3.50101268962098,2.48326875660439,5.168,Oceania
Samoa,WSM,2015,3.8503618166494,0.724470134874729,8.901,Oceania
Kosovo,XKX,2015,5.91623128345211,-0.536929392740659,,Other
"Yemen, Rep.",YEM,2015,-27.9945462502541,,17.9,Middle East
South Africa,ZAF,2015,1.32186223678229,4.51869094892506,25.149,Africa
Zambia,ZMB,2015,2.92037511217961,10.1105928909618,5.951,Other
Zimbabwe,ZWE,2015,1.77985356392176,-2.43096842383404,5.399,Other
Aruba,ABW,2016,1.23433537363427,-0.93119598707956,,Other
Afghanistan,AFG,2016,2.26031420279821,4.38389195513915,10.116,Asia
Angola,AGO,2016,-0.233076954805284,30.6944150806719,16.572,Africa
Albania,ALB,2016,3.90893551362245,1.27543168367423,15.418,Other
Andorra,AND,2016,3.70967806978986,,,Other
United Arab Emirates,ARE,2016,5.65790147196586,1.61748808904198,1.64,Middle East
Argentina,ARG,2016,-2.08032784377811,,8.088,Americas
Armenia,ARM,2016,0.199999999825991,-1.403607559009,17.617,Other
American Samoa,ASM,2016,-1.67938931297709,,,Other
Antigua and Barbuda,ATG,2016,4.1203675438061,-0.489437796230499,,Other
Australia,AUS,2016,2.75564065529868,1.27699365720306,5.711,Oceania
Austria,AUT,2016,2.11721964494312,0.891591752655362,6.064,Europe
Azerbaijan,AZE,2016,-3.06359842251706,12.4433748584372,5.0,Other
Burundi,BDI,2016,3.20017470408993,5.55768961400965,1.352,Other
Belgium,BEL,2016,1.19350273007754,1.97385264653163,7.83,Europe
Benin,BEN,2016,3.33967342629693,-0.793310145785624,1.834,Other
Burkina Faso,BFA,2016,5.95797670754024,0.441041448058809,4.598,Africa
Bangladesh,BGD,2016,7.11347821270093,5.51352572692995,4.35,Asia
Bulgaria,BGR,2016,3.02662820096305,-0.798649886453617,7.575,Other
Bahrain,BHR,2016,3.81499327422425,2.78679347602044,1.19,Middle East
"Bahamas, The",BHS,2016,-1.15650811269629,-0.346376929989397,12.7,Other
Bosnia and Herzegovina,BIH,2016,3.24225822231566,-1.58400833333336,25.408,Other
Belarus,BLR,2016,-2.5264464460425,11.8365807653497,5.844,Other
Belize,BLZ,2016,-0.0187414958130319,0.663427167917601,7.0,Other
Bermuda,BMU,2016,-0.657206304259205,,,Other
Bolivia,BOL,2016,4.26392086992173,3.62321431764138,3.498,Americas
Brazil,BRA,2016,-3.27591690782192,8.73914352329393,11.58,Americas
Barbados,BRB,2016,1.41632446821541,1.28192813061895,8.247,Other
Brunei Darussalam,BRN,2016,-2.47791771833224,-0.278693265753083,8.537,Other
Bhutan,BTN,2016,8.47594339232963,3.21988689395718,2.707,Other
Botswana,BWA,2016,7.20442475914267,2.81495791361944,19.328,Other
Central African Republic,CAF,2016,4.75031684122342,4.94543276106518,5.793,Other
Canada,CAN,2016,1.03855091989323,1.42875954701085,7.038,Other
Switzerland,CHE,2016,1.91159094214852,-0.434618664285815,4.918,Europe
Channel Islands,CHI,2016,1.21302407657195,,7.469,Other
Chile,CHL,2016,1.753038749071,3.78619355893118,6.926,Americas
China,CHN,2016,6.7736886867727,2.00000182191943,4.56,Asia
Cote d'Ivoire,CIV,2016,7.17275963956332,0.723178457513308,1.896,Africa
Cameroon,CMR,2016,4.53579423678801,0.874190383288856,3.529,Africa
"Congo, Dem. Rep.",COD,2016,0.393832798154563,2.88585107289988,4.528,Other
"Congo, Rep.",COG,2016,-8.68524343913786,3.19056179723773,20.298,Other
Colombia,COL,2016,2.08738250162794,7.51346024627675,8.922,Americas
Comoros,COM,2016,3.3204465548877,0.797517430888487,4.117,Other
Cabo Verde,CPV,2016,4.28071482662371,-1.40781637091706,12.085,Other
Costa Rica,CRI,2016,4.20432320775184,-0.0174788505908217,8.085,Americas
Cuba,CUB,2016,0.512843095700745,,2.0,Americas
Curacao,CUW,2016,-1.06770848655277,-0.0472079848940293,,Other
Cayman Islands,CYM,2016,3.23997433895669,-0.62525835861814,,Other
Cyprus,CYP,2016,6.57359080924678,-1.42916666666665,13.006,Other
Czechia,CZE,2016,2.58087013921376,0.683504209385703,3.952,Europe
Germany,DEU,2016,2.22222216259371,0.491747008445174,4.104,Europe
Djibouti,DJI,2016,7.1234323372872,2.4025290543489,25.982,Other
Dominica,DMA,2016,1.44724556489263,0.141816225732312,,Other
Denmark,DNK,2016,3.07304549209093,0.250000000000031,5.989,Europe
Dominican Republic,DOM,2016,6.71974078681295,1.61416607245223,7.284,Americas
Algeria,DZA,2016,3.90000000017621,6.39769480268757,10.202,Africa
Ecuador,ECU,2016,-0.687954245877947,1.72826463324533,4.597,Americas
"Egypt, Arab Rep.",EGY,2016,4.34664345601914,13.813606214829,12.45,Africa
Eritrea,ERI,2016,,,5.772,Other
Spain,ESP,2016,2.91515598595787,-0.202598000426358,19.635,Europe
Estonia,EST,2016,3.09301920751959,0.148684907627373,6.882,Other
Ethiopia,ETH,2016,9.43348265981905,6.62813337230924,2.556,Africa
Finland,FIN,2016,2.57193414898754,0.356684500891695,8.818,Europe
Fiji,FJI,2016,2.44565202449249,3.86322538221278,4.319,Oceania
France,FRA,2016,0.860031075424033,0.183334861123765,10.057,Europe
Faroe Islands,FRO,2016,1.38644795938293,,,Other
"Micronesia, Fed. Sts.",FSM,2016,1.26050420168067,-1.03746806405349,,Oceania
Gabon,GAB,2016,2.09144220829562,2.10670712784054,20.117,Other
United Kingdom,GBR,2016,2.20652020635357,1.0084173681141,4.909,Europe
Georgia,GEO,2016,3.45021517996871,2.13492713939121,16.604,Other
Ghana,GHA,2016,3.37346574966936,17.4546347070868,5.256,Africa
Guinea,GIN,2016,10.82062719659,8.17268112275132,4.997,Africa
"Gambia, The",GMB,2016,1.94335965478776,7.22879272057922,6.244,Other
Guinea-Bissau,GNB,2016,5.4326782650304,1.50312055861088,3.139,Other
Equatorial Guinea,GNQ,2016,-8.81641723219757,1.41193915479015,7.798,Other
Greece,GRC,2016,-0.0317947678412054,-0.825653978390973,23.514,Europe
Grenada,GRD,2016,3.7396039558691,1.65038994431573,,Other
Greenland,GRL,2016,4.68195410972302,,,Other
Guatemala,GTM,2016,2.6778031930216,4.44844199942827,2.583,Americas
Guam,GUM,2016,0.18198362147406,,5.4,Other
Guyana,GUY,2016,3.80745626378814,0.826177341246544,13.263,Other
"Hong Kong SAR, China",HKG,2016,2.17544820327555,2.40930743862224,3.392,Other
Honduras,HND,2016,3.89297219726413,2.72461223295289,6.727,Americas
Croatia,HRV,2016,3.46613146011039,-1.12500000000002,13.015,Other
Haiti,HTI,2016,1.81246807847532,11.5029073942666,13.902,Other
Hungary,HUN,2016,2.43864141309342,0.394769306686392,5.115,Europe
Indonesia,IDN,2016,5.03306918280177,3.52580452815451,4.301,Asia
Isle of Man,IMN,2016,6.95230284899407,,,Other
India,IND,2016,8.25630550176662,4.94821634062134,7.611,Asia
Ireland,IRL,2016,1.22271661130947,0.0201247735963237,8.374,Other
"Iran, Islamic Rep.",IRN,2016,8.8150866425182,7.24542548952979,12.618,Middle East
Iraq,IRQ,2016,13.7873730187089,0.556521397155548,10.82,Middle East
Iceland,ISL,2016,6.21808764670307,1.69692761997734,2.978,Other
Israel,ISR,2016,4.53601939236572,-0.535168195718695,4.723,Middle East
Italy,ITA,2016,1.23622108511661,-0.09401665691575,11.688,Europe
Jamaica,JAM,2016,2.76043761369557,2.35102197485846,8.634,Other
Jordan,JOR,2016,2.11166806967252,-0.778430463054142,15.275,Middle East
Japan,JPN,2016,0.704986495111257,-0.127258844489754,3.132,Asia
Kazakhstan,KAZ,2016,1.09999999910173,14.3610942386248,4.96,Asia
Kenya,KEN,2016,4.21351706814744,6.29724953814625,2.757,Africa
Kyrgyz Republic,KGZ,2016,4.33585592190116,0.388838296895799,4.294,Other
Cambodia,KHM,2016,7.90550116130704,3.01913975139128,0.716,Asia
Kiribati,KIR,2016,7.08803465778669,1.91731090233378,,Oceania
St. Kitts and Nevis,KNA,2016,3.93270319273282,-0.687037123294039,,Other
"Korea, Rep.",KOR,2016,3.17152748983935,0.971685739912168,3.65,Asia
Kuwait,KWT,2016,2.92607584256388,3.19839776658374,2.16,Middle East
Lao PDR,LAO,2016,7.02283625501138,1.59691227583204,2.634,Other
Lebanon,LBN,2016,1.55454940856943,-0.783359624361508,9.794,Middle East
Liberia,LBR,2016,-1.5549586174878,8.83424868336488,3.081,Other
Libya,LBY,2016,-1.4909411172622,25.853874212446,19.559,Other
St. Lucia,LCA,2016,3.42787214525211,-3.07821765676927,19.932,Other
Sri Lanka,LKA,2016,5.05362488993089,3.9588884659307,4.242,Asia
Lesotho,LSO,2016,3.60890731687714,6.59650490696543,16.138,Other
Lithuania,LTU,2016,2.67192215053329,0.905525075460342,7.862,Other
Luxembourg,LUX,2016,4.97819047122638,0.290833333333225,6.669,Other
Latvia,LVA,2016,2.55168601974034,0.140633334505327,9.643,Other
"Macao SAR, China",MAC,2016,-0.701510212552961,2.36895749705898,1.939,Other
St. Martin (French part),MAF,2016,5.0,,,Other
Morocco,MAR,2016,0.52118550608968,1.63531114327064,9.3,Africa
Monaco,MCO,2016,3.00844358752744,,,Other
Moldova,MDA,2016,4.64601436259409,6.35930898037931,1.591,Other
Madagascar,MDG,2016,3.99314606199499,6.03575858154679,1.949,Africa
Maldives,MDV,2016,6.37528306716864,0.502509413611612,5.771,Other
Mexico,MEX,2016,1.7724932254128,2.8217078474766,3.853,Americas
Marshall Islands,MHL,2016,2.5040827436037,,,Other
North Macedonia,MKD,2016,2.84820519363306,-0.239290787684501,24.312,Other
Mali,MLI,2016,6.00506308559498,-1.79964707083386,1.367,Africa
Malta,MLT,2016,4.07800422216982,0.642702771527304,4.694,Other
Myanmar,MMR,2016,5.86247291518572,6.92882525816076,1.058,Asia
Montenegro,MNE,2016,3.4393056210999,-0.271385023385176,17.732,Other
Mongolia,MNG,2016,1.48978448679577,0.733272227314397,7.235,Asia
Northern Mariana Islands,MNP,2016,29.2121212121212,,,Other
Mozambique,MOZ,2016,4.69699024225795,17.4180418197597,3.65,Africa
Mauritania,MRT,2016,1.26090922448303,1.47171045650004,10.287,Other
Mauritius,MUS,2016,3.88576121076034,0.977675134718965,6.814,Other
Malawi,MWI,2016,2.49999999914311,21.7111132136499,5.011,Other
Malaysia,MYS,2016,4.44978139761541,2.09056659525742,3.44,Asia
Namibia,NAM,2016,0.0337944502063294,6.72858234593338,23.352,Other
New Caledonia,NCL,2016,,0.578317435520754,12.679,Other
Niger,NER,2016,4.28137558478143,1.65388922387806,0.55,Africa
Nigeria,NGA,2016,-1.61686894903467,15.6968126387972,4.499,Africa
Nicaragua,NIC,2016,4.56314739524967,3.52317317628473,3.9,Americas
Netherlands,NLD,2016,2.42428065449427,0.316666666666652,6.007,Europe
Norway,NOR,2016,1.29158732771135,3.55000000000007,4.68,Europe
Nepal,NPL,2016,0.433113719381524,8.7903433200464,10.714,Asia
Naoero,NRU,2016,4.13223140495909,,,Other
New Zealand,NZL,2016,3.7435247472109,0.646240284454524,5.147,Oceania
Oman,OMN,2016,5.04642394571691,1.10920805807027,3.266,Middle East
Pakistan,PAK,2016,6.57383828511043,3.7651191635658,2.285,Asia
Panama,PAN,2016,4.57196707937275,0.73973402529995,4.717,Americas
Peru,PER,2016,3.95331871520767,3.55717663556279,3.741,Americas
Philippines,PHL,2016,7.14945675000752,1.25369880080982,2.695,Asia
Palau,PLW,2016,1.66650688235592,-1.04230533415074,,Other
Papua New Guinea,PNG,2016,5.48957315278187,6.6737288135593,2.478,Oceania
Poland,POL,2016,3.03117767594847,-0.664767331433962,6.141,Europe
Puerto Rico (US),PRI,2016,-1.26369434781117,,11.8,Other
"Korea, Dem. People's Rep.",PRK,2016,,,3.574,Other
Portugal,PRT,2016,2.00414129666575,0.607397074641719,11.058,Europe
Paraguay,PRY,2016,4.26802583314583,4.08682280577241,5.255,Americas
West Bank and Gaza,PSE,2016,8.86461881995935,-0.219106604907316,23.939,Other
French Polynesia,PYF,2016,2.30219823670438,,11.727,Other
Qatar,QAT,2016,3.06419188430156,2.6765917009819,0.15,Middle East
Romania,ROU,2016,2.85993252302089,-1.54479666813897,5.901,Europe
Russian Federation,RUS,2016,0.193671130698817,7.04243725413707,5.591,Other
Rwanda,RWA,2016,5.65874584202778,7.17434301982009,11.788,Africa
Saudi Arabia,SAU,2016,1.70404739202878,2.05347076823965,5.6,Middle East
Sudan,SDN,2016,3.46764218409288,17.750253831196,13.656,Other
Senegal,SEN,2016,6.35606857208136,0.837284942557434,4.455,Africa
Singapore,SGP,2016,3.91095306322606,-0.529809760375464,4.08,Other
Solomon Islands,SLB,2016,5.55494348257992,0.512485626268792,0.736,Oceania
Sierra Leone,SLE,2016,6.43743652764257,10.8860609413903,4.182,Other
El Salvador,SLV,2016,2.53906241135864,0.60404908699661,4.418,Americas
San Marino,SMR,2016,2.34441211810459,0.644075340346552,,Other
"Somalia, Fed. Rep.",SOM,2016,7.03487260042162,,18.611,Other
Serbia,SRB,2016,2.97519807160826,1.12231397417769,15.257,Other
South Sudan,SSD,2016,,379.999585624026,12.854,Other
Sao Tome and Principe,STP,2016,5.17682468684113,5.43051966119156,9.684,Other
Suriname,SUR,2016,-4.91166050905851,55.4123879763196,7.917,Other
Slovak Republic,SVK,2016,1.94781841524558,-0.520010196278358,9.679,Other
Slovenia,SVN,2016,3.03441486663654,-0.0549995416705683,8.0,Other
Sweden,SWE,2016,2.13117914731151,0.984269244577992,6.99,Europe
Eswatini,SWZ,2016,2.94916821059911,7.8472745908568,22.718,Other
Sint Maarten (Dutch part),SXM,2016,0.96775836306881,0.111682655737579,,Other
Seychelles,SYC,2016,12.1175272453913,-1.01548191697626,,Other
Syrian Arab Republic,SYR,2016,-6.40568496867387,47.7051615298923,13.798,Middle East
Turks and Caicos Islands,TCA,2016,7.25118627570265,,,Other
Chad,TCD,2016,-4.12250332637034,-0.792440525236102,1.091,Other
Togo,TGO,2016,4.21490387414525,1.28544847051417,2.968,Other
Thailand,THA,2016,3.43515771692182,0.186235191075453,0.688,Asia
Tajikistan,TJK,2016,6.89999999999999,6.00458082322139,7.036,Asia
Turkmenistan,TKM,2016,6.22909997062793,,4.026,Other
Timor-Leste,TLS,2016,3.00993062553351,-1.33853876185163,4.657,Other
Tonga,TON,2016,6.59869879417958,2.57815515245081,2.048,Oceania
Trinidad and Tobago,TTO,2016,-7.53636305379372,3.07066742464024,3.207,Other
Tunisia,TUN,2016,1.117231963992,3.62939937384381,15.557,Other
Turkiye,TUR,2016,3.32366508200445,7.7751341532833,10.899,Other
Tuvalu,TUV,2016,4.77650497336539,,,Other
Tanzania,TZA,2016,6.86711619644551,5.17476629301493,1.931,Africa
Uganda,UGA,2016,4.78100029254482,5.70637504616212,3.002,Other
Ukraine,UKR,2016,2.44098194492067,13.9127101997797,9.35,Europe
Uruguay,URY,2016,1.68979822971775,9.6394134763508,7.841,Americas
United States,USA,2016,1.81945147909089,1.26158320570536,4.869,Americas
Uzbekistan,UZB,2016,6.71108022628,8.130886695236,5.16,Asia
St. Vincent and the Grenadines,VCT,2016,4.1496810046981,-0.149641647633284,19.029,Other
"Venezuela, RB",VEN,2016,-17.1122994652406,254.948534781816,5.319,Americas
Virgin Islands (U.S.),VIR,2016,1.6008537886873,,11.734,Other
Viet Nam,VNM,2016,6.69000892660424,2.66824816969082,1.848,Asia
Vanuatu,VUT,2016,3.61980830670927,0.842069084035061,5.197,Oceania
Samoa,WSM,2016,7.9838628784713,1.30471869303179,9.063,Oceania
Kosovo,XKX,2016,5.57177504731632,0.273169431045468,,Other
"Yemen, Rep.",YEM,2016,-9.37512379736752,,18.42,Middle East
South Africa,ZAF,2016,0.664552307858116,6.60290842394872,26.536,Africa
Zambia,ZMB,2016,3.75510031678988,17.8697300795268,5.244,Other
Zimbabwe,ZWE,2016,0.75579405855224,-1.54366960054161,5.896,Other
Aruba,ABW,2017,3.49342985290626,-1.02828178762012,,Other
Afghanistan,AFG,2017,2.6470032027451,4.97595150553833,11.184,Asia
Angola,AGO,2017,-0.164688656961076,29.8444799015679,16.617,Africa
Albania,ALB,2017,3.28317593330073,1.98666133171194,13.616,Other
Andorra,AND,2017,0.346071889630295,,,Other
United Arab Emirates,ARE,2017,-1.06137114472548,1.96682557818842,2.462,Middle East
Argentina,ARG,2017,2.81850297775918,,8.347,Americas
Armenia,ARM,2017,7.50000000164144,0.969553268816138,17.704,Other
American Samoa,ASM,2017,-6.98757763975155,,,Other
Antigua and Barbuda,ATG,2017,2.71272657973627,2.43248789041363,,Other
Australia,AUS,2017,2.29331030192918,1.94864309065653,5.592,Oceania
Austria,AUT,2017,2.27224992038207,2.08126911385587,5.561,Europe
Azerbaijan,AZE,2017,0.153614661745507,12.9359184187335,5.0,Other
Burundi,BDI,2017,3.83185757061784,16.0525353030392,1.25,Other
Belgium,BEL,2017,1.47446761556785,2.12597086002616,7.09,Europe
Benin,BEN,2017,5.67156195150444,0.0432648555103608,1.691,Other
Burkina Faso,BFA,2017,6.20348941121868,1.48299897161326,4.662,Africa
Bangladesh,BGD,2017,6.59024999794057,5.70207015717239,4.372,Asia
Bulgaria,BGR,2017,2.74592737750996,2.06159619443141,6.164,Other
Bahrain,BHR,2017,4.95383534123657,1.38671830576406,1.18,Middle East
"Bahamas, The",BHS,2017,3.3713988456489,1.51820700736147,9.8,Other
Bosnia and Herzegovina,BIH,2017,3.24409895306594,0.810039425333895,20.527,Other
Belarus,BLR,2017,2.53218349471909,6.03183725177795,5.648,Other
Belize,BLZ,2017,-1.83323729057784,1.14765339305816,6.596,Other
Bermuda,BMU,2017,3.61141983706115,,,Other
Bolivia,BOL,2017,4.19520633364647,2.8227580554717,3.655,Americas
Brazil,BRA,2017,1.32286905404399,3.44637335032669,12.792,Americas
Barbados,BRB,2017,0.654655602860373,4.66018463955995,8.62,Other
Brunei Darussalam,BRN,2017,1.32872661057823,-1.2605056462896,9.316,Other
Bhutan,BTN,2017,2.08684522733067,4.95508366985129,3.027,Other
Botswana,BWA,2017,4.11437856445083,3.30828076768219,19.671,Other
Central African Republic,CAF,2017,4.52727821346231,4.18072331871267,5.836,Other
Canada,CAN,2017,3.03383491841392,1.59688412852977,6.426,Other
Switzerland,CHE,2017,1.42034612231261,0.533787839825876,4.797,Europe
Channel Islands,CHI,2017,1.80648131383585,,6.881,Other
Chile,CHL,2017,1.35769537343957,2.18271846868519,7.257,Americas
China,CHN,2017,6.89123916636191,1.59313600071436,4.47,Asia
Cote d'Ivoire,CIV,2017,7.41076242592504,0.685881065304603,3.272,Africa
Cameroon,CMR,2017,3.54117654926007,0.64040914988195,3.573,Africa
"Congo, Dem. Rep.",COD,2017,4.24121047272719,,4.613,Other
"Congo, Rep.",COG,2017,-5.59477371915547,0.450063823285546,20.737,Other
Colombia,COL,2017,1.35936086788746,4.31431325695011,9.086,Americas
Comoros,COM,2017,3.81576287489548,-0.237362224154613,4.049,Other
Cabo Verde,CPV,2017,4.5513148102974,0.784415251101334,12.24,Other
Costa Rica,CRI,2017,4.15769914676933,1.62590692991732,7.729,Americas
Cuba,CUB,2017,1.80979178380274,,1.7,Americas
Curacao,CUW,2017,-1.2762081008495,1.58558801700345,,Other
Cayman Islands,CYM,2017,3.18404592334522,,,Other
Cyprus,CYP,2017,5.75083236554525,0.531766496174467,11.155,Other
Czechia,CZE,2017,5.17356529967881,2.4505339846014,2.893,Europe
Germany,DEU,2017,2.797906720551,1.50949485109628,3.781,Europe
Djibouti,DJI,2017,5.458091517212,0.577285724560661,26.064,Other
Dominica,DMA,2017,-7.5443637547282,0.296252889279487,,Other
Denmark,DNK,2017,3.05647723922718,1.14713216957602,5.833,Europe
Dominican Republic,DOM,2017,3.93386176401576,3.27955694678546,5.832,Americas
Algeria,DZA,2017,1.49999999895587,5.59111590961664,12.0,Africa
Ecuador,ECU,2017,5.97039880954841,0.417335588666825,3.836,Americas
"Egypt, Arab Rep.",EGY,2017,4.18122099961562,29.5066083940039,11.767,Africa
Eritrea,ERI,2017,,,5.804,Other
Spain,ESP,2017,2.89604207865007,1.95607633363954,17.224,Europe
Estonia,EST,2017,5.63467248963991,3.41723549488054,5.807,Other
Ethiopia,ETH,2017,9.56418965754014,10.6871150284238,2.665,Africa
Finland,FIN,2017,3.30337003591039,0.754015047084438,8.64,Europe
Fiji,FJI,2017,5.35336434979577,3.34757834757831,4.418,Oceania
France,FRA,2017,2.08361485997399,1.03228275064681,9.409,Europe
Faroe Islands,FRO,2017,3.51201367488443,,,Other
"Micronesia, Fed. Sts.",FSM,2017,2.07468879668049,0.58225373525489,,Oceania
Gabon,GAB,2017,0.472642030911146,2.65192583143902,20.307,Other
United Kingdom,GBR,2017,3.02322219840339,2.55775577557747,4.501,Europe
Georgia,GEO,2017,5.15990261658827,6.03531725272117,13.939,Other
Ghana,GHA,2017,8.12889488100956,12.3719215507048,3.369,Africa
Guinea,GIN,2017,10.3000053427355,8.91435947913097,4.86,Africa
"Gambia, The",GMB,2017,4.8226112492757,8.03418974545911,5.097,Other
Guinea-Bissau,GNB,2017,4.66367943913264,1.69111461822298,3.089,Other
Equatorial Guinea,GNQ,2017,-5.66750850486686,0.74435474661241,7.843,Other
Greece,GRC,2017,1.47312472702352,1.12125452031419,21.413,Europe
Grenada,GRD,2017,4.43867566948151,0.908458255874249,,Other
Greenland,GRL,2017,0.0527281828800312,,,Other
Guatemala,GTM,2017,3.0798512212244,4.42453655182546,2.462,Americas
Guam,GUM,2017,0.890099909173486,,5.418,Other
Guyana,GUY,2017,3.73449154571284,1.94571617739331,13.466,Other
"Hong Kong SAR, China",HKG,2017,3.79610937243891,1.49387243939522,3.124,Other
Honduras,HND,2017,4.84291391050387,3.93436084442037,5.528,Americas
Croatia,HRV,2017,3.2840626939789,1.12937210282347,11.078,Other
Haiti,HTI,2017,2.51027134544685,10.6800887242584,13.932,Other
Hungary,HUN,2017,4.12418389451805,2.34824281150154,4.156,Europe
Indonesia,IDN,2017,5.06978590134916,3.80879857691949,3.783,Asia
Isle of Man,IMN,2017,2.83775807093689,,,Other
India,IND,2017,6.79538341902422,3.32817337461305,7.626,Asia
Ireland,IRL,2017,10.1088576065965,0.362173038229378,6.713,Other
"Iran, Islamic Rep.",IRN,2017,3.02685468694025,8.04492437660278,12.232,Middle East
Iraq,IRQ,2017,-1.81975035118309,0.184058898847553,13.02,Middle East
Iceland,ISL,2017,3.48506704155555,1.76041559180605,2.742,Other
Israel,ISR,2017,4.34394518932547,0.249807840123008,4.14,Middle East
Italy,ITA,2017,1.60369995294101,1.22653316645812,11.211,Europe
Jamaica,JAM,2017,2.29303371291363,4.37839864991561,7.399,Other
Jordan,JOR,2017,2.50770398070352,3.32389447576097,18.12,Middle East
Japan,JPN,2017,1.62345062245441,0.484199796126385,2.822,Asia
Kazakhstan,KAZ,2017,4.10000000257358,7.44266321306792,4.9,Asia
Kenya,KEN,2017,3.83795817364721,8.00564967709945,3.542,Africa
Kyrgyz Republic,KGZ,2017,4.73993722377884,3.1753098637994,4.425,Other
Cambodia,KHM,2017,8.07503915535979,2.91263557371478,0.141,Asia
Kiribati,KIR,2017,3.71200171622053,0.355520888546828,,Oceania
St. Kitts and Nevis,KNA,2017,0.220941147299996,0.694916711613604,,Other
"Korea, Rep.",KOR,2017,3.433191763972,1.94433230786366,3.653,Asia
Kuwait,KWT,2017,-4.71222270495362,2.17183298510006,2.23,Middle East
Lao PDR,LAO,2017,6.8925308726989,0.825478607568026,3.268,Other
Lebanon,LBN,2017,0.903028464073813,4.32135218303191,10.258,Middle East
Liberia,LBR,2017,2.45515592012239,12.4196323907138,3.067,Other
Libya,LBY,2017,32.4918021862688,25.8036184788337,19.053,Other
St. Lucia,LCA,2017,3.37982617272246,0.104262078958441,19.136,Other
Sri Lanka,LKA,2017,6.46068127080994,7.70413767850602,4.046,Asia
Lesotho,LSO,2017,-3.13817493733471,4.447699373763,16.379,Other
Lithuania,LTU,2017,4.61224310312809,3.72288862303707,7.073,Other
Luxembourg,LUX,2017,1.31711942298405,1.73079959118896,5.523,Other
Latvia,LVA,2017,3.39894872623931,2.93036312374665,8.715,Other
"Macao SAR, China",MAC,2017,9.91855844513513,1.22812404052809,1.981,Other
St. Martin (French part),MAF,2017,-8.00000324038295,,,Other
Morocco,MAR,2017,5.05789816173446,0.754663249323619,9.22,Africa
Monaco,MCO,2017,-3.20618323813213,,,Other
Moldova,MDA,2017,4.17561205106279,6.57022997455604,1.622,Other
Madagascar,MDG,2017,3.93330759462793,8.60905075422949,2.123,Africa
Maldives,MDV,2017,7.07442863215275,2.81747338234509,5.377,Other
Mexico,MEX,2017,1.87172854648381,6.04145724018986,3.419,Americas
Marshall Islands,MHL,2017,3.55815188528943,,,Other
North Macedonia,MKD,2017,1.08177273813243,1.35161889677442,22.857,Other
Mali,MLI,2017,5.37554769647939,1.75985742927165,1.498,Africa
Malta,MLT,2017,12.9713425287845,1.36435448150708,4.008,Other
Myanmar,MMR,2017,6.13610824360305,4.5725365531752,1.356,Asia
Montenegro,MNE,2017,3.21668504736274,2.3802359905313,16.082,Other
Mongolia,MNG,2017,5.63687638694772,4.30143105302342,6.359,Asia
Northern Mariana Islands,MNP,2017,23.1707317073171,,,Other
Mozambique,MOZ,2017,2.63820737310658,15.1132073899384,3.935,Africa
Mauritania,MRT,2017,6.27054569386574,2.25427651934813,10.336,Other
Mauritius,MUS,2017,3.95441730960265,3.66699702675925,6.752,Other
Malawi,MWI,2017,4.00000000089172,11.5433939188771,5.046,Other
Malaysia,MYS,2017,5.81272240983328,3.87120115774237,3.41,Asia
Namibia,NAM,2017,-1.02724808856709,6.14579981111164,21.748,Other
New Caledonia,NCL,2017,,,11.676,Other
Niger,NER,2017,5.53198531271451,2.79637318871284,0.556,Africa
Nigeria,NGA,2017,0.805886619091581,16.5022662139641,4.83,Africa
Nicaragua,NIC,2017,4.63120757580209,3.85067166284727,3.3,Americas
Netherlands,NLD,2017,2.78150834679987,1.38145871407216,4.837,Europe
Norway,NOR,2017,2.66964474273466,1.87510059552545,4.164,Europe
Nepal,NPL,2017,8.97727935643466,2.77703998300211,10.66,Asia
Naoero,NRU,2017,-6.34920634920609,,,Other
New Zealand,NZL,2017,3.31568621648204,1.85078767452536,4.736,Oceania
Oman,OMN,2017,0.304057565922449,1.58909413567799,2.523,Middle East
Pakistan,PAK,2017,4.43262590683975,4.08537368032608,3.204,Asia
Panama,PAN,2017,5.7440594635578,0.875585918759963,5.338,Americas
Peru,PER,2017,2.51883544233135,2.99490045809443,3.691,Americas
Philippines,PHL,2017,6.9309883258402,2.85318772590947,2.552,Asia
Palau,PLW,2017,-3.42143170174889,1.4179881966692,,Other
Papua New Guinea,PNG,2017,3.53461081750459,5.42204568023834,2.58,Oceania
Poland,POL,2017,5.15245773325907,2.07593553673859,4.867,Europe
Puerto Rico (US),PRI,2017,-2.88521838398481,,10.8,Other
"Korea, Dem. People's Rep.",PRK,2017,,,3.498,Other
Portugal,PRT,2017,3.31472008175986,1.36861411643482,8.878,Europe
Paraguay,PRY,2017,4.81007885554041,3.60247741348943,6.138,Americas
West Bank and Gaza,PSE,2017,1.41936756294787,0.212570934228881,25.677,Other
French Polynesia,PYF,2017,4.29263363103487,,11.595,Other
Qatar,QAT,2017,-1.49760470227838,0.394878914083005,0.14,Middle East
Romania,ROU,2017,8.19547826641261,1.3390212110439,4.927,Europe
Russian Federation,RUS,2017,1.82670527549192,3.68333072334495,5.238,Other
Rwanda,RWA,2017,4.70393439751061,8.27953672260832,11.875,Africa
Saudi Arabia,SAU,2017,1.18210705878283,-0.834845735027162,5.89,Middle East
Sudan,SDN,2017,0.70925628476644,32.3516260968437,13.0,Other
Senegal,SEN,2017,7.40748618589598,1.31815314847789,4.078,Africa
Singapore,SGP,2017,4.32679370770501,0.576763191179996,4.2,Other
Solomon Islands,SLB,2017,3.07546176144591,0.488686760261083,0.727,Oceania
Sierra Leone,SLE,2017,3.20786087715987,18.2215094003386,3.656,Other
El Salvador,SLV,2017,2.24761908134138,1.0123540331558,4.385,Americas
San Marino,SMR,2017,0.258259899709444,1.01413313194508,,Other
"Somalia, Fed. Rep.",SOM,2017,14.7357956045195,,18.455,Other
Serbia,SRB,2017,2.3634031250553,3.13106248590115,13.477,Other
South Sudan,SSD,2017,,187.851630279442,12.983,Other
Sao Tome and Principe,STP,2017,4.11297966281954,5.6902961992902,8.808,Other
Suriname,SUR,2017,1.56603782534897,21.9969430173304,7.905,Other
Slovak Republic,SVK,2017,2.87473327453695,1.31194588223247,8.142,Other
Slovenia,SVN,2017,5.17440215579958,1.42910743319306,6.564,Other
Sweden,SWE,2017,1.88282184966646,1.79449904665599,6.718,Europe
Eswatini,SWZ,2017,3.52095345987983,6.22137528933118,24.543,Other
Sint Maarten (Dutch part),SXM,2017,-7.53521399882428,2.19201010962985,,Other
Seychelles,SYC,2017,6.95416218794271,2.85679575568437,,Other
Syrian Arab Republic,SYR,2017,-0.723346297115341,18.0752696281771,13.603,Middle East
Turks and Caicos Islands,TCA,2017,74.5879880544188,,,Other
Chad,TCD,2017,-1.61746922820204,-1.5370996298084,1.132,Other
Togo,TGO,2017,4.00791259566937,-0.981889868943119,3.744,Other
Thailand,THA,2017,4.1776810321001,0.664415139830893,0.83,Asia
Tajikistan,TJK,2017,7.10000041864309,,7.035,Asia
Turkmenistan,TKM,2017,6.45138358820188,,4.035,Other
Timor-Leste,TLS,2017,-3.18241522489195,0.557215537430361,4.254,Other
Tonga,TON,2017,3.20231976224244,7.51706283551116,2.137,Oceania
Trinidad and Tobago,TTO,2017,-4.87274946918724,1.88038440183532,3.389,Other
Tunisia,TUN,2017,2.25261437620587,5.30884839565844,15.33,Other
Turkiye,TUR,2017,7.82585730002594,11.1443110840764,10.919,Other
Tuvalu,TUV,2017,3.26802914033142,,,Other
Tanzania,TZA,2017,6.72726996832438,5.31871605228931,1.854,Africa
Uganda,UGA,2017,3.13140551723596,5.20971705914209,3.428,Other
Ukraine,UKR,2017,2.35997228099491,14.4383227488749,9.5,Europe
Uruguay,URY,2017,1.74037649141989,6.2180938256186,7.89,Americas
United States,USA,2017,2.45762230126449,2.13011000365961,4.355,Americas
Uzbekistan,UZB,2017,4.70027401956061,13.8757425441635,5.83,Asia
St. Vincent and the Grenadines,VCT,2017,1.54810173239956,2.15333648840511,19.024,Other
"Venezuela, RB",VEN,2017,-15.6989247311828,,5.045,Americas
Virgin Islands (U.S.),VIR,2017,-0.735294117647058,,11.445,Other
Viet Nam,VNM,2017,6.94019037359206,3.52025688811618,1.874,Asia
Vanuatu,VUT,2017,4.22332192519966,3.08452624403546,5.247,Oceania
Samoa,WSM,2017,1.40628239971301,1.74989677484705,9.4,Oceania
Kosovo,XKX,2017,4.82565565298054,1.48823430592319,,Other
"Yemen, Rep.",YEM,2017,-5.07179568062152,,18.611,Middle East
South Africa,ZAF,2017,1.15794695181735,5.18618655524149,27.035,Africa
Zambia,ZMB,2017,3.52586277149926,6.57731154205644,4.529,Other
Zimbabwe,ZWE,2017,4.73441117758482,0.893962316050027,6.35,Other
Aruba,ABW,2018,3.21247111920076,3.6260414135296,,Other
Afghanistan,AFG,2018,1.18922812944517,0.626149149168847,11.192,Asia
Angola,AGO,2018,-0.506697543616156,19.6289379701521,16.602,Africa
Albania,ALB,2018,3.67141928098908,2.02805963071135,12.304,Other
Andorra,AND,2018,1.58876549046354,,,Other
United Arab Emirates,ARE,2018,1.53720634021511,3.06863379251997,2.236,Middle East
Argentina,ARG,2018,-2.61739646282038,34.2772237131003,9.22,Americas
Armenia,ARM,2018,5.19999999965324,2.52023382001638,18.966,Other
American Samoa,ASM,2018,2.6711185308848,,,Other
Antigua and Barbuda,ATG,2018,6.71200487159726,1.20715793367008,,Other
Australia,AUS,2018,2.87417039499501,1.91140002818579,5.345,Oceania
Austria,AUT,2018,2.48422114080024,1.99837981429549,4.933,Europe
Azerbaijan,AZE,2018,1.50040167167313,2.26854690373999,4.9,Other
Burundi,BDI,2018,5.34224473186408,-2.81469807668465,1.147,Other
Belgium,BEL,2018,1.87796847383565,2.05316499865178,5.941,Europe
Benin,BEN,2018,6.69725362180888,0.919170717886054,1.426,Other
Burkina Faso,BFA,2018,6.60456906812341,1.95594302672532,4.695,Africa
Bangladesh,BGD,2018,7.31941263014136,5.54362139486476,4.439,Asia
Bulgaria,BGR,2018,2.33015054210419,2.81454473824838,5.211,Other
Bahrain,BHR,2018,2.05258864979861,2.08766938046978,1.188,Middle East
"Bahamas, The",BHS,2018,2.39795510823548,2.26586346678736,10.0,Other
Bosnia and Herzegovina,BIH,2018,3.82900399349064,1.41710814018034,18.4,Other
Belarus,BLR,2018,3.14919758275296,4.87230220550686,4.763,Other
Belize,BLZ,2018,0.822068592512508,0.269982622646335,9.346,Other
Bermuda,BMU,2018,-0.432801300339307,,,Other
Bolivia,BOL,2018,2.86808404814794,2.27205987230155,3.519,Americas
Brazil,BRA,2018,1.783666761634,3.66485028376729,12.329,Americas
Barbados,BRB,2018,-0.252085325827849,3.1060057242059,8.321,Other
Brunei Darussalam,BRN,2018,0.0523710418528935,1.02505179290212,8.7,Other
Bhutan,BTN,2018,3.50187185732737,2.72396386183713,3.35,Other
Botswana,BWA,2018,4.18869237159223,3.23801558947715,19.665,Other
Central African Republic,CAF,2018,3.78944359275462,1.61215686991555,5.825,Other
Canada,CAN,2018,2.74296341402246,2.26822567248103,5.837,Other
Switzerland,CHE,2018,3.32743256101493,0.936335464113572,4.713,Europe
Channel Islands,CHI,2018,1.1222435658518,,6.344,Other
Chile,CHL,2018,3.99002947789977,2.43488981353057,7.623,Americas
China,CHN,2018,6.757806142324,2.07479039965576,4.31,Asia
Cote d'Ivoire,CIV,2018,4.84314605889178,0.401297817263547,2.852,Africa
Cameroon,CMR,2018,3.95551423892049,1.0688581131292,3.608,Africa
"Congo, Dem. Rep.",COD,2018,6.07168870646615,,4.632,Other
"Congo, Rep.",COG,2018,-2.30431780125842,1.15277896375523,20.84,Other
Colombia,COL,2018,2.56432428277704,3.24056932930569,9.36,Americas
Comoros,COM,2018,3.64245114733689,2.15155084413033,3.975,Other
Cabo Verde,CPV,2018,3.70696458310842,1.25699566690509,12.17,Other
Costa Rica,CRI,2018,2.85285959760458,2.22111461526581,9.01,Americas
Cuba,CUB,2018,2.24794852913217,,1.7,Americas
Curacao,CUW,2018,-2.10411133101029,2.58368756641814,,Other
Cayman Islands,CYM,2018,4.26726745249641,,,Other
Cyprus,CYP,2018,6.27166360056404,1.43549119531759,8.504,Other
Czechia,CZE,2018,2.83030588267866,2.14949494949493,2.246,Europe
Germany,DEU,2018,1.13569604599849,1.73216879766942,3.384,Europe
Djibouti,DJI,2018,4.77433934943193,0.138836400011405,26.18,Other
Dominica,DMA,2018,2.964010610466,0.98919111918989,,Other
Denmark,DNK,2018,1.8600074900921,0.813609467455631,5.131,Europe
Dominican Republic,DOM,2018,7.09751640210159,3.56443426013508,5.861,Americas
Algeria,DZA,2018,1.40000000088281,4.26999020467084,12.112,Africa
Ecuador,ECU,2018,1.04429460679607,-0.224103246005552,3.53,Americas
"Egypt, Arab Rep.",EGY,2018,5.33110861887155,14.4014657807422,9.855,Africa
Eritrea,ERI,2018,,,5.756,Other
Spain,ESP,2018,2.39541124478878,1.67498136863799,15.255,Europe
Estonia,EST,2018,3.69969756161726,3.43632688420446,5.412,Other
Ethiopia,ETH,2018,6.81614778557282,13.8330356586661,2.811,Africa
Finland,FIN,2018,1.19297759742292,1.08382098409296,7.361,Europe
Fiji,FJI,2018,3.812350939512,4.08147637644543,4.523,Oceania
France,FRA,2018,1.64590872395887,1.85081508315493,9.018,Europe
Faroe Islands,FRO,2018,2.76370952267429,,,Other
"Micronesia, Fed. Sts.",FSM,2018,0.406504065040664,1.49840023593737,,Oceania
Gabon,GAB,2018,0.83791658082157,4.74906652083221,20.459,Other
United Kingdom,GBR,2018,1.55133095078786,2.29283990345938,4.145,Europe
Georgia,GEO,2018,6.062036412677,2.6152447139767,12.667,Other
Ghana,GHA,2018,6.20007768127284,7.80876516610703,3.204,Africa
Guinea,GIN,2018,6.35849192736715,9.82761701259191,4.835,Africa
"Gambia, The",GMB,2018,7.23489033258579,6.52096823946573,4.055,Other
Guinea-Bissau,GNB,2018,3.76145359637003,0.381324702790992,3.127,Other
Equatorial Guinea,GNQ,2018,-6.23654406734575,1.06007410662171,7.818,Other
Greece,GRC,2018,2.06467207892409,0.62562141345364,19.179,Europe
Grenada,GRD,2018,4.36144039364797,0.804102313277033,,Other
Greenland,GRL,2018,0.62306542854094,,,Other
Guatemala,GTM,2018,3.40687328176345,3.75186186704508,2.283,Americas
Guam,GUM,2018,-0.828231904933389,,5.45,Other
Guyana,GUY,2018,4.44091288475967,1.25128567037044,13.627,Other
"Hong Kong SAR, China",HKG,2018,2.84690922660509,2.40613432046534,2.805,Other
Honduras,HND,2018,3.84499476966735,4.34734937777536,5.648,Americas
Croatia,HRV,2018,2.91107146210912,1.50012501041747,8.322,Other
Haiti,HTI,2018,1.66781095484656,12.4814111170435,13.934,Other
Hungary,HUN,2018,5.60613813768876,2.85024792594646,3.667,Europe
Indonesia,IDN,2018,5.17429153955024,3.19834755924996,4.387,Asia
Isle of Man,IMN,2018,2.2133975392251,,,Other
India,IND,2018,6.45385134495295,3.93882646691643,7.652,Asia
Ireland,IRL,2018,7.68865937437435,0.471130713712916,5.741,Other
"Iran, Islamic Rep.",IRN,2018,-3.74796015711334,18.0141183371874,12.195,Middle East
Iraq,IRQ,2018,2.63385099105624,0.367441488936828,13.458,Middle East
Iceland,ISL,2018,4.66077036232377,2.68291768267392,2.704,Other
Israel,ISR,2018,4.05349952888294,0.805060379528526,3.917,Middle East
Italy,ITA,2018,0.826646712344115,1.13748763600391,10.538,Europe
Jamaica,JAM,2018,2.51584458612513,3.73663882152163,5.47,Other
Jordan,JOR,2018,1.85383415616927,4.46231108475481,18.257,Middle East
Japan,JPN,2018,0.834143845965585,0.989094598021848,2.467,Asia
Kazakhstan,KAZ,2018,4.09999999309841,6.16366247577762,4.85,Asia
Kenya,KEN,2018,5.64794640709219,4.6898064677633,4.284,Africa
Kyrgyz Republic,KGZ,2018,3.75791013557165,1.54266145238436,4.559,Other
Cambodia,KHM,2018,8.77622376224463,2.45908515380146,0.129,Asia
Kiribati,KIR,2018,3.42465753424656,0.564030491493476,,Oceania
St. Kitts and Nevis,KNA,2018,2.00352549800972,-1.03712214131572,,Other
"Korea, Rep.",KOR,2018,3.17611568177327,1.47583935002645,3.824,Asia
Kuwait,KWT,2018,2.74333045031415,0.543133148199567,2.202,Middle East
Lao PDR,LAO,2018,6.24796000755872,2.04039266890201,2.897,Other
Lebanon,LBN,2018,-1.88470575631651,6.07698907889607,10.755,Middle East
Liberia,LBR,2018,1.15757512207355,23.5635148953742,3.058,Other
Libya,LBY,2018,7.9413678529104,13.1702038536722,18.865,Other
St. Lucia,LCA,2018,2.88677902171601,1.93561893150602,19.329,Other
Sri Lanka,LKA,2018,2.31008425504933,2.135037737132,4.318,Asia
Lesotho,LSO,2018,-1.48063315848241,4.7518030162474,16.614,Other
Lithuania,LTU,2018,4.91836780106811,2.69792779208394,6.147,Other
Luxembourg,LUX,2018,1.61129891211624,1.5281952430737,5.589,Other
Latvia,LVA,2018,4.30971286294503,2.53445424186598,7.412,Other
"Macao SAR, China",MAC,2018,6.35917030567686,3.00446293166953,1.803,Other
St. Martin (French part),MAF,2018,-7.99999506898229,,,Other
Morocco,MAR,2018,3.06564133025955,1.80391671141896,9.272,Africa
Monaco,MCO,2018,5.69790121192926,,,Other
Moldova,MDA,2018,4.07559546585034,3.04505397337058,1.239,Other
Madagascar,MDG,2018,3.19435651744398,8.59422958870476,2.303,Africa
Maldives,MDV,2018,8.5689555834747,-0.133373386117595,4.962,Other
Mexico,MEX,2018,1.97208211101069,4.89935015356551,3.275,Americas
Marshall Islands,MHL,2018,5.48717948717949,,,Other
North Macedonia,MKD,2018,2.88059670964267,1.45831298507126,21.208,Other
Mali,MLI,2018,4.86784999935264,0.299546507387843,1.62,Africa
Malta,MLT,2018,7.18921425536917,1.15782362451517,3.956,Other
Myanmar,MMR,2018,6.26886221471075,6.87232865662935,0.767,Asia
Montenegro,MNE,2018,4.73292113433965,2.611223782638,15.19,Other
Mongolia,MNG,2018,7.74488062024881,6.82424790145522,5.377,Asia
Northern Mariana Islands,MNP,2018,-19.4973343488195,,,Other
Mozambique,MOZ,2018,3.48493202422782,3.91133439990729,4.21,Africa
Mauritania,MRT,2018,4.77217363890155,3.06735996058356,10.411,Other
Mauritius,MUS,2018,4.11669369456492,3.2160538314457,6.426,Other
Malawi,MWI,2018,4.35356471619211,12.420178108921,5.021,Other
Malaysia,MYS,2018,4.84308697634881,0.884709160571235,3.3,Asia
Namibia,NAM,2018,1.05993949860752,4.29159105337875,19.877,Other
New Caledonia,NCL,2018,0.400000000000006,,11.702,Other
Niger,NER,2018,6.89458420864513,2.96760366004456,0.536,Africa
Nigeria,NGA,2018,1.92275734199798,12.0951065173432,5.069,Africa
Nicaragua,NIC,2018,-3.3633566598573,4.94723728039886,5.2,Americas
Netherlands,NLD,2018,2.25873158164956,1.70349794744479,3.832,Europe
Norway,NOR,2018,1.1103912365576,2.76483134528797,3.801,Europe
Nepal,NPL,2018,7.62237610397933,4.40659410175714,10.593,Asia
Naoero,NRU,2018,-0.847457627118729,,,Other
New Zealand,NZL,2018,3.32219666491432,1.59829703801696,4.335,Oceania
Oman,OMN,2018,1.28710391543288,0.889312370970404,1.8,Middle East
Pakistan,PAK,2018,6.15170261099519,5.07805725868917,4.083,Asia
Panama,PAN,2018,3.91824253321265,0.761578359399945,5.161,Americas
Peru,PER,2018,3.969351341365,1.50915423024742,3.492,Americas
Philippines,PHL,2018,6.34148557153473,5.30934661627707,2.338,Asia
Palau,PLW,2018,-0.417625859260369,2.10970464135017,,Other
Papua New Guinea,PNG,2018,-0.279252284959952,4.37448921453162,2.65,Oceania
Poland,POL,2018,6.2458584723942,1.81295156542689,3.835,Europe
Puerto Rico (US),PRI,2018,-4.36142703162535,,9.2,Other
"Korea, Dem. People's Rep.",PRK,2018,,,3.409,Other
Portugal,PRT,2018,2.94628343449202,0.993715683468233,6.966,Europe
Paraguay,PRY,2018,3.20425034076639,3.97561015740694,6.217,Americas
West Bank and Gaza,PSE,2018,1.22707737782703,-0.195107773730735,26.256,Other
French Polynesia,PYF,2018,1.80687498305207,,11.599,Other
Qatar,QAT,2018,1.23487220191065,0.255815382724408,0.11,Middle East
Romania,ROU,2018,5.39452228185675,4.62548443137779,4.187,Europe
Russian Federation,RUS,2018,2.80634082046656,2.87831382614981,4.871,Other
Rwanda,RWA,2018,8.07084254621641,-0.311210160390699,10.759,Africa
Saudi Arabia,SAU,2018,3.2269508901591,2.46594308994843,6.029,Middle East
Sudan,SDN,2018,-2.6809305497999,63.2925073455888,12.347,Other
Senegal,SEN,2018,6.20924103388887,0.460985642464188,3.453,Africa
Singapore,SGP,2018,3.18660848474074,0.438784215129623,3.613,Other
Solomon Islands,SLB,2018,2.74585244829055,3.46147484973729,0.722,Oceania
Sierra Leone,SLE,2018,2.8938564123677,16.0295447693699,3.192,Other
El Salvador,SLV,2018,2.4124442237792,1.09033000581892,4.006,Americas
San Marino,SMR,2018,1.49390399796074,1.16333522293158,,Other
"Somalia, Fed. Rep.",SOM,2018,2.05431507261069,,18.7,Other
Serbia,SRB,2018,4.64935035491007,1.95984076293801,12.733,Other
South Sudan,SSD,2018,,83.5015294922,12.853,Other
Sao Tome and Principe,STP,2018,4.37812808264972,7.86859628873909,8.712,Other
Suriname,SUR,2018,4.94827108468886,,7.817,Other
Slovak Republic,SVK,2018,4.06211981896483,2.51403712883803,6.544,Other
Slovenia,SVN,2018,4.37908347331195,1.7386086198818,5.108,Other
Sweden,SWE,2018,1.7702553546772,1.95353530127028,6.365,Europe
Eswatini,SWZ,2018,0.0653956557843571,4.81506167461513,26.471,Other
Sint Maarten (Dutch part),SXM,2018,-6.85698299227944,,,Other
Seychelles,SYC,2018,4.93947272254312,3.70291839111568,,Other
Syrian Arab Republic,SYR,2018,1.39323324059961,0.940983843906769,13.505,Middle East
Turks and Caicos Islands,TCA,2018,6.75264845178367,,,Other
Chad,TCD,2018,5.74111580758154,4.27462198610545,1.135,Other
Togo,TGO,2018,4.79518333086139,0.927755426457183,2.9,Other
Thailand,THA,2018,4.22287028746071,1.06683487370758,0.765,Asia
Tajikistan,TJK,2018,7.5999988895536,,7.028,Asia
Turkmenistan,TKM,2018,6.20602363832646,,4.036,Other
Timor-Leste,TLS,2018,-0.466502170658785,2.63647201015892,3.765,Other
Tonga,TON,2018,0.527828083180253,5.03209691984883,2.248,Oceania
Trinidad and Tobago,TTO,2018,-0.945449700943314,1.01856930188822,3.497,Other
Tunisia,TUN,2018,2.60696965356362,7.30759176031652,15.459,Other
Turkiye,TUR,2018,3.46815306092219,16.3324638988929,10.956,Other
Tuvalu,TUV,2018,1.38668386152332,,,Other
Tanzania,TZA,2018,5.50267599384966,3.49445848856181,1.792,Africa
Uganda,UGA,2018,6.30392378262997,2.61601190952274,3.249,Other
Ukraine,UKR,2018,3.48836234022659,10.9518559353178,8.799,Europe
Uruguay,URY,2018,0.164777608846705,7.60653360377047,8.336,Americas
United States,USA,2018,2.96650506701943,2.44258329692817,3.896,Americas
Uzbekistan,UZB,2018,5.72368380757618,17.5241796514055,5.392,Asia
St. Vincent and the Grenadines,VCT,2018,3.1756114423991,2.32414485367921,19.005,Other
"Venezuela, RB",VEN,2018,-19.6428571428571,,5.468,Americas
Virgin Islands (U.S.),VIR,2018,1.87830687830687,,11.703,Other
Viet Nam,VNM,2018,7.46500685572751,3.53962805942641,1.161,Asia
Vanuatu,VUT,2018,2.51532789491979,2.33096379566866,5.353,Oceania
Samoa,WSM,2018,-0.609647103380141,4.19745888663752,8.649,Oceania
Kosovo,XKX,2018,3.40663227056285,1.05379773654991,,Other
"Yemen, Rep.",YEM,2018,0.752447592962554,,17.593,Middle East
South Africa,ZAF,2018,1.55678384721676,4.50987264867388,26.906,Africa
Zambia,ZMB,2018,4.03449389667165,7.4945719272852,5.032,Other
Zimbabwe,ZWE,2018,5.00992154297603,10.6188658669575,6.788,Other
Aruba,ABW,2019,1.22914408896015,4.25746204335427,,Other
Afghanistan,AFG,2019,3.91160341625552,2.30237251516834,11.187,Asia
Angola,AGO,2019,-1.05523414494337,17.080954143438,16.497,Africa
Albania,ALB,2019,2.06257790176122,1.41109078954242,11.466,Other
Andorra,AND,2019,2.01554763848308,,,Other
United Arab Emirates,ARE,2019,1.27129120536284,-1.93108114782173,2.331,Middle East
Argentina,ARG,2019,-2.00086100285785,53.5483043492339,9.843,Americas
Armenia,ARM,2019,7.59999999853918,1.44344660770698,18.304,Other
American Samoa,ASM,2019,-0.487804878048777,,,Other
Antigua and Barbuda,ATG,2019,3.1722219373937,1.43135598182984,,Other
Australia,AUS,2019,2.19401703622717,1.610770929127,5.143,Oceania
Austria,AUT,2019,1.75497619649288,1.53089564152644,4.56,Europe
Azerbaijan,AZE,2019,2.47980879185565,2.61057182799215,5.0,Other
Burundi,BDI,2019,4.45934202358784,-0.686772170797359,1.043,Other
Belgium,BEL,2019,2.4428900448156,1.43681956996438,5.364,Europe
Benin,BEN,2019,6.86568662848335,0.732849371241066,1.214,Other
Burkina Faso,BFA,2019,5.88920497068135,-3.23338933983322,4.493,Africa
Bangladesh,BGD,2019,7.88191515117722,5.59199639930629,4.504,Asia
Bulgaria,BGR,2019,3.79331964589196,3.10372944796771,4.148,Other
Bahrain,BHR,2019,2.05287774418655,1.00582004702137,1.217,Middle East
"Bahamas, The",BHS,2019,-0.838585871193203,2.49123527368046,9.336,Other
Bosnia and Herzegovina,BIH,2019,2.88585242083978,0.56278215406123,15.692,Other
Belarus,BLR,2019,1.44645548204305,5.59815595039848,4.165,Other
Belize,BLZ,2019,4.25658710030072,0.187069385181424,9.053,Other
Bermuda,BMU,2019,0.307106461240664,,,Other
Bolivia,BOL,2019,1.50672102666863,1.83954504969026,3.682,Americas
Brazil,BRA,2019,1.22077782360842,3.73297621216894,11.936,Americas
Barbados,BRB,2019,0.241099789148677,1.67662473276988,8.41,Other
Brunei Darussalam,BRN,2019,3.86884436177075,-0.390522069165529,6.6,Other
Bhutan,BTN,2019,5.75514851246506,2.72643037388832,2.72,Other
Botswana,BWA,2019,3.0317733945467,2.77286442863321,20.094,Other
Central African Republic,CAF,2019,3.09999999999999,2.68537355266787,5.916,Other
Canada,CAN,2019,1.90843193887251,1.94926902411593,5.69,Other
Switzerland,CHE,2019,1.11532187197474,0.362886179940674,4.394,Europe
Channel Islands,CHI,2019,1.57335596156342,,6.185,Other
Chile,CHL,2019,0.644223402631923,2.55754475703327,7.493,Americas
China,CHN,2019,6.06737806333672,2.89923416358227,4.56,Asia
Cote d'Ivoire,CIV,2019,6.72137167584978,0.790855512053661,2.401,Africa
Cameroon,CMR,2019,3.47505998194981,2.45280214062732,3.632,Africa
"Congo, Dem. Rep.",COD,2019,0.555384294580819,,4.605,Other
"Congo, Rep.",COG,2019,1.12447391976529,2.20607305781525,20.494,Other
Colombia,COL,2019,3.18685539245533,3.52301932741447,10.28,Americas
Comoros,COM,2019,1.76078023564568,3.58213544469211,3.926,Other
Cabo Verde,CPV,2019,6.94782634051859,1.10666674296063,12.123,Other
Costa Rica,CRI,2019,2.70813912948329,2.09604635327807,10.807,Americas
Cuba,CUB,2019,-0.163087223606624,,1.705,Americas
Curacao,CUW,2019,-3.20613230348162,2.62220783425059,,Other
Cayman Islands,CYM,2019,3.91563534249416,,,Other
Cyprus,CYP,2019,5.87559583386607,0.250370996758493,7.155,Other
Czechia,CZE,2019,3.56577658128261,2.84787595918041,2.015,Europe
Germany,DEU,2019,0.977734697038784,1.44565976888253,3.163,Europe
Djibouti,DJI,2019,5.54508081154978,3.31763203299603,26.257,Other
Dominica,DMA,2019,3.94809757938053,1.50462353858141,,Other
Denmark,DNK,2019,1.71140093932736,0.75813157251162,5.018,Europe
Dominican Republic,DOM,2019,4.8940301149584,1.81060377042959,6.356,Americas
Algeria,DZA,2019,0.899999999219148,1.95176821052892,12.302,Africa
Ecuador,ECU,2019,0.1654044646003,0.266012515466155,3.812,Americas
"Egypt, Arab Rep.",EGY,2019,5.55209307084222,9.15279959324804,7.851,Africa
Eritrea,ERI,2019,,,5.812,Other
Spain,ESP,2019,1.96117850841711,0.699518994458648,14.104,Europe
Estonia,EST,2019,3.72664943466884,2.27725931243522,4.514,Other
Ethiopia,ETH,2019,8.36408573111346,15.8096321719344,2.928,Africa
Finland,FIN,2019,1.34973845741737,1.02409392963431,6.695,Europe
Fiji,FJI,2019,-0.581946590349759,1.79388647514555,4.661,Oceania
France,FRA,2019,2.02744646419237,1.10825492288294,8.415,Europe
Faroe Islands,FRO,2019,4.53851028676189,,,Other
"Micronesia, Fed. Sts.",FSM,2019,3.64372469635627,1.92385170787923,,Oceania
Gabon,GAB,2019,3.92080879452831,2.46456756151187,20.371,Other
United Kingdom,GBR,2019,1.25629899760824,1.73810460086513,3.657,Europe
Georgia,GEO,2019,5.38071926589951,4.85289821696723,11.565,Other
Ghana,GHA,2019,6.5077747939152,7.14364003330857,3.067,Africa
Guinea,GIN,2019,5.61691446889876,9.47001039253012,5.018,Africa
"Gambia, The",GMB,2019,6.22205315994859,7.11567625631192,4.481,Other
Guinea-Bissau,GNB,2019,5.32749571119344,0.24660026814783,2.413,Other
Equatorial Guinea,GNQ,2019,-5.48182537893445,1.53027528964189,7.917,Other
Greece,GRC,2019,2.27718065334808,0.253007522038157,17.045,Europe
Grenada,GRD,2019,0.676511738873756,0.598149764736022,,Other
Greenland,GRL,2019,2.83217756798683,,,Other
Guatemala,GTM,2019,4.01789830861587,3.69998398008605,2.193,Americas
Guam,GUM,2019,2.52360203340596,,5.405,Other
Guyana,GUY,2019,5.35284003535665,2.11238986774464,13.172,Other
"Hong Kong SAR, China",HKG,2019,-1.67242865968056,2.88320853773996,2.917,Other
Honduras,HND,2019,2.55963434592314,4.36587159819274,5.698,Americas
Croatia,HRV,2019,3.10247285336254,0.771820346498112,6.551,Other
Haiti,HTI,2019,-1.72309699839232,18.7037825672506,14.095,Other
Hungary,HUN,2019,5.07718495088933,3.33858635382008,3.411,Europe
Indonesia,IDN,2019,5.01928768046282,3.03058460941661,3.59,Asia
Isle of Man,IMN,2019,0.254877847398262,,,Other
India,IND,2019,3.87143694070524,3.72950573539123,6.51,Asia
Ireland,IRL,2019,4.97288003766816,0.937842961189274,4.95,Other
"Iran, Islamic Rep.",IRN,2019,-2.36143538770575,39.9073455697784,10.74,Middle East
Iraq,IRQ,2019,5.5137905789381,-0.198965380023882,14.096,Middle East
Iceland,ISL,2019,1.13821227336888,3.01397179156061,3.507,Other
Israel,ISR,2019,3.57898762923605,0.817645940292794,3.731,Middle East
Italy,ITA,2019,0.429162533780342,0.611246943765304,9.884,Europe
Jamaica,JAM,2019,1.80943147301357,3.90510000865872,4.987,Other
Jordan,JOR,2019,1.85633006592765,0.761514047265601,16.801,Middle East
Japan,JPN,2019,-0.308496921143259,0.46877615938395,2.351,Asia
Kazakhstan,KAZ,2019,4.50000000091883,5.33356098916669,4.8,Asia
Kenya,KEN,2019,5.11415885767801,5.23963795764792,5.014,Africa
Kyrgyz Republic,KGZ,2019,4.60062565707598,1.13362257718804,5.45,Other
Cambodia,KHM,2019,7.93695013588524,1.94257500833107,0.119,Asia
Kiribati,KIR,2019,3.31125827814569,-1.81307995302947,,Oceania
St. Kitts and Nevis,KNA,2019,2.93824658056356,-0.329562063663977,,Other
"Korea, Rep.",KOR,2019,2.31380210595475,0.383000303608136,3.746,Asia
Kuwait,KWT,2019,2.26381706595791,1.09184802655856,2.213,Middle East
Lao PDR,LAO,2019,5.4577350924848,3.32255881256925,2.531,Other
Lebanon,LBN,2019,-6.91492472851026,3.00538949390383,11.301,Middle East
Liberia,LBR,2019,-2.46729763532686,26.9662760197878,3.071,Other
Libya,LBY,2019,-11.1960828853386,-2.16217883470591,19.087,Other
St. Lucia,LCA,2019,-1.0293678947917,0.539087559191757,15.613,Other
Sri Lanka,LKA,2019,-0.220483886824823,3.52839358231811,4.67,Asia
Lesotho,LSO,2019,-1.41799383085205,5.18708359197982,16.876,Other
Lithuania,LTU,2019,4.67735183530451,2.33450937988027,6.255,Other
Luxembourg,LUX,2019,2.74932091920692,1.74332075653848,5.592,Other
Latvia,LVA,2019,0.675372771884227,2.81140920075624,6.312,Other
"Macao SAR, China",MAC,2019,-2.4609094006739,2.75193081051975,1.73,Other
St. Martin (French part),MAF,2019,6.50000363700821,,,Other
Morocco,MAR,2019,2.89097476137077,0.303386036590383,9.191,Africa
Monaco,MCO,2019,7.12088951975396,,,Other
Moldova,MDA,2019,3.5523140853476,4.83778351428729,1.502,Other
Madagascar,MDG,2019,4.41123212909589,5.61051441492365,2.479,Africa
Maldives,MDV,2019,6.92305989050099,0.220029731065383,4.562,Other
Mexico,MEX,2019,-0.392690513290532,3.63596142127046,3.477,Americas
Marshall Islands,MHL,2019,10.4521147301896,,,Other
North Macedonia,MKD,2019,3.91041953840173,0.766439573459805,17.414,Other
Mali,MLI,2019,4.99999911699705,-1.65826694846365,3.29,Africa
Malta,MLT,2019,4.0850557312243,1.6420600176894,4.08,Other
Myanmar,MMR,2019,6.57911006765414,8.82506696804558,0.407,Asia
Montenegro,MNE,2019,4.39391565821528,0.361563704540767,15.128,Other
Mongolia,MNG,2019,5.60224422064255,7.30106953550729,9.024,Asia
Northern Mariana Islands,MNP,2019,-11.4474929044465,,,Other
Mozambique,MOZ,2019,2.31781394821475,2.80270307928111,4.462,Africa
Mauritania,MRT,2019,3.14100489264639,2.30009262117937,10.416,Other
Mauritius,MUS,2019,2.86394938684734,0.405655190309553,6.331,Other
Malawi,MWI,2019,5.71682519194337,9.3708360560567,4.964,Other
Malaysia,MYS,2019,4.41318742129586,0.662891865764326,3.33,Asia
Namibia,NAM,2019,-0.839152163419357,3.72239414422695,19.929,Other
New Caledonia,NCL,2019,-1.39999999506659,,10.88,Other
Niger,NER,2019,6.07881528959186,-2.48979265070855,0.531,Africa
Nigeria,NGA,2019,2.20842927835211,11.3964223378115,5.206,Africa
Nicaragua,NIC,2019,-2.89686986728901,5.37628990844126,5.457,Americas
Netherlands,NLD,2019,2.3001616053659,2.63369910249591,3.379,Europe
Norway,NOR,2019,1.46970781954143,2.16773003305411,3.684,Europe
Nepal,NPL,2019,6.65705543110468,5.56616035243723,10.477,Asia
Naoero,NRU,2019,8.5470085470084,,,Other
New Zealand,NZL,2019,2.32371708441623,1.61963190184048,4.109,Oceania
Oman,OMN,2019,-1.12863801728058,0.490815362820671,2.045,Middle East
Pakistan,PAK,2019,2.49763692943365,10.5780305672025,4.83,Asia
Panama,PAN,2019,3.10295395631086,-0.355083821021246,6.256,Americas
Peru,PER,2019,2.24063176875049,2.25212191358027,3.379,Americas
Philippines,PHL,2019,6.11852566221303,2.39206534422404,2.237,Asia
Palau,PLW,2019,0.300684343692609,0.26737967914444,,Other
Papua New Guinea,PNG,2019,4.48051456942582,3.92867290939597,2.651,Oceania
Poland,POL,2019,4.58045817256199,2.22747880938291,3.267,Europe
Puerto Rico (US),PRI,2019,1.67546379498209,,8.3,Other
"Korea, Dem. People's Rep.",PRK,2019,,,3.439,Other
Portugal,PRT,2019,2.74568432648596,0.338178410046124,6.422,Europe
Paraguay,PRY,2019,-0.40185510068001,2.75709727562775,6.595,Americas
West Bank and Gaza,PSE,2019,1.36268746558062,1.58018333639455,25.34,Other
French Polynesia,PYF,2019,2.68946658143334,,11.591,Other
Qatar,QAT,2019,0.688240954592672,-0.666641124861147,0.1,Middle East
Romania,ROU,2019,3.96028958497598,3.82785432599438,3.912,Europe
Russian Federation,RUS,2019,2.19807571381982,4.47202631837903,4.513,Other
Rwanda,RWA,2019,9.28613387454543,3.34787655037648,11.236,Africa
Saudi Arabia,SAU,2019,1.65158925617395,-1.19298644533328,5.636,Middle East
Sudan,SDN,2019,-2.17825104530091,50.9940515002965,11.697,Other
Senegal,SEN,2019,4.6136280976221,1.76011151192939,2.863,Africa
Singapore,SGP,2019,1.15877947300108,0.567829988405447,3.1,Other
Solomon Islands,SLB,2019,1.74925244485951,1.63485544012247,0.746,Oceania
Sierra Leone,SLE,2019,5.50270937378153,14.8049990906021,3.204,Other
El Salvador,SLV,2019,2.43747159065784,0.0753241350024612,4.17,Americas
San Marino,SMR,2019,2.06569082920953,0.472651967352852,,Other
"Somalia, Fed. Rep.",SOM,2019,2.80033312513012,,18.828,Other
Serbia,SRB,2019,4.75020793899014,1.84922984511086,10.395,Other
South Sudan,SSD,2019,,87.2413641500032,12.656,Other
Sao Tome and Principe,STP,2019,2.01431672129407,7.72024525213248,8.835,Other
Suriname,SUR,2019,1.16758977233877,,7.755,Other
Slovak Republic,SVK,2019,2.27589910019393,2.6645613342544,5.761,Other
Slovenia,SVN,2019,3.50525332381912,1.63052260754335,4.446,Other
Sweden,SWE,2019,2.60823012869524,1.78415097403835,6.833,Europe
Eswatini,SWZ,2019,6.43186888691574,2.59801620311077,28.222,Other
Sint Maarten (Dutch part),SXM,2019,10.9650009352392,,,Other
Seychelles,SYC,2019,5.5142920737342,1.80709400809982,,Other
Syrian Arab Republic,SYR,2019,1.22072818348491,13.4175653228571,13.369,Middle East
Turks and Caicos Islands,TCA,2019,4.98170549382992,,,Other
Chad,TCD,2019,5.38282202874814,-0.971939175419401,1.077,Other
Togo,TGO,2019,4.91949260488683,0.674652770077525,2.036,Other
Thailand,THA,2019,2.11455779628278,0.705524801910317,0.716,Asia
Tajikistan,TJK,2019,7.40000016310556,,7.026,Asia
Turkmenistan,TKM,2019,6.33169567608873,,4.035,Other
Timor-Leste,TLS,2019,24.2128840085001,0.958812739703141,3.148,Other
Tonga,TON,2019,-0.285210784299821,1.17954334821801,2.165,Oceania
Trinidad and Tobago,TTO,2019,0.467734528855885,1.00054293027237,3.523,Other
Tunisia,TUN,2019,1.55009304966742,6.72007532863799,17.153,Other
Turkiye,TUR,2019,1.30162365464503,15.1768215720022,13.73,Other
Tuvalu,TUV,2019,13.4465048163198,,,Other
Tanzania,TZA,2019,5.79999999996723,3.46428057999021,1.735,Africa
Uganda,UGA,2019,6.43874503276439,2.867588034469,3.057,Other
Ukraine,UKR,2019,3.19950386354134,7.88671745611133,8.194,Europe
Uruguay,URY,2019,0.928351027546341,7.88198870879619,8.836,Americas
United States,USA,2019,2.58382533052225,1.81221007526021,3.669,Americas
Uzbekistan,UZB,2019,6.79331098484522,14.5257359560687,4.936,Asia
St. Vincent and the Grenadines,VCT,2019,0.668428481084234,0.91306972532459,19.248,Other
"Venezuela, RB",VEN,2019,-27.6190476190476,,5.89,Americas
Virgin Islands (U.S.),VIR,2019,2.90833549727343,,11.774,Other
Viet Nam,VNM,2019,7.35926270105006,2.79582367452244,1.681,Asia
Vanuatu,VUT,2019,3.27677257380314,2.76252019386111,5.444,Oceania
Samoa,WSM,2019,4.45185891688691,0.982326569888117,7.858,Oceania
Kosovo,XKX,2019,4.75680057007834,2.67599202639893,,Other
"Yemen, Rep.",YEM,2019,,,17.213,Middle East
South Africa,ZAF,2019,0.25993557687633,4.10285075461156,28.468,Africa
Zambia,ZMB,2019,1.44130602603785,9.15031644316296,5.538,Other
Zimbabwe,ZWE,2019,-6.33244976028571,255.304990757856,7.373,Other
Aruba,ABW,2020,-23.9400592677491,,,Other
Afghanistan,AFG,2020,-2.35110067203466,5.60188791482224,11.71,Asia
Angola,AGO,2020,-5.27349128300007,22.271539247051,16.696,Africa
Albania,ALB,2020,-3.31375636888916,1.62088661717021,11.639,Other
Andorra,AND,2020,-11.1839399355384,,,Other
United Arab Emirates,ARE,2020,-8.69343363776639,-2.07940317940944,4.294,Middle East
Argentina,ARG,2020,-9.9004848136464,42.0150947376509,11.461,Americas
Armenia,ARM,2020,-7.19999999920631,1.21143577838465,18.175,Other
American Samoa,ASM,2020,4.41176470588236,,,Other
Antigua and Barbuda,ATG,2020,-18.8687765208148,0.625989707046719,,Other
Australia,AUS,2020,-0.133531904304775,0.846900734607273,6.394,Oceania
Austria,AUT,2020,-6.31825509209936,1.38191063351854,5.201,Europe
Azerbaijan,AZE,2020,-4.19896065333343,2.75980947008127,7.24,Other
Burundi,BDI,2020,0.306443811651718,7.32110643415521,1.03,Other
Belgium,BEL,2020,-4.7929839083518,0.740791812220344,5.545,Europe
Benin,BEN,2020,3.84879240030133,3.02272119663759,1.518,Other
Burkina Faso,BFA,2020,2.01077262406221,1.88470066518847,4.59,Africa
Bangladesh,BGD,2020,3.44801755122445,5.69107474746211,5.539,Asia
Bulgaria,BGR,2020,-3.13323543125917,1.67244096855756,5.037,Other
Bahrain,BHR,2020,-5.9113629524152,-2.31770629331379,1.765,Middle East
"Bahamas, The",BHS,2020,-20.0893664891399,0.0385210980054558,12.016,Other
Bosnia and Herzegovina,BIH,2020,-3.01509335460439,-1.0512960076349,15.868,Other
Belarus,BLR,2020,-0.672742918585868,5.54814357456519,4.049,Other
Belize,BLZ,2020,-13.5228997055506,0.121434644614894,10.763,Other
Bermuda,BMU,2020,-6.97162571479863,,,Other
Bolivia,BOL,2020,-12.7194690092717,0.940742153381849,7.903,Americas
Brazil,BRA,2020,-3.2767587964736,3.21176803803376,13.697,Americas
Barbados,BRB,2020,-17.4059314651747,,10.586,Other
Brunei Darussalam,BRN,2020,1.1335733495246,1.94031996607184,7.409,Other
Bhutan,BTN,2020,-10.2183974208569,5.62936522632508,5.03,Other
Botswana,BWA,2020,-8.72888243996397,1.8903591682421,21.017,Other
Central African Republic,CAF,2020,0.899999996857062,1.71015659523153,6.519,Other
Canada,CAN,2020,-5.03823342794087,0.716999632307827,9.657,Other
Switzerland,CHE,2020,-2.2552579425106,-0.725874933313403,4.817,Europe
Channel Islands,CHI,2020,-8.89677926591959,,6.633,Other
Chile,CHL,2020,-6.1396969411886,3.04549084804326,10.934,Americas
China,CHN,2020,2.33950385203023,2.41942189457782,5.0,Asia
Cote d'Ivoire,CIV,2020,0.699728593494228,2.41252617189053,2.588,Africa
Cameroon,CMR,2020,0.259932915907115,2.43760882182236,3.881,Africa
"Congo, Dem. Rep.",COD,2020,0.775427992354622,,5.355,Other
"Congo, Rep.",COG,2020,-6.26777227963225,1.79537147083108,22.286,Other
Colombia,COL,2020,-7.18591413760859,2.52663500084706,15.983,Americas
Comoros,COM,2020,-0.195556841918759,0.786641929499151,4.468,Other
Cabo Verde,CPV,2020,-20.8052758990735,0.605795808395385,14.65,Other
Costa Rica,CRI,2020,-4.14159340574358,0.724911478131376,16.432,Americas
Cuba,CUB,2020,-10.9494359030206,,2.233,Americas
Curacao,CUW,2020,-18.4384696124769,,,Other
Cayman Islands,CYM,2020,-4.95480696516726,,,Other
Cyprus,CYP,2020,-3.22063018637567,-0.638422797978861,7.755,Other
Czechia,CZE,2020,-5.30487955463876,3.1612952849781,2.55,Europe
Germany,DEU,2020,-4.13191443239947,0.144877925813982,3.881,Europe
Djibouti,DJI,2020,1.2021151728969,1.77900535643955,27.701,Other
Dominica,DMA,2020,-15.7064024545862,1.22026442242476,,Other
Denmark,DNK,2020,-1.78010601831291,0.420711974110025,5.644,Europe
Dominican Republic,DOM,2020,-7.92905234231061,3.78103179915517,6.126,Americas
Algeria,DZA,2020,-4.99999999908597,2.41513094083414,14.08,Africa
Ecuador,ECU,2020,-9.24509619165865,-0.338872392562139,6.116,Americas
"Egypt, Arab Rep.",EGY,2020,3.55016483883115,5.04493288977539,7.974,Africa
Eritrea,ERI,2020,,,6.375,Other
Spain,ESP,2020,-10.9400706350371,-0.322753017299649,15.532,Europe
Estonia,EST,2020,-2.88380751483778,-0.44453109767983,6.956,Other
Ethiopia,ETH,2020,6.05953089248577,20.3563468559061,3.998,Africa
Finland,FIN,2020,-2.49103605535707,0.290554555653239,7.759,Europe
Fiji,FJI,2020,-17.1835352599354,-1.70014167847318,5.054,Oceania
France,FRA,2020,-7.44064589948231,0.476498852725065,8.009,Europe
Faroe Islands,FRO,2020,-1.63732118017028,,,Other
"Micronesia, Fed. Sts.",FSM,2020,-2.05703124999999,0.554594630853174,,Oceania
Gabon,GAB,2020,-1.8377610635094,1.35276110675333,21.279,Other
United Kingdom,GBR,2020,-10.047896637362,0.989486703772491,4.472,Europe
Georgia,GEO,2020,-6.2904717853839,5.2024648897534,11.734,Other
Ghana,GHA,2020,0.513941670628171,9.88728956269944,3.178,Africa
Guinea,GIN,2020,4.70459096113575,10.6016203387167,6.007,Africa
"Gambia, The",GMB,2020,0.591487287873974,5.93127636562441,5.84,Other
Guinea-Bissau,GNB,2020,2.89149979806913,1.14000939393222,2.887,Other
Equatorial Guinea,GNQ,2020,-4.79108083383294,4.76669523944228,8.625,Other
Greece,GRC,2020,-9.19623149726978,-1.24798355581405,15.899,Europe
Grenada,GRD,2020,-13.7566222572107,-0.740732597045498,,Other
Greenland,GRL,2020,0.250789762104304,,,Other
Guatemala,GTM,2020,-1.78555117570465,3.21444062197345,2.965,Americas
Guam,GUM,2020,-10.5188595714539,,6.241,Other
Guyana,GUY,2020,43.479651716849,0.722434045501787,15.308,Other
"Hong Kong SAR, China",HKG,2020,-6.54479640529367,0.2509620210808,5.808,Other
Honduras,HND,2020,-8.96508223267296,3.46841177951171,10.982,Americas
Croatia,HRV,2020,-8.31046995309319,0.154811374562106,7.389,Other
Haiti,HTI,2020,-3.30550546965893,22.7963113642528,15.573,Other
Hungary,HUN,2020,-4.33872540024058,3.32674385766738,4.248,Europe
Indonesia,IDN,2020,-2.06551182934165,1.91983527270793,4.255,Asia
Isle of Man,IMN,2020,-8.83681697473475,,,Other
India,IND,2020,-5.77772470687303,6.6234367762853,7.859,Asia
Ireland,IRL,2020,7.15369505735335,-0.326183651280033,5.623,Other
"Iran, Islamic Rep.",IRN,2020,4.44180865358672,30.5941390387295,9.687,Middle East
Iraq,IRQ,2020,-12.0367930960454,0.574162679425856,15.766,Middle East
Iceland,ISL,2020,-6.64587810456635,2.84792401518657,5.478,Other
Israel,ISR,2020,-1.80206927953466,-0.575254620897756,4.169,Middle East
Italy,ITA,2020,-8.86822122185345,-0.13770757391651,9.192,Europe
Jamaica,JAM,2020,-8.30441923583135,5.2267777929352,6.501,Other
Jordan,JOR,2020,-1.15257534158022,0.333294350628378,19.213,Middle East
Japan,JPN,2020,-4.28327942675573,-0.024995834027731,2.809,Asia
Kazakhstan,KAZ,2020,-2.49999999628,6.71815454861458,4.89,Asia
Kenya,KEN,2020,-0.272766327438816,5.40516207933392,5.613,Africa
Kyrgyz Republic,KGZ,2020,-7.14897757727955,6.32542296338078,5.945,Other
Cambodia,KHM,2020,-3.55572193406549,2.9402951426397,0.172,Asia
Kiribati,KIR,2020,-1.28205128205127,2.5532455441463,,Oceania
St. Kitts and Nevis,KNA,2020,-15.3018891740649,-1.16724501769353,,Other
"Korea, Rep.",KOR,2020,-0.700242317542106,0.537288023411737,3.931,Asia
Kuwait,KWT,2020,-4.81731593381585,2.101729548274,3.489,Middle East
Lao PDR,LAO,2020,0.503031829018681,5.10407262959919,2.349,Other
Lebanon,LBN,2020,-21.3998996914321,84.8643330472041,13.252,Middle East
Liberia,LBR,2020,-2.98249127649473,16.9557241496255,4.102,Other
Libya,LBY,2020,-29.4552967282824,1.44703656998741,19.651,Other
St. Lucia,LCA,2020,-22.9005138634176,-1.75580833517594,25.224,Other
Sri Lanka,LKA,2020,-4.62451503712715,6.15394508391738,5.364,Asia
Lesotho,LSO,2020,-8.15595785459911,4.97809676252309,18.385,Other
Lithuania,LTU,2020,0.0428158336981426,1.19989444983569,8.487,Other
Luxembourg,LUX,2020,-0.510051634039826,0.819957302127036,6.766,Other
Latvia,LVA,2020,-3.46922750780554,0.219064904841985,8.098,Other
"Macao SAR, China",MAC,2020,-54.4020925789353,0.811410511491512,2.542,Other
St. Martin (French part),MAF,2020,-12.500002246731,,,Other
Morocco,MAR,2020,-7.17820744246774,0.705968661338261,11.189,Africa
Monaco,MCO,2020,-13.2391048292108,,,Other
Moldova,MDA,2020,-8.27597831976949,3.76597122245358,1.206,Other
Madagascar,MDG,2020,-7.13767162064489,4.20179312190557,3.292,Africa
Maldives,MDV,2020,-32.9088287752921,-1.36977425569811,5.42,Other
Mexico,MEX,2020,-8.35403459379062,3.39683415570006,4.44,Americas
Marshall Islands,MHL,2020,-2.77288732394366,,,Other
North Macedonia,MKD,2020,-4.68845000956652,1.20007348888469,16.575,Other
Mali,MLI,2020,-1.16910834857605,0.438088940320669,3.528,Africa
Malta,MLT,2020,-3.45728232537419,0.638544956776712,4.856,Other
Myanmar,MMR,2020,-9.04834717984643,,1.476,Asia
Montenegro,MNE,2020,-14.9926187023533,-0.255655699848551,17.878,Other
Mongolia,MNG,2020,-4.55775197583431,3.7237230614026,6.413,Asia
Northern Mariana Islands,MNP,2020,-29.0598290598291,,,Other
Mozambique,MOZ,2020,-1.21952250011192,3.48393567493204,5.019,Africa
Mauritania,MRT,2020,-0.36065738652286,2.3856948845632,11.051,Other
Mauritius,MUS,2020,-14.1974358137792,2.5808007718283,8.626,Other
Malawi,MWI,2020,0.793596429787286,8.62551469650552,5.72,Other
Malaysia,MYS,2020,-5.45684658426701,-1.1387021539305,4.54,Asia
Namibia,NAM,2020,-8.10140201443319,2.20938236933469,21.003,Other
New Caledonia,NCL,2020,-2.40000000692145,,13.558,Other
Niger,NER,2020,4.45481803846413,2.8981937602627,0.591,Africa
Nigeria,NGA,2020,-6.36889840468527,13.2460234276598,5.714,Africa
Nicaragua,NIC,2020,-2.23654176262323,3.68181341625572,6.18,Americas
Netherlands,NLD,2020,-3.86799714191608,1.27246037789161,3.82,Europe
Norway,NOR,2020,-1.36055723261586,1.28658490707996,4.424,Europe
Nepal,NPL,2020,-2.3696206292072,5.05635826238499,13.037,Asia
Naoero,NRU,2020,1.57480314960559,,,Other
New Zealand,NZL,2020,-0.240916114758988,1.71456170007245,4.595,Oceania
Oman,OMN,2020,-3.37972052697999,-0.40640291946585,2.94,Middle East
Pakistan,PAK,2020,-1.27408744338709,9.74011619320125,5.994,Asia
Panama,PAN,2020,-17.8211174074602,-1.55027540803761,14.663,Americas
Peru,PER,2020,-10.9333065010382,2.00241205759292,7.179,Americas
Philippines,PHL,2020,-9.51829474045297,2.3931623931624,2.522,Asia
Palau,PLW,2020,-6.00740723664144,0.218181818181833,,Other
Papua New Guinea,PNG,2020,-3.16743204434815,4.87167398565555,2.903,Oceania
Poland,POL,2020,-2.03556882399977,3.37446972618589,3.155,Europe
Puerto Rico (US),PRI,2020,-4.1808743093346,,8.89,Other
"Korea, Dem. People's Rep.",PRK,2020,,,3.624,Other
Portugal,PRT,2020,-8.20463159324387,-0.0124383299576209,6.85,Europe
Paraguay,PRY,2020,-0.819785390971916,1.76751592356698,7.548,Americas
West Bank and Gaza,PSE,2020,-11.3184661065134,-0.735332001092191,25.895,Other
French Polynesia,PYF,2020,-10.5738138632489,,12.963,Other
Qatar,QAT,2020,-3.5576039896784,-2.5403150300476,0.14,Middle East
Romania,ROU,2020,-3.59802546034757,2.63107311184743,5.035,Europe
Russian Federation,RUS,2020,-2.65365449695453,3.38219796948068,5.62,Other
Rwanda,RWA,2020,-2.77710485515125,9.85039902274207,11.829,Africa
Saudi Arabia,SAU,2020,-3.80478901996312,3.37234961012303,7.66,Middle East
Sudan,SDN,2020,-3.62980082410752,163.257782355458,11.995,Other
Senegal,SEN,2020,1.34207377285524,2.54314685681662,3.432,Africa
Singapore,SGP,2020,-3.61084281729929,-0.172111865925382,4.1,Other
Solomon Islands,SLB,2020,-3.38125925839405,2.96354992076065,0.868,Oceania
Sierra Leone,SLE,2020,-1.2533490322766,13.4468711101052,3.509,Other
El Salvador,SLV,2020,-7.893101359867,-0.371590212324095,5.008,Americas
San Marino,SMR,2020,-6.64791226034481,-0.133368898372915,,Other
"Somalia, Fed. Rep.",SOM,2020,-2.76455696202532,,19.414,Other
Serbia,SRB,2020,-0.950023991851594,1.57553290083415,9.011,Other
South Sudan,SSD,2020,,29.6758435538572,14.246,Other
Sao Tome and Principe,STP,2020,2.62485949543812,9.81932791540146,9.679,Other
Suriname,SUR,2020,-15.9751917148622,34.889784309078,8.973,Other
Slovak Republic,SVK,2020,-2.58551241733207,1.93694126694223,6.719,Other
Slovenia,SVN,2020,-4.08500094942896,-0.05485681576061,4.971,Other
Sweden,SWE,2020,-1.93379704032216,0.497367318853572,8.291,Europe
Eswatini,SWZ,2020,-2.95183453409287,,32.978,Other
Sint Maarten (Dutch part),SXM,2020,-13.3167887221567,,,Other
Seychelles,SYC,2020,-11.7398608281732,1.20266463987123,,Other
Syrian Arab Republic,SYR,2020,0.954914586675713,,15.179,Middle East
Turks and Caicos Islands,TCA,2020,-33.8170973434652,,,Other
Chad,TCD,2020,-0.393646582380399,4.46414437232861,1.695,Other
Togo,TGO,2020,2.15900131150536,1.69928463299399,2.231,Other
Thailand,THA,2020,-6.09306312966953,-0.846087518861799,1.099,Asia
Tajikistan,TJK,2020,4.40000111553493,,7.576,Asia
Turkmenistan,TKM,2020,5.87065623130427,,4.489,Other
Timor-Leste,TLS,2020,31.7257416721413,0.495499215459571,2.808,Other
Tonga,TON,2020,1.80618715298932,-0.349737696727419,2.712,Oceania
Trinidad and Tobago,TTO,2020,-8.78879817831519,0.598986330824643,4.206,Other
Tunisia,TUN,2020,-8.97512622934723,5.63415115897625,17.651,Other
Turkiye,TUR,2020,1.80306247087255,12.2789574462574,13.148,Other
Tuvalu,TUV,2020,-3.03030303030303,,,Other
Tanzania,TZA,2020,1.99196460647855,3.29029062798325,1.792,Africa
Uganda,UGA,2020,2.95130642218098,3.31332289544502,3.819,Other
Ukraine,UKR,2020,-3.75281793983162,2.73249209419427,9.475,Europe
Uruguay,URY,2020,-7.35732706897301,9.75640636078194,10.413,Americas
United States,USA,2020,-2.081375977796,1.23358439630629,8.055,Americas
Uzbekistan,UZB,2020,1.62162281640448,12.8677297362606,5.293,Asia
St. Vincent and the Grenadines,VCT,2020,-4.26892434422649,-0.628131309354654,20.635,Other
"Venezuela, RB",VEN,2020,-29.8245614035088,,7.53,Americas
Virgin Islands (U.S.),VIR,2020,-1.61493817814787,,14.366,Other
Viet Nam,VNM,2020,2.86541320912272,3.22093436652515,2.103,Asia
Vanuatu,VUT,2020,-5.72530282073851,5.32935073101715,4.046,Oceania
Samoa,WSM,2020,-3.10864485863991,-1.56891247740895,7.467,Oceania
Kosovo,XKX,2020,-5.34027547826166,0.198227922994854,,Other
"Yemen, Rep.",YEM,2020,,,17.963,Middle East
South Africa,ZAF,2020,-6.1689177146757,3.23238831615113,29.217,Africa
Zambia,ZMB,2020,-2.78505506545167,15.7330604721369,6.032,Other
Zimbabwe,ZWE,2020,-7.81695060188729,557.201817362051,8.617,Other
Aruba,ABW,2021,14.833691976226,,,Other
Afghanistan,AFG,2021,-20.7388393676343,5.13320340824963,12.006,Asia
Angola,AGO,2021,1.09058369944815,25.7542948841891,15.799,Africa
Albania,ALB,2021,8.96957619074095,2.04147163139545,11.474,Other
Andorra,AND,2021,8.28677879049404,,,Other
United Arab Emirates,ARE,2021,4.55280140106356,0.179935336174431,3.105,Middle East
Argentina,ARG,2021,10.4418119882506,48.4093786255199,8.736,Americas
Armenia,ARM,2021,5.80000000065645,7.18483629443371,15.469,Other
American Samoa,ASM,2021,-0.782472613458523,,,Other
Antigua and Barbuda,ATG,2021,8.17286311186622,2.06299638545334,,Other
Australia,AUS,2021,2.00694844335034,2.86391284709318,5.022,Oceania
Austria,AUT,2021,4.92309171717903,2.7666666666667,6.459,Europe
Azerbaijan,AZE,2021,5.61644027150554,6.65029912708779,6.04,Other
Burundi,BDI,2021,3.23707479372925,8.40453845076341,1.118,Other
Belgium,BEL,2021,6.25445686466593,2.44024851144084,6.248,Europe
Benin,BEN,2021,7.1554516457574,1.73353962694036,1.833,Other
Burkina Faso,BFA,2021,6.94252492572348,3.65326761825509,4.511,Africa
Bangladesh,BGD,2021,6.93867912442445,5.54565430773473,5.457,Asia
Bulgaria,BGR,2021,7.82817310703665,3.29774435299506,5.166,Other
Bahrain,BHR,2021,4.35004091668986,-0.60631938514085,1.548,Middle East
"Bahamas, The",BHS,2021,17.5861390037409,2.90491262928478,11.078,Other
Bosnia and Herzegovina,BIH,2021,7.39164256472846,1.98163900587622,14.897,Other
Belarus,BLR,2021,2.43886210234947,9.46028389623099,3.9,Other
Belize,BLZ,2021,17.9899244143607,3.23563659237071,10.302,Other
Bermuda,BMU,2021,4.76497899668355,,,Other
Bolivia,BOL,2021,10.0290488827886,0.737383721452275,5.089,Americas
Brazil,BRA,2021,4.76260437908608,8.30165975585673,13.158,Americas
Barbados,BRB,2021,8.0198770096479,,11.015,Other
Brunei Darussalam,BRN,2021,-1.59076260099606,1.73341388450593,4.905,Other
Bhutan,BTN,2021,4.42136738945015,7.3468144053353,4.803,Other
Botswana,BWA,2021,11.9162724376008,7.24097765588442,23.106,Other
Central African Republic,CAF,2021,0.982919996264229,4.25936417542868,6.701,Other
Canada,CAN,2021,5.95052804984759,3.39519318527528,7.527,Other
Switzerland,CHE,2021,6.17622836050151,0.581814168489856,5.013,Europe
Channel Islands,CHI,2021,9.93680136985076,,6.643,Other
Chile,CHL,2021,11.3374032409913,4.52456838259144,9.281,Americas
China,CHN,2021,8.57038414981781,0.981015135544882,4.55,Asia
Cote d'Ivoire,CIV,2021,7.06253713446816,4.15919657911798,2.623,Africa
Cameroon,CMR,2021,3.33885747179505,2.27185762503637,3.976,Africa
"Congo, Dem. Rep.",COD,2021,6.42961005647355,,5.289,Other
"Congo, Rep.",COG,2021,1.01507036990908,1.7156427545126,21.998,Other
Colombia,COL,2021,10.8011981904878,3.49505757399448,13.898,Americas
Comoros,COM,2021,2.04245238320844,-0.0044179368234698,4.394,Other
Cabo Verde,CPV,2021,7.03353010694514,1.86215297494647,13.932,Other
Costa Rica,CRI,2021,8.21817953969082,1.72647755109241,15.139,Americas
Cuba,CUB,2021,1.25448735650322,,2.11,Americas
Curacao,CUW,2021,4.18371018614259,,,Other
Cayman Islands,CYM,2021,4.86941655353661,,,Other
Cyprus,CYP,2021,11.3975590801512,2.44608867175474,7.513,Other
Czechia,CZE,2021,4.02901832055149,3.83984491500146,2.803,Europe
Germany,DEU,2021,3.90999994204108,3.06666666666673,3.594,Europe
Djibouti,DJI,2021,4.40715667561153,1.18086783934059,27.628,Other
Dominica,DMA,2021,5.37983838954712,2.22891330700344,,Other
Denmark,DNK,2021,6.50025445756295,1.85304543989689,5.065,Europe
Dominican Republic,DOM,2021,14.0124289062207,8.24300347981809,7.702,Americas
Algeria,DZA,2021,3.79999999900707,7.22606307415477,13.656,Africa
Ecuador,ECU,2021,9.42189269033631,0.133251386096389,4.504,Americas
"Egypt, Arab Rep.",EGY,2021,3.29064601193245,5.21404940513043,7.441,Africa
Eritrea,ERI,2021,,,6.489,Other
Spain,ESP,2021,6.68314420473001,3.09313511976402,14.914,Europe
Estonia,EST,2021,8.25488044580031,4.65316673847473,6.178,Other
Ethiopia,ETH,2021,5.64153069324176,26.8395221557722,3.935,Africa
Finland,FIN,2021,2.67634641498897,2.19457432339998,7.617,Europe
Fiji,FJI,2021,-4.3459619989752,1.53454853751592,5.225,Oceania
France,FRA,2021,6.88233783360239,1.64233141038394,7.871,Europe
Faroe Islands,FRO,2021,5.06636291600633,,,Other
"Micronesia, Fed. Sts.",FSM,2021,3.09969928290539,3.19128406597466,,Oceania
Gabon,GAB,2021,1.46795731508091,1.0869074651941,21.223,Other
United Kingdom,GBR,2021,8.5431118453255,2.51837109614213,4.864,Europe
Georgia,GEO,2021,10.6442336580969,9.56691433824769,11.785,Other
Ghana,GHA,2021,5.07646643533542,9.9710886750444,3.2,Africa
Guinea,GIN,2021,5.5823328114905,12.5972882566934,5.815,Africa
"Gambia, The",GMB,2021,5.25596878816744,7.37034758876618,6.213,Other
Guinea-Bissau,GNB,2021,5.0173096003907,2.24248879577658,3.016,Other
Equatorial Guinea,GNQ,2021,0.860269956382069,-0.0971007664640198,8.821,Other
Greece,GRC,2021,8.65449786002131,1.22382501019854,14.656,Europe
Grenada,GRD,2021,4.6977240232674,1.21951193916838,,Other
Greenland,GRL,2021,1.63409410992996,,,Other
Guatemala,GTM,2021,8.04170398855833,4.26105127422813,2.174,Americas
Guam,GUM,2021,2.0581832574708,,6.0,Other
Guyana,GUY,2021,20.0599975568418,4.50619858925893,14.576,Other
"Hong Kong SAR, China",HKG,2021,6.45443038333934,1.56875834445922,5.174,Other
Honduras,HND,2021,12.5652843771279,4.48087963413446,8.506,Americas
Croatia,HRV,2021,12.6312741312741,2.55450699642041,7.483,Other
Haiti,HTI,2021,-1.79823988931486,16.8415240198785,15.296,Other
Hungary,HUN,2021,7.22291580811137,5.11096534382855,4.021,Europe
Indonesia,IDN,2021,3.70288562827751,1.56007882983334,3.827,Asia
Isle of Man,IMN,2021,3.83783632334639,,,Other
India,IND,2021,9.68959249191741,5.13140747176364,6.38,Asia
Ireland,IRL,2021,16.2581881158197,2.34034113447044,6.357,Other
"Iran, Islamic Rep.",IRN,2021,4.13089685034471,43.3890162681514,9.282,Middle East
Iraq,IRQ,2021,1.5021807095434,6.04186489058043,16.173,Middle East
Iceland,ISL,2021,5.18057190719905,4.44423970189746,6.029,Other
Israel,ISR,2021,9.33534690236249,1.47965474722561,4.812,Middle East
Italy,ITA,2021,8.93106210800055,1.87378325762481,9.497,Europe
Jamaica,JAM,2021,5.70467978309095,5.86278242801063,5.188,Other
Jordan,JOR,2021,3.75201276755828,1.34609377243118,19.837,Middle East
Japan,JPN,2021,3.56419531474475,-0.233352779398264,2.808,Asia
Kazakhstan,KAZ,2021,4.29999999729456,8.04147134028401,5.568,Asia
Kenya,KEN,2021,7.59048947333467,6.10793603659176,5.693,Africa
Kyrgyz Republic,KGZ,2021,5.50700762671923,11.9050398185147,5.149,Other
Cambodia,KHM,2021,3.08984284148661,2.92073477592949,0.396,Asia
Kiribati,KIR,2021,8.44155844155846,2.05361676773907,,Oceania
St. Kitts and Nevis,KNA,2021,0.367606879216311,1.195688870384,,Other
"Korea, Rep.",KOR,2021,4.61296795454287,2.49833333333339,3.639,Asia
Kuwait,KWT,2021,1.67213054307859,3.42362947609188,2.97,Middle East
Lao PDR,LAO,2021,2.52835100486102,3.75562036658877,2.08,Other
Lebanon,LBN,2021,-7.00123862514116,154.756096023393,12.715,Middle East
Liberia,LBR,2021,4.98671283481617,7.81559385858648,3.844,Other
Libya,LBY,2021,28.2996823429147,2.86833027751015,19.779,Other
St. Lucia,LCA,2021,11.1466993240856,2.41070312174393,20.514,Other
Sri Lanka,LKA,2021,4.2074764950026,7.01478071238195,4.981,Asia
Lesotho,LSO,2021,2.26670961833291,6.04774591950676,18.214,Other
Lithuania,LTU,2021,6.39481772930206,4.68354420903453,7.112,Other
Luxembourg,LUX,2021,6.92973270801744,2.52692009066166,5.571,Other
Latvia,LVA,2021,6.94254173062592,3.27582937431165,7.513,Other
"Macao SAR, China",MAC,2021,22.4622020023362,0.0264543647055504,2.221,Other
St. Martin (French part),MAF,2021,4.89999967133534,,,Other
Morocco,MAR,2021,8.15473889823681,1.40195883962006,10.551,Africa
Monaco,MCO,2021,22.2322155851208,,,Other
Moldova,MDA,2021,13.9299997889786,5.10641129002836,0.794,Other
Madagascar,MDG,2021,4.65068343174309,5.81225118787715,3.498,Africa
Maldives,MDV,2021,37.507870124321,0.543149688737013,5.016,Other
Mexico,MEX,2021,6.04848347173572,5.68920847683753,4.019,Americas
Marshall Islands,MHL,2021,2.15939339067452,,,Other
North Macedonia,MKD,2021,4.51067949038222,3.23074912132928,15.801,Other
Mali,MLI,2021,3.10094124463507,3.92560283104277,4.006,Africa
Malta,MLT,2021,13.3509818925498,1.49789217934724,3.754,Other
Myanmar,MMR,2021,-12.0163724829177,,4.34,Asia
Montenegro,MNE,2021,13.0462607426359,2.41080198403165,16.543,Other
Mongolia,MNG,2021,1.63676957736662,7.35894657888155,7.871,Asia
Northern Mariana Islands,MNP,2021,4.96987951807229,,,Other
Mozambique,MOZ,2021,2.37743572761507,6.40847652975692,5.413,Africa
Mauritania,MRT,2021,0.7427154981402,3.56516484650185,11.131,Other
Mauritius,MUS,2021,3.33809084057279,4.02852888157376,7.719,Other
Malawi,MWI,2021,4.55829212016083,9.33014410835212,5.652,Other
Malaysia,MYS,2021,3.31534954399166,2.47710241465447,4.64,Asia
Namibia,NAM,2021,3.60382919248703,3.61690530108814,20.931,Other
New Caledonia,NCL,2021,-2.0999999972552,,11.574,Other
Niger,NER,2021,1.11520063869706,3.8378680284051,0.806,Africa
Nigeria,NGA,2021,1.109252540249,16.9528457221608,5.404,Africa
Nicaragua,NIC,2021,10.4543887816515,4.92841396948968,6.076,Americas
Netherlands,NLD,2021,6.27683593745216,2.67572008805385,4.209,Europe
Norway,NOR,2021,4.14314688769197,3.48388055266669,4.359,Europe
Nepal,NPL,2021,4.838149614115,4.12676744440695,12.241,Asia
Naoero,NRU,2021,7.75193798449692,,,Other
New Zealand,NZL,2021,4.29916005216614,3.94112060778728,3.776,Oceania
Oman,OMN,2021,2.5821749892893,1.68221185876085,1.9,Middle East
Pakistan,PAK,2021,6.51388575852702,9.49641577285205,6.338,Asia
Panama,PAN,2021,16.4669992022652,1.63070337301898,10.177,Americas
Peru,PER,2021,13.4166456126513,4.27166381536798,5.097,Americas
Philippines,PHL,2021,5.71473313185116,3.92718022100332,3.398,Asia
Palau,PLW,2021,-11.9146400192064,2.6124818577648,,Other
Papua New Guinea,PNG,2021,-0.510612607034361,4.48359014042398,3.03,Oceania
Poland,POL,2021,6.92718266052501,5.05502704719272,3.268,Europe
Puerto Rico (US),PRI,2021,0.385222719529239,,7.9,Other
"Korea, Dem. People's Rep.",PRK,2021,,,3.692,Other
Portugal,PRT,2021,5.55875672070374,1.26565719069044,6.712,Europe
Paraguay,PRY,2021,3.99461510731535,4.787983101236,7.311,Americas
West Bank and Gaza,PSE,2021,7.01198227592003,1.23748102831369,26.39,Other
French Polynesia,PYF,2021,3.36590242421546,,12.558,Other
Qatar,QAT,2021,1.62684671918775,2.30446565742003,0.14,Middle East
Romania,ROU,2021,5.58735072538869,5.05232876096582,5.59,Europe
Russian Federation,RUS,2021,5.866491772979,6.69445891957612,4.749,Other
Rwanda,RWA,2021,8.41140448646523,-0.391346748300791,15.775,Africa
Saudi Arabia,SAU,2021,6.51959698325419,3.06328988941548,6.621,Middle East
Sudan,SDN,2021,-1.8685204827207,359.093040778999,11.087,Other
Senegal,SEN,2021,6.5440010991951,2.18032278088147,3.436,Africa
Singapore,SGP,2021,10.1410845197192,2.31610315765146,4.64,Other
Solomon Islands,SLB,2021,-0.227975292792024,-0.115437894412839,0.879,Oceania
Sierra Leone,SLE,2021,5.8968527047094,11.8739588840234,3.551,Other
El Salvador,SLV,2021,11.9047617015957,3.46692585313082,4.327,Americas
San Marino,SMR,2021,13.8977857594089,1.61551411551421,,Other
"Somalia, Fed. Rep.",SOM,2021,3.44719850031242,,19.662,Other
Serbia,SRB,2021,7.94905650472278,4.08510285335102,9.843,Other
South Sudan,SSD,2021,,10.5167158294358,13.95,Other
Sao Tome and Principe,STP,2021,1.89929891337832,8.13777038378732,9.563,Other
Suriname,SUR,2021,-2.43538583612838,59.1196626251977,8.706,Other
Slovak Republic,SVK,2021,5.6558588065555,3.1496062992126,6.894,Other
Slovenia,SVN,2021,8.41686457725321,1.91706506089269,4.744,Other
Sweden,SWE,2021,5.2258643028773,2.16319736447143,8.803,Europe
Eswatini,SWZ,2021,4.23621913615419,,34.153,Other
Sint Maarten (Dutch part),SXM,2021,4.57759677933345,,,Other
Seychelles,SYC,2021,0.552281631207279,9.76909936973542,,Other
Syrian Arab Republic,SYR,2021,1.7896919997567,,14.887,Middle East
Turks and Caicos Islands,TCA,2021,29.6293781722414,,,Other
Chad,TCD,2021,0.293442648033434,-0.77284437035914,1.53,Other
Togo,TGO,2021,5.13562929064506,4.1862150652352,2.344,Other
Thailand,THA,2021,1.55858232076893,1.23104516549814,1.215,Asia
Tajikistan,TJK,2021,9.39999955037523,,7.687,Asia
Turkmenistan,TKM,2021,6.15115785574542,,4.458,Other
Timor-Leste,TLS,2021,5.36980119392668,3.69792094666786,2.344,Other
Tonga,TON,2021,-0.934919892094683,5.64051140636743,2.111,Oceania
Trinidad and Tobago,TTO,2021,-0.716740625909793,2.05922746915458,4.446,Other
Tunisia,TUN,2021,4.73603648206102,5.706350208307,16.632,Other
Turkiye,TUR,2021,11.811094450607,19.5964926913324,11.969,Other
Tuvalu,TUV,2021,0.0,,,Other
Tanzania,TZA,2021,4.32138429480482,3.69091958802199,1.876,Africa
Uganda,UGA,2021,3.53658034070898,2.20457204757414,3.416,Other
Ukraine,UKR,2021,3.44562065945944,9.36313917695223,9.834,Europe
Uruguay,URY,2021,5.84427325018082,7.74791402314762,9.328,Americas
United States,USA,2021,6.15202247867526,4.69785886363742,5.349,Americas
Uzbekistan,UZB,2021,8.20448512353877,10.8492397508122,5.364,Asia
St. Vincent and the Grenadines,VCT,2021,2.09340124465459,1.57272932500558,20.356,Other
"Venezuela, RB",VEN,2021,0.625000000000014,,7.027,Americas
Virgin Islands (U.S.),VIR,2021,3.66760707873814,,13.508,Other
Viet Nam,VNM,2021,2.55372852648131,1.83471554810462,2.383,Asia
Vanuatu,VUT,2021,-1.16332488626091,2.34328358208953,4.776,Oceania
Samoa,WSM,2021,-5.04350589708287,3.13320473174494,6.664,Oceania
Kosovo,XKX,2021,10.7456560819583,3.35369139207997,,Other
"Yemen, Rep.",YEM,2021,,,18.312,Middle East
South Africa,ZAF,2021,4.85864865060148,4.61874544887136,34.007,Africa
Zambia,ZMB,2021,6.23492204726448,22.0207676245777,5.197,Other
Zimbabwe,ZWE,2021,8.46801676808001,98.5461050920624,9.54,Other
Aruba,ABW,2022,10.6079607621246,,,Other
Afghanistan,AFG,2022,-6.24017199240269,13.7121023720065,14.1,Asia
Angola,AGO,2022,3.55749206675667,21.3552901320822,14.124,Africa
Albania,ALB,2022,4.8268006234359,6.72520271530059,10.785,Other
Andorra,AND,2022,9.56461225648184,,,Other
United Arab Emirates,ARE,2022,7.51452414254605,5.29122604376849,2.872,Middle East
Argentina,ARG,2022,6.02074537534855,72.430757531824,6.805,Americas
Armenia,ARM,2022,12.5999999997766,8.64091108973855,13.451,Other
American Samoa,ASM,2022,1.73501577287065,,,Other
Antigua and Barbuda,ATG,2022,8.49776342254205,7.53107834634288,,Other
Australia,AUS,2022,4.25304559238732,6.59409658717841,3.728,Oceania
Austria,AUT,2022,5.33096379400371,8.54686993188458,4.992,Europe
Azerbaijan,AZE,2022,4.71468033247649,13.8522590144267,5.65,Other
Burundi,BDI,2022,2.31770122350822,18.8008786664945,0.909,Other
Belgium,BEL,2022,4.02460852835887,9.597511728725,5.57,Europe
Benin,BEN,2022,6.25294705373625,1.35077863583527,1.685,Other
Burkina Faso,BFA,2022,1.62673258211919,14.2902354303358,3.828,Africa
Bangladesh,BGD,2022,7.09982877575158,7.69695437176898,4.593,Asia
Bulgaria,BGR,2022,4.08386398118941,15.3252589264367,4.148,Other
Bahrain,BHR,2022,6.18016125475185,3.62574104304482,1.265,Middle East
"Bahamas, The",BHS,2022,10.8779009410268,5.60540633583044,9.25,Other
Bosnia and Herzegovina,BIH,2022,4.22681333390325,14.0208440826771,12.657,Other
Belarus,BLR,2022,-4.65839591328999,15.209675274081,3.574,Other
Belize,BLZ,2022,9.25051329530994,6.27689319447544,8.682,Other
Bermuda,BMU,2022,6.25695521240877,,,Other
Bolivia,BOL,2022,3.74741781241461,1.74632872945969,3.552,Americas
Brazil,BRA,2022,3.01669435393015,9.28010608956873,9.231,Americas
Barbados,BRB,2022,15.9453206225473,,7.261,Other
Brunei Darussalam,BRN,2022,-1.62833154515108,3.68225030604216,5.191,Other
Bhutan,BTN,2022,5.21386783786224,5.6391667139637,5.947,Other
Botswana,BWA,2022,5.48601706446772,11.665567478802,23.615,Other
Central African Republic,CAF,2022,0.453901876447787,5.58316735183247,6.287,Other
Canada,CAN,2022,4.69541985045903,6.80280115341613,5.279,Other
Switzerland,CHE,2022,3.53430286842426,2.83502798644451,4.122,Europe
Channel Islands,CHI,2022,5.34196140375869,,5.923,Other
Chile,CHL,2022,2.06391864254198,11.643866711056,8.249,Americas
China,CHN,2022,3.13385438394069,1.97357555739051,4.98,Asia
Cote d'Ivoire,CIV,2022,6.39988362730921,5.23352856100843,2.31,Africa
Cameroon,CMR,2022,3.7367840056412,6.24767713343861,3.646,Africa
"Congo, Dem. Rep.",COD,2022,9.31116944064918,,4.54,Other
"Congo, Rep.",COG,2022,1.47535613247133,3.04344334698478,20.131,Other
Colombia,COL,2022,7.32827729427979,10.1772313546166,10.541,Americas
Comoros,COM,2022,2.45381174550259,12.5320314570999,3.879,Other
Cabo Verde,CPV,2022,15.843675684642,7.93092925430087,12.239,Other
Costa Rica,CRI,2022,5.46119455235068,8.27477490232654,11.325,Americas
Cuba,CUB,2022,1.77465227724316,,1.829,Americas
Curacao,CUW,2022,6.90600055461097,,,Other
Cayman Islands,CYM,2022,5.66079366938135,,,Other
Cyprus,CYP,2022,8.73854684881674,8.39548297993334,6.806,Other
Czechia,CZE,2022,2.8471706583814,15.1001651468371,2.224,Europe
Germany,DEU,2022,1.8092581243061,6.87257438551097,3.137,Europe
Djibouti,DJI,2022,5.16653702854374,5.17222088647606,26.272,Other
Dominica,DMA,2022,10.3968076616121,2.88490226829353,,Other
Denmark,DNK,2022,0.443832614908331,7.6965669988926,4.434,Europe
Dominican Republic,DOM,2022,5.23795652902595,8.81109209279587,5.504,Americas
Algeria,DZA,2022,3.60000000094915,9.26551551551553,12.382,Africa
Ecuador,ECU,2022,5.86842354862311,3.46616972213077,3.713,Americas
"Egypt, Arab Rep.",EGY,2022,6.58784560870467,13.8956609775178,6.546,Africa
Eritrea,ERI,2022,,,6.033,Other
Spain,ESP,2022,6.37031712129601,8.39057634118637,13.033,Europe
Estonia,EST,2022,-1.22616966587796,19.3982634080616,5.571,Other
Ethiopia,ETH,2022,5.32175988485454,33.8898797100898,3.386,Africa
Finland,FIN,2022,0.763041912763526,7.12350773301412,6.719,Europe
Fiji,FJI,2022,17.7451269773594,6.07882431529725,5.403,Oceania
France,FRA,2022,2.71676264185913,5.22236748369725,7.303,Europe
Faroe Islands,FRO,2022,3.86099981669155,,,Other
"Micronesia, Fed. Sts.",FSM,2022,-3.11412501063803,5.40874375479067,,Oceania
Gabon,GAB,2022,3.03761449525692,4.23124798274579,20.319,Other
United Kingdom,GBR,2022,5.14970388522993,7.92204883147902,3.768,Europe
Georgia,GEO,2022,10.9585321385624,11.8981654203198,11.621,Other
Ghana,GHA,2022,3.80484978178042,31.2558951049016,2.87,Africa
Guinea,GIN,2022,3.97240784200721,10.4930409984424,5.174,Africa
"Gambia, The",GMB,2022,5.49299823010114,11.5131198380505,6.067,Other
Guinea-Bissau,GNB,2022,5.45776090019501,9.39075933985203,2.666,Other
Equatorial Guinea,GNQ,2022,3.22350831658598,4.78671704710803,8.334,Other
Greece,GRC,2022,5.52198580589408,9.64525981280632,12.426,Europe
Grenada,GRD,2022,7.31023806981959,2.5805392590792,,Other
Greenland,GRL,2022,2.00455580865604,,,Other
Guatemala,GTM,2022,4.15492196609047,6.88512823344287,3.051,Americas
Guam,GUM,2022,5.09986426216793,,5.383,Other
Guyana,GUY,2022,63.3346343654855,6.93346066500816,11.907,Other
"Hong Kong SAR, China",HKG,2022,-3.68528359281325,1.88136707196853,4.318,Other
Honduras,HND,2022,4.14356194013767,9.08963911525032,8.774,Americas
Croatia,HRV,2022,7.29479114889533,10.7805806758686,6.811,Other
Haiti,HTI,2022,-1.68198396897978,33.98393194707,14.54,Other
Hungary,HUN,2022,4.15238057779229,14.6081439492433,3.583,Europe
Indonesia,IDN,2022,5.30719722664799,4.20946463714784,3.462,Asia
Isle of Man,IMN,2022,-4.16847722466753,,,Other
India,IND,2022,7.6093649776932,6.69903414079858,4.822,Asia
Ireland,IRL,2022,7.51113888415304,7.82945736434105,4.465,Other
"Iran, Islamic Rep.",IRN,2022,4.35281087521344,43.4884641742179,9.085,Middle East
Iraq,IRQ,2022,7.95904804990212,4.9947659638103,15.41,Middle East
Iceland,ISL,2022,8.85729897856851,8.30875511558912,3.789,Other
Israel,ISR,2022,6.36407234798706,4.41162725488371,3.695,Middle East
Italy,ITA,2022,4.82117669913565,8.20128991161718,8.069,Europe
Jamaica,JAM,2022,6.43930323656186,10.3495688391272,4.083,Other
Jordan,JOR,2022,2.7468615450031,4.22915568897117,18.2,Middle East
Japan,JPN,2022,1.33164750653741,2.49770278172255,2.614,Asia
Kazakhstan,KAZ,2022,3.19999999970734,15.0278644440851,4.86,Asia
Kenya,KEN,2022,4.85998104287999,7.65986268272224,5.565,Africa
Kyrgyz Republic,KGZ,2022,8.96750520041391,13.9229093174176,4.767,Other
Cambodia,KHM,2022,5.12990110773977,5.34370264895437,0.245,Asia
Kiribati,KIR,2022,5.08982035928143,5.34595440908904,,Oceania
St. Kitts and Nevis,KNA,2022,10.4804941546807,2.66817533111249,,Other
"Korea, Rep.",KOR,2022,2.72756456708991,5.08951365062842,2.857,Asia
Kuwait,KWT,2022,6.75866711966617,3.98064961990313,2.133,Middle East
Lao PDR,LAO,2022,2.70742652643155,22.9562225132056,1.209,Other
Lebanon,LBN,2022,-0.621678970663112,171.205491336641,11.105,Middle East
Liberia,LBR,2022,4.80810517290655,7.59298486560313,2.956,Other
Libya,LBY,2022,-8.29981811198795,4.51030149235695,19.238,Other
St. Lucia,LCA,2022,19.3456795355342,9.65268564265764,15.934,Other
Sri Lanka,LKA,2022,-7.34919311146656,49.7211021114327,4.528,Asia
Lesotho,LSO,2022,2.38778020186284,8.27180389943028,16.623,Other
Lithuania,LTU,2022,2.46532013155011,19.7050461518394,5.955,Other
Luxembourg,LUX,2022,-1.09741256293819,6.33600807777919,4.588,Other
Latvia,LVA,2022,1.90853419029801,17.3102830198815,6.815,Other
"Macao SAR, China",MAC,2022,-18.956941494497,1.04502802369954,2.446,Other
Morocco,MAR,2022,1.81269242194809,6.65704202759067,9.413,Africa
Monaco,MCO,2022,11.2662955198601,,,Other
Moldova,MDA,2022,-4.64785101037361,28.7372976766236,0.909,Other
Madagascar,MDG,2022,4.13753534956307,8.16059031991844,3.186,Africa
Maldives,MDV,2022,13.8260895184139,2.3305404647725,4.303,Other
Mexico,MEX,2022,3.70975708309098,7.8962761916855,3.256,Americas
Marshall Islands,MHL,2022,-0.700580183196621,,,Other
North Macedonia,MKD,2022,2.75888415332967,14.2047173195833,14.476,Other
Mali,MLI,2022,3.70319027585386,9.62147608489064,2.387,Africa
Malta,MLT,2022,2.59276776884379,6.15375621933037,3.471,Other
Myanmar,MMR,2022,4.0374934360085,,3.063,Asia
Montenegro,MNE,2022,7.73954689516201,13.0403036347004,14.851,Other
Mongolia,MNG,2022,5.0327096366527,15.1509728200805,5.954,Asia
Northern Mariana Islands,MNP,2022,16.6427546628408,,,Other
Mozambique,MOZ,2022,4.3693080193804,10.2794018093421,6.789,Africa
Mauritania,MRT,2022,6.7960049994761,9.52526628622843,10.52,Other
Mauritius,MUS,2022,8.3424438025047,10.7737512242899,6.322,Other
Malawi,MWI,2022,0.921115069005936,20.953969729969,5.02,Other
Malaysia,MYS,2022,9.03173723044451,3.37869862549928,3.93,Asia
Namibia,NAM,2022,5.3987247803654,6.08128114112413,19.615,Other
New Caledonia,NCL,2022,3.50000000289097,,10.71,Other
Niger,NER,2022,12.2215497467041,4.22621791916392,0.403,Africa
Nigeria,NGA,2022,4.31882949157136,18.8471877843274,3.827,Africa
Nicaragua,NIC,2022,3.55027477135765,10.4674244465991,4.969,Americas
Netherlands,NLD,2022,5.00723453395074,10.0012078753473,3.526,Europe
Norway,NOR,2022,4.08039770659241,5.76412317852272,3.231,Europe
Nepal,NPL,2022,5.6313145568451,7.6702057938028,10.661,Asia
Naoero,NRU,2022,0.0,,,Other
New Zealand,NZL,2022,3.34521847792682,7.17222476016441,3.299,Oceania
Oman,OMN,2022,7.98570728354278,2.5061425061425,3.3,Middle East
Pakistan,PAK,2022,4.7781068690358,19.8738599646655,5.291,Asia
Panama,PAN,2022,11.0386022908773,2.85965128834711,8.086,Americas
Peru,PER,2022,2.81819976419922,8.33370630096231,4.291,Americas
Philippines,PHL,2022,7.58098212785563,5.82115811213955,2.598,Asia
Palau,PLW,2022,-0.462879543823192,12.3526638378124,,Other
Papua New Guinea,PNG,2022,5.70701964996525,5.25323922215241,2.689,Oceania
Poland,POL,2022,5.25545697386036,14.4294507575758,2.811,Europe
Puerto Rico (US),PRI,2022,2.95709565499587,,6.0,Other
"Korea, Dem. People's Rep.",PRK,2022,,,3.457,Other
Portugal,PRT,2022,6.98584137580278,7.83269124233323,6.138,Europe
Paraguay,PRY,2022,-0.0280771723899278,9.76556667164402,6.755,Americas
West Bank and Gaza,PSE,2022,4.08276027347105,3.74122391852077,24.42,Other
French Polynesia,PYF,2022,2.9373470716322,,11.793,Other
Qatar,QAT,2022,4.18500970982862,4.99527553740761,0.13,Middle East
Romania,ROU,2022,4.18771305104109,13.7954887432521,5.614,Europe
Russian Federation,RUS,2022,-1.43537063467896,13.7436797398232,3.867,Other
Rwanda,RWA,2022,9.82497394651698,17.6892095588153,15.084,Africa
Saudi Arabia,SAU,2022,12.0005874752929,2.47407371925372,5.589,Middle East
Sudan,SDN,2022,-0.957816591119183,138.80846024176,7.53,Other
Senegal,SEN,2022,3.85043193752725,9.69681899081073,2.837,Africa
Singapore,SGP,2022,4.01027884472296,6.13095418919732,3.591,Other
Solomon Islands,SLB,2022,-2.58448361755723,5.51812928576938,1.475,Oceania
Sierra Leone,SLE,2022,5.3135546141915,27.2082883814653,3.137,Other
El Salvador,SLV,2022,2.9546041089332,7.19861615609867,2.999,Americas
San Marino,SMR,2022,7.89844678230362,5.32545321311365,,Other
"Somalia, Fed. Rep.",SOM,2022,2.71821202053759,,19.112,Other
Serbia,SRB,2022,2.70347705543654,11.9815117344703,8.439,Other
South Sudan,SSD,2022,,-6.68732094212668,12.475,Other
Sao Tome and Principe,STP,2022,0.168698492216564,18.0056351122841,8.964,Other
Suriname,SUR,2022,2.40622235601218,52.446027276241,7.973,Other
Slovak Republic,SVK,2022,0.544591632137454,12.7741463637611,6.143,Other
Slovenia,SVN,2022,2.66850555542486,8.83369886749452,4.011,Other
Sweden,SWE,2022,1.25543620445816,8.36929098869189,7.417,Europe
Eswatini,SWZ,2022,0.386070835562705,,36.472,Other
Sint Maarten (Dutch part),SXM,2022,13.9000012614164,,,Other
Seychelles,SYC,2022,9.88048366355446,2.6260363285129,,Other
Syrian Arab Republic,SYR,2022,-0.20247264200475,,13.245,Middle East
Turks and Caicos Islands,TCA,2022,14.0871234168153,,,Other
Chad,TCD,2022,4.12969897668356,5.78802687843616,1.081,Other
Togo,TGO,2022,6.29443692019429,7.96757361617945,1.965,Other
Thailand,THA,2022,2.63784213566305,6.07589952842433,0.94,Asia
Tajikistan,TJK,2022,8.00000033846364,,7.051,Asia
Turkmenistan,TKM,2022,6.23491365071671,,4.017,Other
Timor-Leste,TLS,2022,-20.5224802314812,7.00530945399787,1.537,Other
Tonga,TON,2022,-2.12854876486114,10.9713652903022,2.002,Oceania
Trinidad and Tobago,TTO,2022,0.86126082651883,5.82838638517959,4.383,Other
Tunisia,TUN,2022,2.75228761004381,8.30646124447623,15.3,Other
Turkiye,TUR,2022,5.44122511322401,72.3088359891207,10.465,Other
Tuvalu,TUV,2022,-10.9375,,,Other
Tanzania,TZA,2022,4.56600576430955,4.35027204269101,1.573,Africa
Uganda,UGA,2022,4.58802192181773,7.1957888597581,2.885,Other
Ukraine,UKR,2022,-28.7585842155085,20.1836366617478,,Europe
Uruguay,URY,2022,4.60623000920732,9.10437983075437,7.877,Americas
United States,USA,2022,2.52421385073222,8.00279982052121,3.65,Americas
Uzbekistan,UZB,2022,6.08592335737373,11.4466436998836,4.456,Asia
St. Vincent and the Grenadines,VCT,2022,3.1108330034352,5.66009779226552,19.277,Other
"Venezuela, RB",VEN,2022,8.07453416149069,,5.646,Americas
Virgin Islands (U.S.),VIR,2022,-1.31123206333498,,12.092,Other
Viet Nam,VNM,2022,8.53750041218142,3.15650749963112,1.57,Asia
Vanuatu,VUT,2022,5.59195729750803,6.67930581887121,5.077,Oceania
Samoa,WSM,2022,2.26705310780669,10.9618822286844,5.048,Oceania
Kosovo,XKX,2022,4.27849895827543,11.5805104542012,,Other
"Yemen, Rep.",YEM,2022,,,17.224,Middle East
South Africa,ZAF,2022,2.05813661692193,7.03987272546482,33.268,Africa
Zambia,ZMB,2022,5.21122360356247,10.9932039209136,5.993,Other
Zimbabwe,ZWE,2022,6.13926327570213,104.705170628667,10.087,Other
Aruba,ABW,2023,9.51636022347185,,,Other
Afghanistan,AFG,2023,2.26694373649188,-4.64470870797775,14.008,Asia
Angola,AGO,2023,1.32016587081031,13.6441017767715,14.051,Africa
Albania,ALB,2023,4.01541716935742,4.75834555150038,10.669,Other
Andorra,AND,2023,2.58355480961319,,,Other
United Arab Emirates,ARE,2023,4.30113648499413,1.62670837213248,2.151,Middle East
Argentina,ARG,2023,-1.85578803046339,133.488935594175,6.139,Americas
Armenia,ARM,2023,8.29999999959539,1.98041877615554,12.405,Other
Antigua and Barbuda,ATG,2023,3.86550160079324,5.06713865364213,,Other
Australia,AUS,2023,3.58382100798981,5.59701792296707,3.668,Oceania
Austria,AUT,2023,-0.786244288594673,7.81413417002831,5.264,Europe
Azerbaijan,AZE,2023,1.35447749115767,8.78543049849081,5.64,Other
Burundi,BDI,2023,3.25476897326196,26.9414835762453,0.911,Other
Belgium,BEL,2023,1.56125539542029,4.04901077613941,5.547,Europe
Benin,BEN,2023,6.3527773854442,2.73870078406075,1.641,Other
Burkina Faso,BFA,2023,3.00027415814125,0.742910428668918,3.601,Africa
Bangladesh,BGD,2023,5.77511237007889,9.8835030377921,3.352,Asia
Bulgaria,BGR,2023,1.68151075832925,9.44284140088564,4.319,Other
Bahrain,BHR,2023,3.87811614845566,0.0746206782192256,1.049,Middle East
"Bahamas, The",BHS,2023,3.04824180553773,3.05291578969743,8.645,Other
Bosnia and Herzegovina,BIH,2023,1.99439414850893,6.1059011284828,10.668,Other
Belarus,BLR,2023,4.12654007153881,5.0005990309131,3.461,Other
Belize,BLZ,2023,0.500127941638667,4.38984017487675,8.278,Other
Bermuda,BMU,2023,4.33447280353832,,,Other
Bolivia,BOL,2023,2.51636590154891,2.57688800489192,3.024,Americas
Brazil,BRA,2023,3.24165532906981,4.59356282283204,7.947,Americas
Barbados,BRB,2023,1.81419817804516,3.18718905472632,6.54,Other
Brunei Darussalam,BRN,2023,1.12764418162719,0.35706431153689,5.296,Other
Bhutan,BTN,2023,4.63215702969933,4.22934419929251,3.126,Other
Botswana,BWA,2023,3.20806812224438,5.0676154934383,23.381,Other
Central African Republic,CAF,2023,0.69996840076054,2.97913852618937,6.181,Other
Canada,CAN,2023,1.95308552199025,3.87900159788426,5.415,Other
Switzerland,CHE,2023,0.825560934124624,2.13540088016387,4.043,Europe
Channel Islands,CHI,2023,3.71500590367266,,5.928,Other
Chile,CHL,2023,0.677024831595858,7.58168251407962,9.013,Americas
China,CHN,2023,5.41600334492955,0.234836828893051,4.67,Asia
Cote d'Ivoire,CIV,2023,6.60000045209176,4.36972254867474,2.263,Africa
Cameroon,CMR,2023,3.34756290750219,7.38281384280984,3.607,Africa
"Congo, Dem. Rep.",COD,2023,8.5334898318451,,4.469,Other
"Congo, Rep.",COG,2023,1.90686426346754,4.30174563591016,19.919,Other
Colombia,COL,2023,0.841819555752039,11.7359044948689,9.591,Americas
Comoros,COM,2023,3.1866131800554,8.37373955490996,3.833,Other
Cabo Verde,CPV,2023,4.7947613911073,3.72437517668748,11.882,Other
Costa Rica,CRI,2023,4.79187732359398,0.525193508693455,8.325,Americas
Cuba,CUB,2023,-1.92937123169681,,1.73,Americas
Curacao,CUW,2023,4.20199929761131,,,Other
Cayman Islands,CYM,2023,5.80436961198644,,,Other
Cyprus,CYP,2023,3.62045368236082,3.54134188751646,5.835,Other
Czechia,CZE,2023,0.0475803308973752,10.6612601372427,2.579,Europe
Germany,DEU,2023,-0.869647578573321,5.94643667725823,3.071,Europe
Djibouti,DJI,2023,6.80733529403308,1.44905087029086,26.074,Other
Dominica,DMA,2023,3.65221012208734,5.08677483158112,,Other
Denmark,DNK,2023,0.604587766175584,3.30517811237606,5.094,Europe
Dominican Republic,DOM,2023,2.19229848237939,4.78561281021135,5.555,Americas
Algeria,DZA,2023,4.10000000005964,9.32217375928322,11.645,Africa
Ecuador,ECU,2023,1.8328406107788,2.21568764237058,3.51,Americas
"Egypt, Arab Rep.",EGY,2023,3.76028052279247,33.8847763115546,6.753,Africa
Eritrea,ERI,2023,,,5.909,Other
Spain,ESP,2023,2.46085796805582,3.53236133492433,12.179,Europe
Estonia,EST,2023,-2.74421914571231,9.15922507983982,6.378,Other
Ethiopia,ETH,2023,6.59424599054353,30.2188278135278,3.375,Africa
Finland,FIN,2023,-1.28973484453397,6.25064322154763,7.149,Europe
Fiji,FJI,2023,9.44245856738313,2.97544080604539,5.316,Oceania
France,FRA,2023,1.43921494437743,4.8783572650844,7.335,Europe
Faroe Islands,FRO,2023,3.15873872329266,,,Other
"Micronesia, Fed. Sts.",FSM,2023,1.13097800090873,,,Oceania
Gabon,GAB,2023,2.43893665041031,3.62901534185376,20.161,Other
United Kingdom,GBR,2023,0.271650048355255,6.79396706793963,4.025,Europe
Georgia,GEO,2023,7.83220126555726,2.48776056578715,11.549,Other
Ghana,GHA,2023,3.14009100080186,38.1069656296501,2.829,Africa
Guinea,GIN,2023,5.54172668627702,7.80497591927973,5.141,Africa
"Gambia, The",GMB,2023,5.91679576551141,16.9742129632327,6.479,Other
Guinea-Bissau,GNB,2023,4.63052364601562,7.10220928557059,2.632,Other
Equatorial Guinea,GNQ,2023,-7.4250553172124,2.85949506037322,8.218,Other
Greece,GRC,2023,2.13591131996631,3.46480128513405,11.023,Europe
Grenada,GRD,2023,4.52657497450693,2.69612269814564,,Other
Greenland,GRL,2023,0.865961986998158,,,Other
Guatemala,GTM,2023,3.52430434049013,6.20657592272126,2.344,Americas
Guam,GUM,2023,,,5.262,Other
Guyana,GUY,2023,33.795011115873,2.82159393090811,11.917,Other
"Hong Kong SAR, China",HKG,2023,3.15034461759902,2.09660511249089,2.949,Other
Honduras,HND,2023,3.57584760454412,6.66325180347463,6.07,Americas
Croatia,HRV,2023,3.76204092717136,7.94128177586822,6.121,Other
Haiti,HTI,2023,-1.86388420254838,36.8135162780854,14.459,Other
Hungary,HUN,2023,-0.817107370513455,17.1249659678737,4.096,Europe
Indonesia,IDN,2023,5.04883117855516,3.66938654859761,3.308,Asia
Isle of Man,IMN,2023,-2.03524496955581,,,Other
India,IND,2023,7.210224629335,5.64914318907925,4.172,Asia
Ireland,IRL,2023,-2.53637409313261,6.29942487419125,4.243,Other
"Iran, Islamic Rep.",IRN,2023,5.33235116079808,44.5791857572797,8.129,Middle East
Iraq,IRQ,2023,0.517705525140073,4.35835351089595,15.239,Middle East
Iceland,ISL,2023,5.0322597376242,8.73630299937298,3.518,Other
Israel,ISR,2023,2.06272504731618,4.22522603168918,3.371,Middle East
Italy,ITA,2023,0.922796543670316,5.62219442195901,7.627,Europe
Jamaica,JAM,2023,2.74634433906714,6.47413734662063,3.022,Other
Jordan,JOR,2023,3.12900102017251,2.08486986327134,16.62,Middle East
Japan,JPN,2023,0.720785304749811,3.26813365933163,2.6,Asia
Kazakhstan,KAZ,2023,5.09999999973641,14.5275597825952,4.835,Asia
Kenya,KEN,2023,5.71999241214208,7.67139634029402,5.409,Africa
Kyrgyz Republic,KGZ,2023,9.0132928339342,10.7532770416742,3.498,Other
Cambodia,KHM,2023,5.00733043811898,2.12746796594194,0.256,Asia
Kiribati,KIR,2023,3.13390313390313,9.28307374517721,,Oceania
St. Kitts and Nevis,KNA,2023,3.02127526129283,3.55711230848243,,Other
"Korea, Rep.",KOR,2023,1.58301467403629,3.5974562502901,2.675,Asia
Kuwait,KWT,2023,-1.64087799968877,3.64216403030709,2.08,Middle East
Lao PDR,LAO,2023,3.74568140158232,31.2301341732646,1.186,Other
Lebanon,LBN,2023,-0.760584470257314,221.341644023365,10.985,Middle East
Liberia,LBR,2023,4.68375688761311,10.0944535665552,2.905,Other
Libya,LBY,2023,10.2000497852517,2.3731753143518,18.713,Other
St. Lucia,LCA,2023,3.90774802925928,3.81914546156358,12.094,Other
Sri Lanka,LKA,2023,-2.0289296690344,16.5411742279832,4.528,Asia
Lesotho,LSO,2023,1.69433177608774,6.34221743124953,16.348,Other
Lithuania,LTU,2023,0.739537398185803,9.11731962390475,6.841,Other
Luxembourg,LUX,2023,0.0994370594039111,3.74140361983136,5.184,Other
Latvia,LVA,2023,-0.941606068823631,8.9380462331663,6.465,Other
"Macao SAR, China",MAC,2023,75.3084184293413,0.476384495788075,2.206,Other
Morocco,MAR,2023,3.65564411017931,6.09114152504141,8.896,Africa
Monaco,MCO,2023,5.44395088840088,,,Other
Moldova,MDA,2023,1.18802067937429,13.41701043813,1.57,Other
Madagascar,MDG,2023,4.23086580696344,9.87432675044888,3.044,Africa
Maldives,MDV,2023,4.94286301229583,2.90372427754586,4.019,Other
Mexico,MEX,2023,3.1067964131456,5.52796087314389,2.765,Americas
Marshall Islands,MHL,2023,-5.39477377525279,,,Other
North Macedonia,MKD,2023,2.554965253403,9.36187249769015,13.174,Other
Mali,MLI,2023,4.76394100040932,2.05880228274223,2.947,Africa
Malta,MLT,2023,10.6340558017004,5.09396758978883,3.479,Other
Myanmar,MMR,2023,0.958446625126115,,2.977,Asia
Montenegro,MNE,2023,6.47836283518564,8.58476910455403,13.146,Other
Mongolia,MNG,2023,7.4221127615025,10.347583131434,5.178,Asia
Mozambique,MOZ,2023,5.50384456650241,7.12697482131851,6.661,Africa
Mauritania,MRT,2023,6.80949002457973,4.95305034506872,10.37,Other
Mauritius,MUS,2023,4.69918189687444,7.05298238454736,5.571,Other
Malawi,MWI,2023,1.94575281675984,28.7897428247298,5.009,Other
Malaysia,MYS,2023,3.5370638041057,2.48886560125754,3.858,Asia
Namibia,NAM,2023,4.32498048866805,5.87993463284275,19.154,Other
New Caledonia,NCL,2023,2.79999999603682,,10.922,Other
Niger,NER,2023,2.63516980401258,3.70097316425834,0.407,Africa
Nigeria,NGA,2023,3.31590368111438,24.659550203114,3.074,Africa
Nicaragua,NIC,2023,4.42779393186883,8.38765854872536,4.698,Americas
Netherlands,NLD,2023,-0.598061017580278,3.83839354342808,3.535,Europe
Norway,NOR,2023,0.352695581319765,5.51784987104659,3.574,Europe
Nepal,NPL,2023,1.98254843461849,7.11587261530826,10.437,Asia
Naoero,NRU,2023,-0.719424460431725,,,Other
New Zealand,NZL,2023,1.81389453412019,5.73316283034957,3.734,Oceania
Oman,OMN,2023,1.41401383200161,0.950782997762827,3.176,Middle East
Pakistan,PAK,2023,-0.414935997088406,30.7681280657005,5.237,Asia
Panama,PAN,2023,7.16634016390665,1.48641355277038,6.544,Americas
Peru,PER,2023,-0.350699814345759,6.45561348369586,4.899,Americas
Philippines,PHL,2023,5.51894967856043,5.97802515541409,2.2,Asia
Palau,PLW,2023,1.22284844405733,12.8199748216534,,Other
Papua New Guinea,PNG,2023,3.81046308333708,2.29869991296791,2.649,Oceania
Poland,POL,2023,0.249610834017872,11.5289127961105,2.743,Europe
Puerto Rico (US),PRI,2023,0.731492105366186,,5.725,Other
"Korea, Dem. People's Rep.",PRK,2023,,,3.463,Other
Portugal,PRT,2023,3.09998745904281,4.31128191898681,6.498,Europe
Paraguay,PRY,2023,5.28584584975323,4.63202285403356,5.794,Americas
West Bank and Gaza,PSE,2023,-0.97217780620403,5.87110177678988,,Other
French Polynesia,PYF,2023,2.77284077155413,,11.613,Other
Qatar,QAT,2023,1.18715991623776,3.02764899198902,0.13,Middle East
Romania,ROU,2023,2.25773416555121,10.3971874764996,5.589,Europe
Russian Federation,RUS,2023,4.06661395813023,5.86571931748967,3.076,Other
Rwanda,RWA,2023,8.55964292914153,19.789546746467,12.352,Africa
Saudi Arabia,SAU,2023,0.542592439393161,2.32708518362706,4.008,Middle East
Sudan,SDN,2023,-29.4332716274387,,,Other
Senegal,SEN,2023,4.25743083300657,5.93947798773215,2.784,Africa
Singapore,SGP,2023,1.45026775889565,4.83372362825798,3.444,Other
Solomon Islands,SLB,2023,2.84111851154807,5.88585897042164,1.443,Oceania
Sierra Leone,SLE,2023,5.7100218981806,47.6428733253179,3.092,Other
El Salvador,SLV,2023,3.35508721646165,4.04554694222477,2.992,Americas
San Marino,SMR,2023,0.401932371532837,5.93190858629403,,Other
"Somalia, Fed. Rep.",SOM,2023,4.17524257571303,,18.96,Other
Serbia,SRB,2023,3.74793303561771,12.3719043552519,8.268,Other
South Sudan,SSD,2023,,2.38280434813754,12.374,Other
Sao Tome and Principe,STP,2023,0.372252775001456,21.2589138473,9.032,Other
Suriname,SUR,2023,2.41659215006946,51.5873159600861,7.699,Other
Slovak Republic,SVK,2023,2.11263633214959,10.5319476645211,5.843,Other
Slovenia,SVN,2023,2.3758326648385,7.44687717385846,3.652,Other
Sweden,SWE,2023,-0.204061304891439,8.5486248974891,7.611,Europe
Eswatini,SWZ,2023,3.53257662836211,,34.61,Other
Sint Maarten (Dutch part),SXM,2023,3.79999769985537,,,Other
Seychelles,SYC,2023,5.17980996672414,-1.03530088431952,,Other
Syrian Arab Republic,SYR,2023,,,13.27,Middle East
Turks and Caicos Islands,TCA,2023,13.7311481139228,,,Other
Chad,TCD,2023,3.99861309461539,10.8363568399843,1.059,Other
Togo,TGO,2023,6.19762969378132,5.48928568141131,1.942,Other
Thailand,THA,2023,2.24883437970568,1.22908986612448,0.733,Asia
Tajikistan,TJK,2023,8.29999921651935,,7.037,Asia
Turkmenistan,TKM,2023,6.31879850268643,,4.007,Other
Timor-Leste,TLS,2023,-18.1359049134472,8.42035103310377,1.525,Other
Tonga,TON,2023,2.79014715494606,6.35112980255182,1.652,Oceania
Trinidad and Tobago,TTO,2023,1.46645947294053,4.62930242419968,3.361,Other
Tunisia,TUN,2023,0.184015548469745,9.32899597507865,15.106,Other
Turkiye,TUR,2023,5.04512369812289,53.8594087593315,9.388,Other
Tuvalu,TUV,2023,3.50877192982458,,,Other
Tanzania,TZA,2023,5.06952353203394,3.79923291384916,1.565,Africa
Uganda,UGA,2023,5.33697295511469,5.35094804280395,2.754,Other
Ukraine,UKR,2023,5.53473354963334,12.8490222828559,,Europe
Uruguay,URY,2023,0.761749241321681,5.86910359896119,8.355,Americas
United States,USA,2023,2.93436322440155,4.11633838374488,3.638,Americas
Uzbekistan,UZB,2023,6.31603004201926,9.95659071258018,4.434,Asia
St. Vincent and the Grenadines,VCT,2023,5.32636472098717,4.56457719814894,18.348,Other
"Venezuela, RB",VEN,2023,4.02298850574712,,5.407,Americas
Virgin Islands (U.S.),VIR,2023,,,11.358,Other
Viet Nam,VNM,2023,4.97865959483225,3.25289282667662,1.645,Asia
Vanuatu,VUT,2023,5.82973013269719,11.1825017088175,5.011,Oceania
Samoa,WSM,2023,15.233606465518,7.92164684826777,4.92,Oceania
Kosovo,XKX,2023,4.06762701436438,4.94432438791283,,Other
"Yemen, Rep.",YEM,2023,,,16.944,Middle East
South Africa,ZAF,2023,0.80610455095804,6.0752438457966,32.098,Africa
Zambia,ZMB,2023,5.36794285493059,10.884531691282,5.861,Other
Zimbabwe,ZWE,2023,5.3508687909833,,9.348,Other
Aruba,ABW,2024,6.81077669324554,,,Other
Afghanistan,AFG,2024,1.87319280045979,-6.60118564073726,13.687,Asia
Angola,AGO,2024,4.95267860425956,28.2404948915772,14.02,Africa
Albania,ALB,2024,4.04592845095348,2.21587375089992,10.689,Other
Andorra,AND,2024,3.8491605039052,,,Other
United Arab Emirates,ARE,2024,3.99181200361831,1.66336510224894,2.16,Middle East
Argentina,ARG,2024,-1.34293072157739,219.883929014578,7.15,Americas
Armenia,ARM,2024,5.90000000046228,0.269511978259125,12.405,Other
Antigua and Barbuda,ATG,2024,2.54044193946544,6.19886698842116,,Other
Australia,AUS,2024,1.37340773365975,3.16656665428797,3.942,Oceania
Austria,AUT,2024,-0.659089573171372,2.93791574279376,5.2,Europe
Azerbaijan,AZE,2024,4.15806800428062,2.21217188919901,5.648,Other
Burundi,BDI,2024,4.11227376394912,20.2124925027847,0.915,Other
Belgium,BEL,2024,1.09775383828703,3.14349136500041,5.7,Europe
Benin,BEN,2024,7.45311566226201,1.16093089640415,1.637,Other
Burkina Faso,BFA,2024,4.83395810163883,4.19081721344523,3.441,Africa
Bangladesh,BGD,2024,4.22325911250161,10.4657482763412,3.635,Asia
Bulgaria,BGR,2024,3.38708962009333,2.44651943006079,4.2,Other
Bahrain,BHR,2024,2.89710543153512,0.919635459817651,1.084,Middle East
"Bahamas, The",BHS,2024,3.37866553336166,0.409162489083286,9.049,Other
Bosnia and Herzegovina,BIH,2024,3.22679979810856,,10.69,Other
Belarus,BLR,2024,4.34999638140579,5.78531910428005,3.458,Other
Belize,BLZ,2024,3.50466435023895,3.28955985952768,8.698,Other
Bermuda,BMU,2024,1.88822861970388,,,Other
Bolivia,BOL,2024,-1.12335595517212,5.09976568317427,3.274,Americas
Brazil,BRA,2024,3.41931516501906,4.36746407652337,6.801,Americas
Barbados,BRB,2024,3.3669492581395,1.4464366430616,6.448,Other
Brunei Darussalam,BRN,2024,4.05251709306727,-0.388674165036461,5.18,Other
Bhutan,BTN,2024,7.49856206754038,2.76131569624098,3.282,Other
Botswana,BWA,2024,-2.77988981666252,2.81835131676251,23.81,Other
Central African Republic,CAF,2024,1.49999999847535,1.47733600718744,6.253,Other
Canada,CAN,2024,2.04626605401701,2.38158383281173,6.351,Other
Switzerland,CHE,2024,1.39033363875791,1.06234041976595,4.343,Europe
Channel Islands,CHI,2024,,,6.031,Other
Chile,CHL,2024,2.80512637106611,4.29763891572524,8.718,Americas
China,CHN,2024,4.95830378788091,0.218128938439177,4.59,Asia
Cote d'Ivoire,CIV,2024,6.0195346193922,3.45053028131019,2.273,Africa
Cameroon,CMR,2024,3.52472308052245,4.53331349711606,3.603,Africa
"Congo, Dem. Rep.",COD,2024,6.1025294442863,,4.421,Other
"Congo, Rep.",COG,2024,2.09998918002519,3.09143630919166,19.895,Other
Colombia,COL,2024,1.49330728771066,6.60908593728228,9.619,Americas
Comoros,COM,2024,3.30071498500033,5.05192609588218,3.815,Other
Cabo Verde,CPV,2024,6.98888280991075,1.04817001091965,11.883,Other
Costa Rica,CRI,2024,4.08292444182048,-0.412853001047069,6.936,Americas
Cuba,CUB,2024,-1.06173273220524,,1.755,Americas
Curacao,CUW,2024,5.02690015475606,,,Other
Cayman Islands,CYM,2024,3.75641197192778,,,Other
Cyprus,CYP,2024,3.94076934447787,1.80023018624824,4.9,Other
Czechia,CZE,2024,1.25131096245923,2.43531202435314,2.6,Europe
Germany,DEU,2024,-0.495851897260366,2.2564981433876,3.4,Europe
Djibouti,DJI,2024,6.98048467276334,2.1120116728497,26.007,Other
Dominica,DMA,2024,2.052738472526,2.73620751873313,,Other
Denmark,DNK,2024,3.47783593140312,1.37220049768926,5.358,Europe
Dominican Republic,DOM,2024,4.95352204492849,3.30223338951227,5.312,Americas
Algeria,DZA,2024,3.69999999907979,4.04611455313434,11.655,Africa
Ecuador,ECU,2024,-1.94409022506859,1.54732515615369,3.453,Americas
"Egypt, Arab Rep.",EGY,2024,2.3991692678251,28.2705899322083,6.817,Africa
Eritrea,ERI,2024,,,5.947,Other
Spain,ESP,2024,3.45525405630191,2.747147886618,11.4,Europe
Estonia,EST,2024,-0.0900428648493801,3.5194118998392,7.6,Other
Ethiopia,ETH,2024,7.61277447616879,21.0377460577711,3.357,Africa
Finland,FIN,2024,0.374566568538427,1.56568906231616,8.4,Europe
Fiji,FJI,2024,3.53085896076352,3.89084237884105,5.361,Oceania
France,FRA,2024,1.19046798275883,1.99904942291463,7.4,Europe
Faroe Islands,FRO,2024,0.843716851362103,,,Other
"Micronesia, Fed. Sts.",FSM,2024,2.30132923576443,,,Oceania
Gabon,GAB,2024,3.39403899521831,1.17311998381218,20.091,Other
United Kingdom,GBR,2024,1.08027716858781,3.2715729463592,4.361,Europe
Georgia,GEO,2024,9.67979379712661,1.10971758022096,11.557,Other
Ghana,GHA,2024,5.84746854280382,22.8483281157842,2.82,Africa
Guinea,GIN,2024,5.35004659049265,8.12313914948596,5.132,Africa
"Gambia, The",GMB,2024,5.55126065805138,11.5610532897511,6.48,Other
Guinea-Bissau,GNB,2024,4.40920107183611,3.76555825770114,2.647,Other
Equatorial Guinea,GNQ,2024,0.39622552095193,2.92140227309103,8.293,Other
Greece,GRC,2024,2.0865743380603,2.74101875679486,10.02,Europe
Grenada,GRD,2024,2.3996478454327,1.08615365134737,,Other
Guatemala,GTM,2024,3.71558453779777,2.86992752918294,2.613,Americas
Guam,GUM,2024,,,5.252,Other
Guyana,GUY,2024,43.8192726391966,2.90379501424778,11.874,Other
"Hong Kong SAR, China",HKG,2024,2.62936861207362,1.72972119105914,2.988,Other
Honduras,HND,2024,3.63240745450875,4.60621098127101,4.91,Americas
Croatia,HRV,2024,3.82578440126859,2.97200477643626,5.0,Other
Haiti,HTI,2024,-4.18495104762965,26.9490564091987,14.609,Other
Hungary,HUN,2024,0.709070599066038,3.70370370370369,4.5,Europe
Indonesia,IDN,2024,5.03257477088519,2.18151273615189,3.301,Asia
India,IND,2024,7.09927893176518,4.95303550973661,4.173,Asia
Ireland,IRL,2024,2.59946721553708,2.11344999577317,4.3,Other
"Iran, Islamic Rep.",IRN,2024,3.66312057949303,32.455871402917,8.146,Middle East
Iraq,IRQ,2024,-1.54525198319173,2.6116961151764,15.293,Middle East
Iceland,ISL,2024,-1.2828764442695,5.85683849970072,3.6,Other
Israel,ISR,2024,0.953618469238535,3.07480889805025,3.595,Middle East
Italy,ITA,2024,0.783039135276795,0.982373023061417,6.5,Europe
Jamaica,JAM,2024,-0.535039063867487,5.41194447981659,3.151,Other
Jordan,JOR,2024,2.55605891810194,1.55659611283953,16.693,Middle East
Japan,JPN,2024,-0.240084236041696,2.73853681635241,2.5,Asia
Kazakhstan,KAZ,2024,4.99999999996936,8.69082156104494,4.833,Asia
Kenya,KEN,2024,4.66019594571891,4.48978854243448,5.487,Africa
Kyrgyz Republic,KGZ,2024,11.5397119406559,4.99760701207323,3.491,Other
Cambodia,KHM,2024,6.0158145735202,0.808042016536654,0.254,Asia
Kiribati,KIR,2024,4.69613259668509,2.45545072159028,,Oceania
St. Kitts and Nevis,KNA,2024,0.312226855858171,,,Other
"Korea, Rep.",KOR,2024,2.00361101838986,2.32174328643542,2.784,Asia
Kuwait,KWT,2024,-1.47401818168846,2.89855072463762,2.151,Middle East
Lao PDR,LAO,2024,4.13019264438475,23.1305695942588,1.174,Other
Lebanon,LBN,2024,-7.07989192861814,45.2430422716718,,Middle East
Liberia,LBR,2024,4.02185464964835,8.21497439118964,2.914,Other
Libya,LBY,2024,1.89995052025442,2.12615766885021,19.085,Other
St. Lucia,LCA,2024,4.76890217855616,-0.674240853418779,10.199,Other
Sri Lanka,LKA,2024,4.99241614398109,-0.42936004906973,4.239,Asia
Lesotho,LSO,2024,5.22503380336101,6.10544624245032,16.34,Other
Lithuania,LTU,2024,3.03019543767596,0.715735835228723,6.851,Other
Luxembourg,LUX,2024,0.358614003982225,2.05113269954859,6.4,Other
Latvia,LVA,2024,-0.0370556648288982,1.26579885828729,6.9,Other
"Macao SAR, China",MAC,2024,7.84960207010525,0.672498598854365,2.262,Other
Morocco,MAR,2024,3.79336515978963,0.985256592004507,9.103,Africa
Monaco,MCO,2024,8.51053758860212,,,Other
Moldova,MDA,2024,0.270670455512573,4.67773516007048,1.427,Other
Madagascar,MDG,2024,4.32283728087992,7.61335784313723,3.051,Africa
Maldives,MDV,2024,3.49440422654285,1.41093527910134,4.278,Other
Mexico,MEX,2024,1.35057631384696,4.72225588452932,2.678,Americas
Marshall Islands,MHL,2024,3.30188679245282,,,Other
North Macedonia,MKD,2024,2.99373536567732,3.48974086026954,12.265,Other
Mali,MLI,2024,5.01653579205785,3.2063986409966,2.924,Africa
Malta,MLT,2024,6.21275996991034,1.65079469283109,3.1,Other
Myanmar,MMR,2024,-0.97204641363362,,2.887,Asia
Montenegro,MNE,2024,3.16409886329913,3.33675009282281,13.206,Other
Mongolia,MNG,2024,5.12204539122661,6.1977990165842,5.158,Asia
Mozambique,MOZ,2024,2.14892499135355,4.07856834812022,6.668,Africa
Mauritania,MRT,2024,6.3076021190402,2.49164347481972,10.257,Other
Mauritius,MUS,2024,4.94844235250574,3.6045220384796,5.548,Other
Malawi,MWI,2024,1.6734340852915,32.1796504225025,5.051,Other
Malaysia,MYS,2024,5.10545921024041,1.834100204499,3.846,Asia
Namibia,NAM,2024,3.77851723267591,4.23903922877036,19.157,Other
New Caledonia,NCL,2024,-13.4999999989747,,10.991,Other
Niger,NER,2024,8.32327058280728,9.07151997725013,0.376,Africa
Nigeria,NGA,2024,4.07106650147703,33.2416590552749,3.045,Africa
Nicaragua,NIC,2024,3.58094495324541,4.62473841057141,4.98,Americas
Netherlands,NLD,2024,1.07383137319854,3.34754304219953,3.7,Europe
Norway,NOR,2024,1.42372134524737,3.14530134431081,4.0,Europe
Nepal,NPL,2024,3.67787459697703,4.6850965426577,10.5,Asia
Naoero,NRU,2024,1.44927536231899,,,Other
New Zealand,NZL,2024,-0.868722371893952,2.92279782301957,4.724,Oceania
Oman,OMN,2024,1.63163231397978,0.593589236248469,3.203,Middle East
Pakistan,PAK,2024,3.08176295579301,12.6325318530452,5.492,Asia
Panama,PAN,2024,2.74784148771307,0.69322555100446,8.451,Americas
Peru,PER,2024,3.5152749274832,2.00770739412712,5.199,Americas
Philippines,PHL,2024,5.71474526128652,3.21260487006347,2.202,Asia
Palau,PLW,2024,12.0059720184866,2.23172772921704,,Other
Papua New Guinea,PNG,2024,3.88795324667848,0.602403921107917,2.625,Oceania
Poland,POL,2024,3.02841630700273,3.79060897630197,2.807,Europe
Puerto Rico (US),PRI,2024,3.17707554784896,,5.639,Other
"Korea, Dem. People's Rep.",PRK,2024,,,3.539,Other
Portugal,PRT,2024,2.21459232301109,2.41613187791876,6.5,Europe
Paraguay,PRY,2024,4.66914577981763,3.83540271728533,5.686,Americas
West Bank and Gaza,PSE,2024,-22.8573273913324,53.6691458303782,,Other
French Polynesia,PYF,2024,1.12638897730247,,11.613,Other
Qatar,QAT,2024,3.10963283242745,1.26734310292375,0.13,Middle East
Romania,ROU,2024,0.916003764382594,5.72140574354439,5.4,Europe
Russian Federation,RUS,2024,4.92167966203073,8.43486410496723,2.43,Other
Rwanda,RWA,2024,7.22717103344534,1.77029240198635,11.331,Africa
Saudi Arabia,SAU,2024,2.64893068308965,1.68792112375809,3.518,Middle East
Sudan,SDN,2024,-13.9643378424022,,,Other
Senegal,SEN,2024,6.46220577412338,0.804503298792438,2.788,Africa
Singapore,SGP,2024,5.3435120192366,2.38951123595017,2.737,Other
Solomon Islands,SLB,2024,2.99755987604104,4.32183948388033,1.444,Oceania
Sierra Leone,SLE,2024,4.29322334404611,28.6337500014115,3.103,Other
El Salvador,SLV,2024,2.5904637107794,0.853782292567288,3.261,Americas
San Marino,SMR,2024,,1.24216507945569,,Other
"Somalia, Fed. Rep.",SOM,2024,4.11139335779471,,18.949,Other
Serbia,SRB,2024,3.94992622592932,4.6705297488997,7.24,Other
South Sudan,SSD,2024,,91.4408220769046,,Other
Sao Tome and Principe,STP,2024,1.47888850952698,14.3519273571008,9.057,Other
Suriname,SUR,2024,1.72095749127065,16.2296159130279,7.621,Other
Slovak Republic,SVK,2024,1.93867445549446,2.75760909424279,5.3,Other
Slovenia,SVN,2024,1.73139722479493,1.96562656432505,3.7,Other
Sweden,SWE,2024,1.01779633304398,2.83581658224034,8.4,Europe
Eswatini,SWZ,2024,3.03162462475916,,34.643,Other
Sint Maarten (Dutch part),SXM,2024,3.00000089532888,,,Other
Seychelles,SYC,2024,3.34667429007052,0.311726050919668,,Other
Syrian Arab Republic,SYR,2024,,,13.359,Middle East
Turks and Caicos Islands,TCA,2024,5.63682517443362,,,Other
Chad,TCD,2024,4.95210484607125,8.89950732263754,1.053,Other
Togo,TGO,2024,6.52651376797853,2.86262074089801,1.948,Other
Thailand,THA,2024,2.94859986593323,0.398333333333422,0.781,Asia
Tajikistan,TJK,2024,8.39999980983981,,7.041,Asia
Turkmenistan,TKM,2024,6.28235647996578,,4.02,Other
Timor-Leste,TLS,2024,-9.10069289810397,2.06284153005468,1.523,Other
Tonga,TON,2024,1.71653807667747,3.18188924237472,1.965,Oceania
Trinidad and Tobago,TTO,2024,2.50920813979569,0.526884625776839,3.318,Other
Tunisia,TUN,2024,1.61444564976986,7.20661657168794,15.341,Other
Turkiye,TUR,2024,3.3276230893799,58.5064507300342,8.8,Other
Tuvalu,TUV,2024,3.38983050847457,,,Other
Tanzania,TZA,2024,5.5263138305945,3.05694676312373,1.557,Africa
Uganda,UGA,2024,6.05558075875589,3.32338033691819,2.74,Other
Ukraine,UKR,2024,3.24811808426423,6.50198464669254,,Europe
Uruguay,URY,2024,3.32575905957381,4.84914366613156,8.209,Americas
United States,USA,2024,2.79318715363841,2.94952520485207,4.022,Americas
Uzbekistan,UZB,2024,6.67618796188361,9.62825465956682,4.439,Asia
St. Vincent and the Grenadines,VCT,2024,4.06183490050209,3.62770736940927,18.093,Other
"Venezuela, RB",VEN,2024,5.52486187845305,,5.321,Americas
Virgin Islands (U.S.),VIR,2024,,,11.423,Other
Viet Nam,VNM,2024,7.03955197123018,3.62109273885844,1.602,Asia
Vanuatu,VUT,2024,3.76564827114278,1.14348948727412,4.988,Oceania
Samoa,WSM,2024,4.7483863916535,2.17245530514377,4.855,Oceania
Kosovo,XKX,2024,4.5730971681166,1.61944994559476,,Other
"Yemen, Rep.",YEM,2024,,,16.97,Middle East
South Africa,ZAF,2024,0.534843531905139,4.36115246518962,32.279,Africa
Zambia,ZMB,2024,3.82004825518591,14.9856262747939,5.898,Other
Zimbabwe,ZWE,2024,1.67649454921512,,9.435,Other
